2026-05-18 13:54:25 [STOQ] [restartedMain] INFO  com.Proyecto.stoq.StoqApplication - Starting StoqApplication using Java 25.0.2 with PID 5560 (C:\Proy_Taller\Stoq-backend\build\classes\java\main started by Harold in C:\Proy_Taller\Stoq-backend)
2026-05-18 13:54:25 [STOQ] [restartedMain] DEBUG com.Proyecto.stoq.StoqApplication - Running with Spring Boot v4.0.3, Spring v7.0.5
2026-05-18 13:54:25 [STOQ] [restartedMain] INFO  com.Proyecto.stoq.StoqApplication - No active profile set, falling back to 1 default profile: "default"
2026-05-18 13:54:25 [STOQ] [restartedMain] INFO  o.s.b.d.e.DevToolsPropertyDefaultsPostProcessor - Devtools property defaults active! Set 'spring.devtools.add-properties' to 'false' to disable
2026-05-18 13:54:25 [STOQ] [restartedMain] INFO  o.s.b.d.e.DevToolsPropertyDefaultsPostProcessor - For additional web related logging consider setting the 'logging.level.web' property to 'DEBUG'
2026-05-18 13:54:26 [STOQ] [restartedMain] INFO  o.s.d.r.c.RepositoryConfigurationDelegate - Bootstrapping Spring Data JPA repositories in DEFAULT mode.
2026-05-18 13:54:27 [STOQ] [restartedMain] INFO  o.s.d.r.c.RepositoryConfigurationDelegate - Finished Spring Data repository scanning in 108 ms. Found 9 JPA repository interfaces.
2026-05-18 13:54:28 [STOQ] [restartedMain] INFO  o.s.boot.tomcat.TomcatWebServer - Tomcat initialized with port 8080 (http)
2026-05-18 13:54:28 [STOQ] [restartedMain] INFO  o.a.catalina.core.StandardService - Starting service [Tomcat]
2026-05-18 13:54:28 [STOQ] [restartedMain] INFO  o.a.catalina.core.StandardEngine - Starting Servlet engine: [Apache Tomcat/11.0.18]
2026-05-18 13:54:28 [STOQ] [restartedMain] INFO  o.s.b.w.c.s.WebApplicationContextInitializer - Root WebApplicationContext: initialization completed in 2768 ms
2026-05-18 13:54:28 [STOQ] [restartedMain] INFO  org.hibernate.orm.jpa - HHH008540: Processing PersistenceUnitInfo [name: default]
2026-05-18 13:54:28 [STOQ] [restartedMain] INFO  org.hibernate.orm.core - HHH000001: Hibernate ORM core version 7.2.4.Final
2026-05-18 13:54:29 [STOQ] [restartedMain] INFO  o.s.o.j.p.SpringPersistenceUnitInfo - No LoadTimeWeaver setup: ignoring JPA class transformer
2026-05-18 13:54:29 [STOQ] [restartedMain] INFO  com.zaxxer.hikari.HikariDataSource - HikariPool-1 - Starting...
2026-05-18 13:54:34 [STOQ] [restartedMain] INFO  com.zaxxer.hikari.pool.HikariPool - HikariPool-1 - Added connection org.postgresql.jdbc.PgConnection@27165c7c
2026-05-18 13:54:34 [STOQ] [restartedMain] INFO  com.zaxxer.hikari.HikariDataSource - HikariPool-1 - Start completed.
2026-05-18 13:54:34 [STOQ] [restartedMain] WARN  org.hibernate.orm.deprecation - HHH90000025: PostgreSQLDialect does not need to be specified explicitly using 'hibernate.dialect' (remove the property setting and it will be selected by default)
2026-05-18 13:54:35 [STOQ] [restartedMain] INFO  o.hibernate.orm.connections.pooling - HHH10001005: Database info:
	Database JDBC URL [jdbc:postgresql://aws-0-us-west-2.pooler.supabase.com:5432/postgres?sslmode=require]
	Database driver: PostgreSQL JDBC Driver
	Database dialect: PostgreSQLDialect
	Database version: 17.6
	Default catalog/schema: postgres/public
	Autocommit mode: undefined/unknown
	Isolation level: READ_COMMITTED [default READ_COMMITTED]
	JDBC fetch size: none
	Pool: DataSourceConnectionProvider
	Minimum pool size: undefined/unknown
	Maximum pool size: undefined/unknown
2026-05-18 13:54:37 [STOQ] [restartedMain] INFO  org.hibernate.orm.core - HHH000489: No JTA platform available (set 'hibernate.transaction.jta.platform' to enable JTA platform integration)
2026-05-18 13:54:39 [STOQ] [restartedMain] INFO  o.s.o.j.LocalContainerEntityManagerFactoryBean - Initialized JPA EntityManagerFactory for persistence unit 'default'
2026-05-18 13:54:40 [STOQ] [restartedMain] INFO  o.s.d.j.r.q.QueryEnhancerFactories - Hibernate is in classpath; If applicable, HQL parser will be used.
2026-05-18 13:54:40 [STOQ] [restartedMain] DEBUG c.Proyecto.stoq.security.JwtFilter - Filter 'jwtFilter' configured for use
2026-05-18 13:54:42 [STOQ] [restartedMain] WARN  o.s.b.j.a.JpaBaseConfiguration$JpaWebConfiguration - spring.jpa.open-in-view is enabled by default. Therefore, database queries may be performed during view rendering. Explicitly configure spring.jpa.open-in-view to disable this warning
2026-05-18 13:54:43 [STOQ] [restartedMain] WARN  o.s.b.s.a.UserDetailsServiceAutoConfiguration - 

Using generated security password: d0a343f7-4f6c-4281-8493-b36c5cae463c

This generated password is for development use only. Your security configuration must be updated before running your application in production.

2026-05-18 13:54:43 [STOQ] [restartedMain] INFO  o.s.s.c.a.a.c.InitializeUserDetailsBeanManagerConfigurer$InitializeUserDetailsManagerConfigurer - Global AuthenticationManager configured with UserDetailsService bean with name inMemoryUserDetailsManager
2026-05-18 13:54:43 [STOQ] [restartedMain] DEBUG o.s.s.web.DefaultSecurityFilterChain - Will secure any request with filters: DisableEncodeUrlFilter, WebAsyncManagerIntegrationFilter, SecurityContextHolderFilter, HeaderWriterFilter, CorsFilter, LogoutFilter, JwtFilter, RequestCacheAwareFilter, SecurityContextHolderAwareRequestFilter, AnonymousAuthenticationFilter, ExceptionTranslationFilter, AuthorizationFilter
2026-05-18 13:54:44 [STOQ] [restartedMain] INFO  o.s.b.a.e.web.EndpointLinksResolver - Exposing 6 endpoints beneath base path '/actuator'
2026-05-18 13:54:44 [STOQ] [restartedMain] INFO  o.s.boot.tomcat.TomcatWebServer - Tomcat started on port 8080 (http) with context path '/'
2026-05-18 13:54:44 [STOQ] [restartedMain] INFO  com.Proyecto.stoq.StoqApplication - Started StoqApplication in 19.252 seconds (process running for 19.989)
2026-05-18 13:54:44 [STOQ] [restartedMain] DEBUG org.hibernate.SQL - 
    select
        r1_0.id,
        r1_0.descripcion,
        r1_0.nombre 
    from
        roles r1_0 
    where
        r1_0.nombre=?
2026-05-18 13:54:45 [STOQ] [restartedMain] DEBUG org.hibernate.SQL - 
    select
        r1_0.id,
        r1_0.descripcion,
        r1_0.nombre 
    from
        roles r1_0 
    where
        r1_0.id=?
2026-05-18 13:54:45 [STOQ] [restartedMain] INFO  c.P.s.i.config.DataInitializer - [STOQ-SEED] Rol sincronizado: ADMIN
2026-05-18 13:54:45 [STOQ] [restartedMain] DEBUG org.hibernate.SQL - 
    select
        r1_0.id,
        r1_0.descripcion,
        r1_0.nombre 
    from
        roles r1_0 
    where
        r1_0.nombre=?
2026-05-18 13:54:45 [STOQ] [restartedMain] DEBUG org.hibernate.SQL - 
    select
        r1_0.id,
        r1_0.descripcion,
        r1_0.nombre 
    from
        roles r1_0 
    where
        r1_0.id=?
2026-05-18 13:54:46 [STOQ] [restartedMain] INFO  c.P.s.i.config.DataInitializer - [STOQ-SEED] Rol sincronizado: OPERADOR
2026-05-18 13:54:46 [STOQ] [restartedMain] DEBUG org.hibernate.SQL - 
    select
        r1_0.id,
        r1_0.descripcion,
        r1_0.nombre 
    from
        roles r1_0 
    where
        r1_0.nombre=?
2026-05-18 13:54:46 [STOQ] [restartedMain] DEBUG org.hibernate.SQL - 
    select
        r1_0.id,
        r1_0.descripcion,
        r1_0.nombre 
    from
        roles r1_0 
    where
        r1_0.id=?
2026-05-18 13:54:47 [STOQ] [restartedMain] INFO  c.P.s.i.config.DataInitializer - [STOQ-SEED] Rol sincronizado: GERENTE
2026-05-18 13:57:48 [STOQ] [restartedMain] INFO  com.Proyecto.stoq.StoqApplication - Starting StoqApplication using Java 25.0.2 with PID 328 (C:\Proy_Taller\Stoq-backend\build\classes\java\main started by Harold in C:\Proy_Taller\Stoq-backend)
2026-05-18 13:57:48 [STOQ] [restartedMain] DEBUG com.Proyecto.stoq.StoqApplication - Running with Spring Boot v4.0.3, Spring v7.0.5
2026-05-18 13:57:48 [STOQ] [restartedMain] INFO  com.Proyecto.stoq.StoqApplication - No active profile set, falling back to 1 default profile: "default"
2026-05-18 13:57:49 [STOQ] [restartedMain] INFO  o.s.b.d.e.DevToolsPropertyDefaultsPostProcessor - Devtools property defaults active! Set 'spring.devtools.add-properties' to 'false' to disable
2026-05-18 13:57:49 [STOQ] [restartedMain] INFO  o.s.b.d.e.DevToolsPropertyDefaultsPostProcessor - For additional web related logging consider setting the 'logging.level.web' property to 'DEBUG'
2026-05-18 13:57:50 [STOQ] [restartedMain] INFO  o.s.d.r.c.RepositoryConfigurationDelegate - Bootstrapping Spring Data JPA repositories in DEFAULT mode.
2026-05-18 13:57:50 [STOQ] [restartedMain] INFO  o.s.d.r.c.RepositoryConfigurationDelegate - Finished Spring Data repository scanning in 100 ms. Found 9 JPA repository interfaces.
2026-05-18 13:57:51 [STOQ] [restartedMain] INFO  o.s.boot.tomcat.TomcatWebServer - Tomcat initialized with port 8080 (http)
2026-05-18 13:57:51 [STOQ] [restartedMain] INFO  o.a.catalina.core.StandardService - Starting service [Tomcat]
2026-05-18 13:57:51 [STOQ] [restartedMain] INFO  o.a.catalina.core.StandardEngine - Starting Servlet engine: [Apache Tomcat/11.0.18]
2026-05-18 13:57:51 [STOQ] [restartedMain] INFO  o.s.b.w.c.s.WebApplicationContextInitializer - Root WebApplicationContext: initialization completed in 2432 ms
2026-05-18 13:57:51 [STOQ] [restartedMain] INFO  org.hibernate.orm.jpa - HHH008540: Processing PersistenceUnitInfo [name: default]
2026-05-18 13:57:51 [STOQ] [restartedMain] INFO  org.hibernate.orm.core - HHH000001: Hibernate ORM core version 7.2.4.Final
2026-05-18 13:57:52 [STOQ] [restartedMain] INFO  o.s.o.j.p.SpringPersistenceUnitInfo - No LoadTimeWeaver setup: ignoring JPA class transformer
2026-05-18 13:57:52 [STOQ] [restartedMain] INFO  com.zaxxer.hikari.HikariDataSource - HikariPool-1 - Starting...
2026-05-18 13:57:56 [STOQ] [restartedMain] INFO  com.zaxxer.hikari.pool.HikariPool - HikariPool-1 - Added connection org.postgresql.jdbc.PgConnection@6a24112
2026-05-18 13:57:56 [STOQ] [restartedMain] INFO  com.zaxxer.hikari.HikariDataSource - HikariPool-1 - Start completed.
2026-05-18 13:57:56 [STOQ] [restartedMain] WARN  org.hibernate.orm.deprecation - HHH90000025: PostgreSQLDialect does not need to be specified explicitly using 'hibernate.dialect' (remove the property setting and it will be selected by default)
2026-05-18 13:57:57 [STOQ] [restartedMain] INFO  o.hibernate.orm.connections.pooling - HHH10001005: Database info:
	Database JDBC URL [jdbc:postgresql://aws-0-us-west-2.pooler.supabase.com:5432/postgres?sslmode=require]
	Database driver: PostgreSQL JDBC Driver
	Database dialect: PostgreSQLDialect
	Database version: 17.6
	Default catalog/schema: postgres/public
	Autocommit mode: undefined/unknown
	Isolation level: READ_COMMITTED [default READ_COMMITTED]
	JDBC fetch size: none
	Pool: DataSourceConnectionProvider
	Minimum pool size: undefined/unknown
	Maximum pool size: undefined/unknown
2026-05-18 13:57:59 [STOQ] [restartedMain] INFO  org.hibernate.orm.core - HHH000489: No JTA platform available (set 'hibernate.transaction.jta.platform' to enable JTA platform integration)
2026-05-18 13:58:02 [STOQ] [restartedMain] INFO  o.s.o.j.LocalContainerEntityManagerFactoryBean - Initialized JPA EntityManagerFactory for persistence unit 'default'
2026-05-18 13:58:02 [STOQ] [restartedMain] INFO  o.s.d.j.r.q.QueryEnhancerFactories - Hibernate is in classpath; If applicable, HQL parser will be used.
2026-05-18 13:58:02 [STOQ] [restartedMain] DEBUG c.Proyecto.stoq.security.JwtFilter - Filter 'jwtFilter' configured for use
2026-05-18 13:58:04 [STOQ] [restartedMain] WARN  o.s.b.j.a.JpaBaseConfiguration$JpaWebConfiguration - spring.jpa.open-in-view is enabled by default. Therefore, database queries may be performed during view rendering. Explicitly configure spring.jpa.open-in-view to disable this warning
2026-05-18 13:58:04 [STOQ] [restartedMain] WARN  o.s.b.s.a.UserDetailsServiceAutoConfiguration - 

Using generated security password: 6eb55c49-7309-4c20-9ae0-166e9f6f10a1

This generated password is for development use only. Your security configuration must be updated before running your application in production.

2026-05-18 13:58:04 [STOQ] [restartedMain] INFO  o.s.s.c.a.a.c.InitializeUserDetailsBeanManagerConfigurer$InitializeUserDetailsManagerConfigurer - Global AuthenticationManager configured with UserDetailsService bean with name inMemoryUserDetailsManager
2026-05-18 13:58:05 [STOQ] [restartedMain] DEBUG o.s.s.web.DefaultSecurityFilterChain - Will secure any request with filters: DisableEncodeUrlFilter, WebAsyncManagerIntegrationFilter, SecurityContextHolderFilter, HeaderWriterFilter, CorsFilter, LogoutFilter, JwtFilter, RequestCacheAwareFilter, SecurityContextHolderAwareRequestFilter, AnonymousAuthenticationFilter, ExceptionTranslationFilter, AuthorizationFilter
2026-05-18 13:58:05 [STOQ] [restartedMain] INFO  o.s.b.a.e.web.EndpointLinksResolver - Exposing 6 endpoints beneath base path '/actuator'
2026-05-18 13:58:06 [STOQ] [restartedMain] INFO  o.s.boot.tomcat.TomcatWebServer - Tomcat started on port 8080 (http) with context path '/'
2026-05-18 13:58:06 [STOQ] [restartedMain] INFO  com.Proyecto.stoq.StoqApplication - Started StoqApplication in 17.624 seconds (process running for 18.437)
2026-05-18 13:58:06 [STOQ] [restartedMain] DEBUG org.hibernate.SQL - 
    select
        r1_0.id,
        r1_0.descripcion,
        r1_0.nombre 
    from
        roles r1_0 
    where
        r1_0.nombre=?
2026-05-18 13:58:06 [STOQ] [restartedMain] DEBUG org.hibernate.SQL - 
    select
        r1_0.id,
        r1_0.descripcion,
        r1_0.nombre 
    from
        roles r1_0 
    where
        r1_0.id=?
2026-05-18 13:58:07 [STOQ] [restartedMain] INFO  c.P.s.i.config.DataInitializer - [STOQ-SEED] Rol sincronizado: ADMIN
2026-05-18 13:58:07 [STOQ] [restartedMain] DEBUG org.hibernate.SQL - 
    select
        r1_0.id,
        r1_0.descripcion,
        r1_0.nombre 
    from
        roles r1_0 
    where
        r1_0.nombre=?
2026-05-18 13:58:07 [STOQ] [restartedMain] DEBUG org.hibernate.SQL - 
    select
        r1_0.id,
        r1_0.descripcion,
        r1_0.nombre 
    from
        roles r1_0 
    where
        r1_0.id=?
2026-05-18 13:58:08 [STOQ] [restartedMain] INFO  c.P.s.i.config.DataInitializer - [STOQ-SEED] Rol sincronizado: OPERADOR
2026-05-18 13:58:08 [STOQ] [restartedMain] DEBUG org.hibernate.SQL - 
    select
        r1_0.id,
        r1_0.descripcion,
        r1_0.nombre 
    from
        roles r1_0 
    where
        r1_0.nombre=?
2026-05-18 13:58:08 [STOQ] [restartedMain] DEBUG org.hibernate.SQL - 
    select
        r1_0.id,
        r1_0.descripcion,
        r1_0.nombre 
    from
        roles r1_0 
    where
        r1_0.id=?
2026-05-18 13:58:09 [STOQ] [restartedMain] INFO  c.P.s.i.config.DataInitializer - [STOQ-SEED] Rol sincronizado: GERENTE
2026-05-18 13:58:32 [STOQ] [http-nio-8080-exec-1] INFO  o.a.c.c.C.[Tomcat].[localhost].[/] - Initializing Spring DispatcherServlet 'dispatcherServlet'
2026-05-18 13:58:32 [STOQ] [http-nio-8080-exec-1] INFO  o.s.web.servlet.DispatcherServlet - Initializing Servlet 'dispatcherServlet'
2026-05-18 13:58:32 [STOQ] [http-nio-8080-exec-1] INFO  o.s.web.servlet.DispatcherServlet - Completed initialization in 5 ms
2026-05-18 13:58:32 [STOQ] [http-nio-8080-exec-1] DEBUG o.s.security.web.FilterChainProxy - Securing OPTIONS /api/auth/login
2026-05-18 13:58:32 [STOQ] [http-nio-8080-exec-3] DEBUG o.s.security.web.FilterChainProxy - Securing POST /api/auth/login
2026-05-18 13:58:32 [STOQ] [http-nio-8080-exec-3] DEBUG c.Proyecto.stoq.security.JwtFilter - No Authorization header present or not Bearer - path=/api/auth/login
2026-05-18 13:58:32 [STOQ] [http-nio-8080-exec-3] DEBUG o.s.security.web.FilterChainProxy - Secured POST /api/auth/login
2026-05-18 13:58:32 [STOQ] [http-nio-8080-exec-3] DEBUG o.s.s.w.a.AnonymousAuthenticationFilter - Set SecurityContextHolder to anonymous SecurityContext
2026-05-18 13:58:32 [STOQ] [http-nio-8080-exec-3] INFO  c.P.s.a.aspects.ApiLoggingAspect - [STOQ-MONITOR] ============================================================
2026-05-18 13:58:32 [STOQ] [http-nio-8080-exec-3] INFO  c.P.s.a.aspects.ApiLoggingAspect - [STOQ-MONITOR] IN  2026-05-18 13:58:32 | POST /api/auth/login | user=ANONYMOUS | ip=0:0:0:0:0:0:0:1 | ua=Mozilla/5.0 (Windows NT 10.0; Win64; x64) AppleWebKit/537.36 (KHTML, like Gecko) Chrome/148.0.0.0 Safari/537.36
2026-05-18 13:58:32 [STOQ] [http-nio-8080-exec-3] DEBUG org.hibernate.SQL - 
    select
        u1_0.id,
        u1_0.contrasena_hash,
        u1_0.correo,
        u1_0.empresa,
        u1_0.estado,
        u1_0.nombre,
        u1_0.rol_id 
    from
        usuarios u1_0 
    where
        u1_0.correo=?
2026-05-18 13:58:33 [STOQ] [http-nio-8080-exec-3] DEBUG org.hibernate.SQL - 
    select
        r1_0.id,
        r1_0.descripcion,
        r1_0.nombre 
    from
        roles r1_0 
    where
        r1_0.id=?
2026-05-18 13:58:33 [STOQ] [http-nio-8080-exec-3] INFO  c.P.s.a.services.UsuarioServiceImpl - [STOQ-BIZ] LOGIN Usuario | correo=gerente@gmail.com | rol=GERENTE
2026-05-18 13:58:33 [STOQ] [http-nio-8080-exec-3] DEBUG org.hibernate.SQL - 
    insert 
    into
        audit_logs
        (cambios_anterior, cambios_nuevo, created_by, created_date, endpoint, entidad, id_registro, ip_origen, operacion, user_agent, id) 
    values
        (?, ?, ?, ?, ?, ?, ?, ?, ?, ?, ?)
2026-05-18 13:58:34 [STOQ] [http-nio-8080-exec-3] INFO  c.P.s.a.services.AuditService - [STOQ-AUDIT] SAVE | entity=Usuario | operation=LOGIN | record=05faf721-dbef-4f23-803b-8b3df1f17acf | user=SYSTEM | endpoint=POST /api/auth/login | ip=0:0:0:0:0:0:0:1
2026-05-18 13:58:34 [STOQ] [http-nio-8080-exec-3] INFO  c.P.s.a.aspects.ApiLoggingAspect - [STOQ-MONITOR] OUT POST /api/auth/login | status=OK | time=2103 ms | endpoint=AuthController.login(..)
2026-05-18 13:58:34 [STOQ] [http-nio-8080-exec-3] INFO  c.P.s.a.aspects.ApiLoggingAspect - [STOQ-MONITOR] ============================================================
2026-05-18 13:58:34 [STOQ] [http-nio-8080-exec-2] DEBUG o.s.security.web.FilterChainProxy - Securing OPTIONS /api/usuarios/me
2026-05-18 13:58:34 [STOQ] [http-nio-8080-exec-4] DEBUG o.s.security.web.FilterChainProxy - Securing GET /api/usuarios/me
2026-05-18 13:58:34 [STOQ] [http-nio-8080-exec-4] DEBUG org.hibernate.SQL - 
    select
        u1_0.id,
        u1_0.contrasena_hash,
        u1_0.correo,
        u1_0.empresa,
        u1_0.estado,
        u1_0.nombre,
        u1_0.rol_id 
    from
        usuarios u1_0 
    where
        u1_0.correo=?
2026-05-18 13:58:35 [STOQ] [http-nio-8080-exec-4] DEBUG org.hibernate.SQL - 
    select
        r1_0.id,
        r1_0.descripcion,
        r1_0.nombre 
    from
        roles r1_0 
    where
        r1_0.id=?
2026-05-18 13:58:35 [STOQ] [http-nio-8080-exec-4] INFO  c.Proyecto.stoq.security.JwtFilter - Authenticated request for email=gerente@gmail.com role=GERENTE path=/api/usuarios/me
2026-05-18 13:58:35 [STOQ] [http-nio-8080-exec-4] DEBUG o.s.security.web.FilterChainProxy - Secured GET /api/usuarios/me
2026-05-18 13:58:35 [STOQ] [http-nio-8080-exec-4] INFO  c.P.s.a.aspects.ApiLoggingAspect - [STOQ-MONITOR] ============================================================
2026-05-18 13:58:35 [STOQ] [http-nio-8080-exec-4] INFO  c.P.s.a.aspects.ApiLoggingAspect - [STOQ-MONITOR] IN  2026-05-18 13:58:35 | GET /api/usuarios/me | user=gerente@gmail.com | ip=0:0:0:0:0:0:0:1 | ua=Mozilla/5.0 (Windows NT 10.0; Win64; x64) AppleWebKit/537.36 (KHTML, like Gecko) Chrome/148.0.0.0 Safari/537.36
2026-05-18 13:58:35 [STOQ] [http-nio-8080-exec-4] DEBUG org.hibernate.SQL - 
    select
        u1_0.id,
        u1_0.contrasena_hash,
        u1_0.correo,
        u1_0.empresa,
        u1_0.estado,
        u1_0.nombre,
        u1_0.rol_id 
    from
        usuarios u1_0 
    where
        u1_0.correo=?
2026-05-18 13:58:35 [STOQ] [http-nio-8080-exec-4] DEBUG org.hibernate.SQL - 
    select
        r1_0.id,
        r1_0.descripcion,
        r1_0.nombre 
    from
        roles r1_0 
    where
        r1_0.id=?
2026-05-18 13:58:35 [STOQ] [http-nio-8080-exec-4] INFO  c.P.s.a.aspects.ApiLoggingAspect - [STOQ-MONITOR] OUT GET /api/usuarios/me | status=OK | time=523 ms | endpoint=UsuarioController.obtenerUsuarioAutenticado(..)
2026-05-18 13:58:35 [STOQ] [http-nio-8080-exec-4] INFO  c.P.s.a.aspects.ApiLoggingAspect - [STOQ-MONITOR] ============================================================
2026-05-18 13:58:35 [STOQ] [http-nio-8080-exec-5] DEBUG o.s.security.web.FilterChainProxy - Securing GET /api/usuarios/me
2026-05-18 13:58:35 [STOQ] [http-nio-8080-exec-6] DEBUG o.s.security.web.FilterChainProxy - Securing OPTIONS /api/alertas/resumen
2026-05-18 13:58:35 [STOQ] [http-nio-8080-exec-7] DEBUG o.s.security.web.FilterChainProxy - Securing OPTIONS /api/productos/criticos
2026-05-18 13:58:36 [STOQ] [http-nio-8080-exec-6] DEBUG o.s.security.web.FilterChainProxy - Securing GET /api/productos/criticos
2026-05-18 13:58:36 [STOQ] [http-nio-8080-exec-5] DEBUG org.hibernate.SQL - 
    select
        u1_0.id,
        u1_0.contrasena_hash,
        u1_0.correo,
        u1_0.empresa,
        u1_0.estado,
        u1_0.nombre,
        u1_0.rol_id 
    from
        usuarios u1_0 
    where
        u1_0.correo=?
2026-05-18 13:58:36 [STOQ] [http-nio-8080-exec-7] DEBUG o.s.security.web.FilterChainProxy - Securing GET /api/alertas/resumen
2026-05-18 13:58:36 [STOQ] [http-nio-8080-exec-8] DEBUG o.s.security.web.FilterChainProxy - Securing OPTIONS /api/productos/criticos
2026-05-18 13:58:36 [STOQ] [http-nio-8080-exec-7] DEBUG org.hibernate.SQL - 
    select
        u1_0.id,
        u1_0.contrasena_hash,
        u1_0.correo,
        u1_0.empresa,
        u1_0.estado,
        u1_0.nombre,
        u1_0.rol_id 
    from
        usuarios u1_0 
    where
        u1_0.correo=?
2026-05-18 13:58:36 [STOQ] [http-nio-8080-exec-6] DEBUG org.hibernate.SQL - 
    select
        u1_0.id,
        u1_0.contrasena_hash,
        u1_0.correo,
        u1_0.empresa,
        u1_0.estado,
        u1_0.nombre,
        u1_0.rol_id 
    from
        usuarios u1_0 
    where
        u1_0.correo=?
2026-05-18 13:58:36 [STOQ] [http-nio-8080-exec-5] DEBUG org.hibernate.SQL - 
    select
        r1_0.id,
        r1_0.descripcion,
        r1_0.nombre 
    from
        roles r1_0 
    where
        r1_0.id=?
2026-05-18 13:58:36 [STOQ] [http-nio-8080-exec-5] INFO  c.Proyecto.stoq.security.JwtFilter - Authenticated request for email=gerente@gmail.com role=GERENTE path=/api/usuarios/me
2026-05-18 13:58:36 [STOQ] [http-nio-8080-exec-5] DEBUG o.s.security.web.FilterChainProxy - Secured GET /api/usuarios/me
2026-05-18 13:58:36 [STOQ] [http-nio-8080-exec-5] INFO  c.P.s.a.aspects.ApiLoggingAspect - [STOQ-MONITOR] ============================================================
2026-05-18 13:58:36 [STOQ] [http-nio-8080-exec-5] INFO  c.P.s.a.aspects.ApiLoggingAspect - [STOQ-MONITOR] IN  2026-05-18 13:58:36 | GET /api/usuarios/me | user=gerente@gmail.com | ip=0:0:0:0:0:0:0:1 | ua=Mozilla/5.0 (Windows NT 10.0; Win64; x64) AppleWebKit/537.36 (KHTML, like Gecko) Chrome/148.0.0.0 Safari/537.36
2026-05-18 13:58:36 [STOQ] [http-nio-8080-exec-5] DEBUG org.hibernate.SQL - 
    select
        u1_0.id,
        u1_0.contrasena_hash,
        u1_0.correo,
        u1_0.empresa,
        u1_0.estado,
        u1_0.nombre,
        u1_0.rol_id 
    from
        usuarios u1_0 
    where
        u1_0.correo=?
2026-05-18 13:58:36 [STOQ] [http-nio-8080-exec-7] DEBUG org.hibernate.SQL - 
    select
        r1_0.id,
        r1_0.descripcion,
        r1_0.nombre 
    from
        roles r1_0 
    where
        r1_0.id=?
2026-05-18 13:58:36 [STOQ] [http-nio-8080-exec-6] DEBUG org.hibernate.SQL - 
    select
        r1_0.id,
        r1_0.descripcion,
        r1_0.nombre 
    from
        roles r1_0 
    where
        r1_0.id=?
2026-05-18 13:58:36 [STOQ] [http-nio-8080-exec-5] DEBUG org.hibernate.SQL - 
    select
        r1_0.id,
        r1_0.descripcion,
        r1_0.nombre 
    from
        roles r1_0 
    where
        r1_0.id=?
2026-05-18 13:58:36 [STOQ] [http-nio-8080-exec-6] INFO  c.Proyecto.stoq.security.JwtFilter - Authenticated request for email=gerente@gmail.com role=GERENTE path=/api/productos/criticos
2026-05-18 13:58:36 [STOQ] [http-nio-8080-exec-7] INFO  c.Proyecto.stoq.security.JwtFilter - Authenticated request for email=gerente@gmail.com role=GERENTE path=/api/alertas/resumen
2026-05-18 13:58:36 [STOQ] [http-nio-8080-exec-6] DEBUG o.s.security.web.FilterChainProxy - Secured GET /api/productos/criticos
2026-05-18 13:58:36 [STOQ] [http-nio-8080-exec-6] DEBUG o.s.s.a.m.AuthorizationManagerBeforeMethodInterceptor - Authorizing method invocation ReflectiveMethodInvocation: public java.util.List com.Proyecto.stoq.adapters.controllers.ProductosController.obtenerProductosCriticos(); target is of class [com.Proyecto.stoq.adapters.controllers.ProductosController]
2026-05-18 13:58:36 [STOQ] [http-nio-8080-exec-7] DEBUG o.s.security.web.FilterChainProxy - Secured GET /api/alertas/resumen
2026-05-18 13:58:36 [STOQ] [http-nio-8080-exec-7] INFO  c.P.s.a.aspects.ApiLoggingAspect - [STOQ-MONITOR] ============================================================
2026-05-18 13:58:36 [STOQ] [http-nio-8080-exec-7] INFO  c.P.s.a.aspects.ApiLoggingAspect - [STOQ-MONITOR] IN  2026-05-18 13:58:36 | GET /api/alertas/resumen | user=gerente@gmail.com | ip=0:0:0:0:0:0:0:1 | ua=Mozilla/5.0 (Windows NT 10.0; Win64; x64) AppleWebKit/537.36 (KHTML, like Gecko) Chrome/148.0.0.0 Safari/537.36
2026-05-18 13:58:36 [STOQ] [http-nio-8080-exec-7] DEBUG org.hibernate.SQL - 
    select
        u1_0.id,
        u1_0.contrasena_hash,
        u1_0.correo,
        u1_0.empresa,
        u1_0.estado,
        u1_0.nombre,
        u1_0.rol_id 
    from
        usuarios u1_0 
    where
        u1_0.correo=?
2026-05-18 13:58:37 [STOQ] [http-nio-8080-exec-5] INFO  c.P.s.a.aspects.ApiLoggingAspect - [STOQ-MONITOR] OUT GET /api/usuarios/me | status=OK | time=523 ms | endpoint=UsuarioController.obtenerUsuarioAutenticado(..)
2026-05-18 13:58:37 [STOQ] [http-nio-8080-exec-5] INFO  c.P.s.a.aspects.ApiLoggingAspect - [STOQ-MONITOR] ============================================================
2026-05-18 13:58:37 [STOQ] [http-nio-8080-exec-6] DEBUG o.s.s.a.m.AuthorizationManagerBeforeMethodInterceptor - Authorized method invocation ReflectiveMethodInvocation: public java.util.List com.Proyecto.stoq.adapters.controllers.ProductosController.obtenerProductosCriticos(); target is of class [com.Proyecto.stoq.adapters.controllers.ProductosController]
2026-05-18 13:58:37 [STOQ] [http-nio-8080-exec-6] INFO  c.P.s.a.aspects.ApiLoggingAspect - [STOQ-MONITOR] ============================================================
2026-05-18 13:58:37 [STOQ] [http-nio-8080-exec-6] INFO  c.P.s.a.aspects.ApiLoggingAspect - [STOQ-MONITOR] IN  2026-05-18 13:58:37 | GET /api/productos/criticos | user=gerente@gmail.com | ip=0:0:0:0:0:0:0:1 | ua=Mozilla/5.0 (Windows NT 10.0; Win64; x64) AppleWebKit/537.36 (KHTML, like Gecko) Chrome/148.0.0.0 Safari/537.36
2026-05-18 13:58:37 [STOQ] [http-nio-8080-exec-6] DEBUG org.hibernate.SQL - 
    select
        u1_0.id,
        u1_0.contrasena_hash,
        u1_0.correo,
        u1_0.empresa,
        u1_0.estado,
        u1_0.nombre,
        u1_0.rol_id 
    from
        usuarios u1_0 
    where
        u1_0.correo=?
2026-05-18 13:58:37 [STOQ] [http-nio-8080-exec-7] DEBUG org.hibernate.SQL - 
    select
        r1_0.id,
        r1_0.descripcion,
        r1_0.nombre 
    from
        roles r1_0 
    where
        r1_0.id=?
2026-05-18 13:58:37 [STOQ] [http-nio-8080-exec-6] DEBUG org.hibernate.SQL - 
    select
        r1_0.id,
        r1_0.descripcion,
        r1_0.nombre 
    from
        roles r1_0 
    where
        r1_0.id=?
2026-05-18 13:58:37 [STOQ] [http-nio-8080-exec-7] DEBUG org.hibernate.SQL - 
    select
        p1_0.id,
        p1_0.categoria_id,
        p1_0.codigo,
        p1_0.empresa,
        p1_0.estado,
        p1_0.fecha_actualizacion,
        p1_0.fecha_creacion,
        p1_0.nombre,
        p1_0.stock_actual,
        p1_0.stock_minimo,
        p1_0.ubicacion,
        p1_0.unidad_id 
    from
        productos p1_0
2026-05-18 13:58:37 [STOQ] [http-nio-8080-exec-6] DEBUG org.hibernate.SQL - 
    select
        p1_0.id,
        p1_0.categoria_id,
        p1_0.codigo,
        p1_0.empresa,
        p1_0.estado,
        p1_0.fecha_actualizacion,
        p1_0.fecha_creacion,
        p1_0.nombre,
        p1_0.stock_actual,
        p1_0.stock_minimo,
        p1_0.ubicacion,
        p1_0.unidad_id 
    from
        productos p1_0
2026-05-18 13:58:37 [STOQ] [http-nio-8080-exec-7] DEBUG org.hibernate.SQL - 
    select
        c1_0.id,
        c1_0.descripcion,
        c1_0.estado,
        c1_0.fecha_creacion,
        c1_0.nombre 
    from
        categorias c1_0 
    where
        c1_0.id=?
2026-05-18 13:58:38 [STOQ] [http-nio-8080-exec-6] DEBUG org.hibernate.SQL - 
    select
        c1_0.id,
        c1_0.descripcion,
        c1_0.estado,
        c1_0.fecha_creacion,
        c1_0.nombre 
    from
        categorias c1_0 
    where
        c1_0.id=?
2026-05-18 13:58:38 [STOQ] [http-nio-8080-exec-7] DEBUG org.hibernate.SQL - 
    select
        u1_0.id,
        u1_0.abreviatura,
        u1_0.estado,
        u1_0.nombre 
    from
        unidades u1_0 
    where
        u1_0.id=?
2026-05-18 13:58:38 [STOQ] [http-nio-8080-exec-6] DEBUG org.hibernate.SQL - 
    select
        u1_0.id,
        u1_0.abreviatura,
        u1_0.estado,
        u1_0.nombre 
    from
        unidades u1_0 
    where
        u1_0.id=?
2026-05-18 13:58:38 [STOQ] [http-nio-8080-exec-7] DEBUG org.hibernate.SQL - 
    select
        c1_0.id,
        c1_0.descripcion,
        c1_0.estado,
        c1_0.fecha_creacion,
        c1_0.nombre 
    from
        categorias c1_0 
    where
        c1_0.id=?
2026-05-18 13:58:38 [STOQ] [http-nio-8080-exec-7] DEBUG org.hibernate.SQL - 
    select
        u1_0.id,
        u1_0.abreviatura,
        u1_0.estado,
        u1_0.nombre 
    from
        unidades u1_0 
    where
        u1_0.id=?
2026-05-18 13:58:38 [STOQ] [http-nio-8080-exec-6] DEBUG org.hibernate.SQL - 
    select
        c1_0.id,
        c1_0.descripcion,
        c1_0.estado,
        c1_0.fecha_creacion,
        c1_0.nombre 
    from
        categorias c1_0 
    where
        c1_0.id=?
2026-05-18 13:58:38 [STOQ] [http-nio-8080-exec-6] DEBUG org.hibernate.SQL - 
    select
        u1_0.id,
        u1_0.abreviatura,
        u1_0.estado,
        u1_0.nombre 
    from
        unidades u1_0 
    where
        u1_0.id=?
2026-05-18 13:58:38 [STOQ] [http-nio-8080-exec-7] DEBUG org.hibernate.SQL - 
    select
        u1_0.id,
        u1_0.abreviatura,
        u1_0.estado,
        u1_0.nombre 
    from
        unidades u1_0 
    where
        u1_0.id=?
2026-05-18 13:58:39 [STOQ] [http-nio-8080-exec-6] DEBUG org.hibernate.SQL - 
    select
        u1_0.id,
        u1_0.abreviatura,
        u1_0.estado,
        u1_0.nombre 
    from
        unidades u1_0 
    where
        u1_0.id=?
2026-05-18 13:58:39 [STOQ] [http-nio-8080-exec-7] DEBUG org.hibernate.SQL - 
    select
        c1_0.id,
        c1_0.descripcion,
        c1_0.estado,
        c1_0.fecha_creacion,
        c1_0.nombre 
    from
        categorias c1_0 
    where
        c1_0.id=?
2026-05-18 13:58:39 [STOQ] [http-nio-8080-exec-1] DEBUG o.s.security.web.FilterChainProxy - Securing OPTIONS /api/reportes/categorias?inicio=2026-04-19&fin=2026-05-18
2026-05-18 13:58:39 [STOQ] [http-nio-8080-exec-6] DEBUG org.hibernate.SQL - 
    select
        c1_0.id,
        c1_0.descripcion,
        c1_0.estado,
        c1_0.fecha_creacion,
        c1_0.nombre 
    from
        categorias c1_0 
    where
        c1_0.id=?
2026-05-18 13:58:39 [STOQ] [http-nio-8080-exec-7] DEBUG org.hibernate.SQL - 
    select
        c1_0.id,
        c1_0.descripcion,
        c1_0.estado,
        c1_0.fecha_creacion,
        c1_0.nombre 
    from
        categorias c1_0 
    where
        c1_0.id=?
2026-05-18 13:58:39 [STOQ] [http-nio-8080-exec-3] DEBUG o.s.security.web.FilterChainProxy - Securing GET /api/reportes/categorias?inicio=2026-04-19&fin=2026-05-18
2026-05-18 13:58:39 [STOQ] [http-nio-8080-exec-3] DEBUG org.hibernate.SQL - 
    select
        u1_0.id,
        u1_0.contrasena_hash,
        u1_0.correo,
        u1_0.empresa,
        u1_0.estado,
        u1_0.nombre,
        u1_0.rol_id 
    from
        usuarios u1_0 
    where
        u1_0.correo=?
2026-05-18 13:58:39 [STOQ] [http-nio-8080-exec-6] DEBUG org.hibernate.SQL - 
    select
        c1_0.id,
        c1_0.descripcion,
        c1_0.estado,
        c1_0.fecha_creacion,
        c1_0.nombre 
    from
        categorias c1_0 
    where
        c1_0.id=?
2026-05-18 13:58:39 [STOQ] [http-nio-8080-exec-7] DEBUG org.hibernate.SQL - 
    select
        u1_0.id,
        u1_0.abreviatura,
        u1_0.estado,
        u1_0.nombre 
    from
        unidades u1_0 
    where
        u1_0.id=?
2026-05-18 13:58:39 [STOQ] [http-nio-8080-exec-6] DEBUG org.hibernate.SQL - 
    select
        u1_0.id,
        u1_0.abreviatura,
        u1_0.estado,
        u1_0.nombre 
    from
        unidades u1_0 
    where
        u1_0.id=?
2026-05-18 13:58:39 [STOQ] [http-nio-8080-exec-3] DEBUG org.hibernate.SQL - 
    select
        r1_0.id,
        r1_0.descripcion,
        r1_0.nombre 
    from
        roles r1_0 
    where
        r1_0.id=?
2026-05-18 13:58:40 [STOQ] [http-nio-8080-exec-3] INFO  c.Proyecto.stoq.security.JwtFilter - Authenticated request for email=gerente@gmail.com role=GERENTE path=/api/reportes/categorias
2026-05-18 13:58:40 [STOQ] [http-nio-8080-exec-3] DEBUG o.s.security.web.FilterChainProxy - Secured GET /api/reportes/categorias?inicio=2026-04-19&fin=2026-05-18
2026-05-18 13:58:40 [STOQ] [http-nio-8080-exec-3] INFO  c.P.s.a.aspects.ApiLoggingAspect - [STOQ-MONITOR] ============================================================
2026-05-18 13:58:40 [STOQ] [http-nio-8080-exec-3] INFO  c.P.s.a.aspects.ApiLoggingAspect - [STOQ-MONITOR] IN  2026-05-18 13:58:40 | GET /api/reportes/categorias | user=gerente@gmail.com | ip=0:0:0:0:0:0:0:1 | ua=Mozilla/5.0 (Windows NT 10.0; Win64; x64) AppleWebKit/537.36 (KHTML, like Gecko) Chrome/148.0.0.0 Safari/537.36
2026-05-18 13:58:40 [STOQ] [http-nio-8080-exec-3] DEBUG org.hibernate.SQL - 
    select
        u1_0.id,
        u1_0.contrasena_hash,
        u1_0.correo,
        u1_0.empresa,
        u1_0.estado,
        u1_0.nombre,
        u1_0.rol_id 
    from
        usuarios u1_0 
    where
        u1_0.correo=?
2026-05-18 13:58:40 [STOQ] [http-nio-8080-exec-7] DEBUG org.hibernate.SQL - 
    select
        a1_0.id,
        a1_0.fecha,
        a1_0.leida,
        a1_0.mensaje,
        a1_0.producto_id,
        p1_0.id,
        p1_0.categoria_id,
        c1_0.id,
        c1_0.descripcion,
        c1_0.estado,
        c1_0.fecha_creacion,
        c1_0.nombre,
        p1_0.codigo,
        p1_0.empresa,
        p1_0.estado,
        p1_0.fecha_actualizacion,
        p1_0.fecha_creacion,
        p1_0.nombre,
        p1_0.stock_actual,
        p1_0.stock_minimo,
        p1_0.ubicacion,
        p1_0.unidad_id,
        a1_0.tipo 
    from
        alertas a1_0 
    join
        productos p1_0 
            on p1_0.id=a1_0.producto_id 
    join
        categorias c1_0 
            on c1_0.id=p1_0.categoria_id
2026-05-18 13:58:40 [STOQ] [http-nio-8080-exec-6] INFO  c.P.s.a.aspects.ApiLoggingAspect - [STOQ-MONITOR] OUT GET /api/productos/criticos | status=OK | time=3375 ms | endpoint=ProductosController.obtenerProductosCriticos()
2026-05-18 13:58:40 [STOQ] [http-nio-8080-exec-6] INFO  c.P.s.a.aspects.ApiLoggingAspect - [STOQ-MONITOR] ============================================================
2026-05-18 13:58:40 [STOQ] [http-nio-8080-exec-2] DEBUG o.s.security.web.FilterChainProxy - Securing GET /api/productos/criticos
2026-05-18 13:58:40 [STOQ] [http-nio-8080-exec-2] DEBUG org.hibernate.SQL - 
    select
        u1_0.id,
        u1_0.contrasena_hash,
        u1_0.correo,
        u1_0.empresa,
        u1_0.estado,
        u1_0.nombre,
        u1_0.rol_id 
    from
        usuarios u1_0 
    where
        u1_0.correo=?
2026-05-18 13:58:40 [STOQ] [http-nio-8080-exec-3] DEBUG org.hibernate.SQL - 
    select
        r1_0.id,
        r1_0.descripcion,
        r1_0.nombre 
    from
        roles r1_0 
    where
        r1_0.id=?
2026-05-18 13:58:40 [STOQ] [http-nio-8080-exec-2] DEBUG org.hibernate.SQL - 
    select
        r1_0.id,
        r1_0.descripcion,
        r1_0.nombre 
    from
        roles r1_0 
    where
        r1_0.id=?
2026-05-18 13:58:40 [STOQ] [http-nio-8080-exec-3] DEBUG org.hibernate.SQL - 
    select
        c1_0.id,
        c1_0.nombre,
        count(p1_0.id),
        coalesce(sum(coalesce(p1_0.stock_actual, 0)), cast(0 as bigint)),
        coalesce(sum(coalesce(p1_0.stock_minimo, 0)), cast(0 as bigint)),
        cast(0 as bigint),
        cast(0 as bigint),
        cast(0 as bigint),
        cast(0 as bigint),
        cast(0 as bigint),
        cast(0 as bigint) 
    from
        productos p1_0 
    join
        categorias c1_0 
            on c1_0.id=p1_0.categoria_id 
    where
        p1_0.empresa=? 
        and p1_0.estado=true 
    group by
        c1_0.id,
        c1_0.nombre 
    order by
        c1_0.nombre
2026-05-18 13:58:40 [STOQ] [http-nio-8080-exec-7] DEBUG org.hibernate.SQL - 
    select
        a1_0.id,
        a1_0.fecha,
        a1_0.leida,
        a1_0.mensaje,
        a1_0.producto_id,
        p1_0.id,
        p1_0.categoria_id,
        c1_0.id,
        c1_0.descripcion,
        c1_0.estado,
        c1_0.fecha_creacion,
        c1_0.nombre,
        p1_0.codigo,
        p1_0.empresa,
        p1_0.estado,
        p1_0.fecha_actualizacion,
        p1_0.fecha_creacion,
        p1_0.nombre,
        p1_0.stock_actual,
        p1_0.stock_minimo,
        p1_0.ubicacion,
        p1_0.unidad_id,
        a1_0.tipo 
    from
        alertas a1_0 
    join
        productos p1_0 
            on p1_0.id=a1_0.producto_id 
    join
        categorias c1_0 
            on c1_0.id=p1_0.categoria_id
2026-05-18 13:58:41 [STOQ] [http-nio-8080-exec-2] INFO  c.Proyecto.stoq.security.JwtFilter - Authenticated request for email=gerente@gmail.com role=GERENTE path=/api/productos/criticos
2026-05-18 13:58:41 [STOQ] [http-nio-8080-exec-2] DEBUG o.s.security.web.FilterChainProxy - Secured GET /api/productos/criticos
2026-05-18 13:58:41 [STOQ] [http-nio-8080-exec-2] DEBUG o.s.s.a.m.AuthorizationManagerBeforeMethodInterceptor - Authorizing method invocation ReflectiveMethodInvocation: public java.util.List com.Proyecto.stoq.adapters.controllers.ProductosController.obtenerProductosCriticos(); target is of class [com.Proyecto.stoq.adapters.controllers.ProductosController]
2026-05-18 13:58:41 [STOQ] [http-nio-8080-exec-2] DEBUG o.s.s.a.m.AuthorizationManagerBeforeMethodInterceptor - Authorized method invocation ReflectiveMethodInvocation: public java.util.List com.Proyecto.stoq.adapters.controllers.ProductosController.obtenerProductosCriticos(); target is of class [com.Proyecto.stoq.adapters.controllers.ProductosController]
2026-05-18 13:58:41 [STOQ] [http-nio-8080-exec-2] INFO  c.P.s.a.aspects.ApiLoggingAspect - [STOQ-MONITOR] ============================================================
2026-05-18 13:58:41 [STOQ] [http-nio-8080-exec-2] INFO  c.P.s.a.aspects.ApiLoggingAspect - [STOQ-MONITOR] IN  2026-05-18 13:58:41 | GET /api/productos/criticos | user=gerente@gmail.com | ip=0:0:0:0:0:0:0:1 | ua=Mozilla/5.0 (Windows NT 10.0; Win64; x64) AppleWebKit/537.36 (KHTML, like Gecko) Chrome/148.0.0.0 Safari/537.36
2026-05-18 13:58:41 [STOQ] [http-nio-8080-exec-2] DEBUG org.hibernate.SQL - 
    select
        u1_0.id,
        u1_0.contrasena_hash,
        u1_0.correo,
        u1_0.empresa,
        u1_0.estado,
        u1_0.nombre,
        u1_0.rol_id 
    from
        usuarios u1_0 
    where
        u1_0.correo=?
2026-05-18 13:58:41 [STOQ] [http-nio-8080-exec-3] DEBUG org.hibernate.SQL - 
    select
        c1_0.id,
        c1_0.nombre,
        cast(0 as bigint),
        cast(0 as bigint),
        cast(0 as bigint),
        count(mi1_0.id),
        coalesce(sum(mi1_0.cantidad), cast(0 as bigint)),
        coalesce(sum(case 
            when upper(mi1_0.tipo_movimiento)='ENTRADA' 
                then 1 
            else 0 
    end), cast(0 as bigint)),
    coalesce(sum(case 
        when upper(mi1_0.tipo_movimiento)='SALIDA' 
            then 1 
        else 0 
end), cast(0 as bigint)),
coalesce(sum(case 
    when upper(mi1_0.tipo_movimiento)='ENTRADA' 
        then mi1_0.cantidad 
    else 0 
end), cast(0 as bigint)),
coalesce(sum(case 
    when upper(mi1_0.tipo_movimiento)='SALIDA' 
        then mi1_0.cantidad 
    else 0 
end), cast(0 as bigint)) 
from
    movimientos_inventario mi1_0 
join
    productos p1_0 
        on p1_0.id=mi1_0.producto_id 
join
    categorias c1_0 
        on c1_0.id=p1_0.categoria_id 
where
    p1_0.empresa=? 
    and mi1_0.fecha_movimiento between ? and ? 
group by
    c1_0.id,
    c1_0.nombre 
order by
    c1_0.nombre
2026-05-18 13:58:41 [STOQ] [http-nio-8080-exec-2] DEBUG org.hibernate.SQL - 
    select
        r1_0.id,
        r1_0.descripcion,
        r1_0.nombre 
    from
        roles r1_0 
    where
        r1_0.id=?
2026-05-18 13:58:41 [STOQ] [http-nio-8080-exec-7] INFO  c.P.s.a.aspects.ApiLoggingAspect - [STOQ-MONITOR] OUT GET /api/alertas/resumen | status=OK | time=4495 ms | endpoint=AlertaController.obtenerResumen()
2026-05-18 13:58:41 [STOQ] [http-nio-8080-exec-7] INFO  c.P.s.a.aspects.ApiLoggingAspect - [STOQ-MONITOR] ============================================================
2026-05-18 13:58:41 [STOQ] [http-nio-8080-exec-3] INFO  c.P.s.a.aspects.ApiLoggingAspect - [STOQ-MONITOR] OUT GET /api/reportes/categorias | status=OK | time=1439 ms | endpoint=ReportesController.obtenerReporteCategorias(..)
2026-05-18 13:58:41 [STOQ] [http-nio-8080-exec-3] INFO  c.P.s.a.aspects.ApiLoggingAspect - [STOQ-MONITOR] ============================================================
2026-05-18 13:58:41 [STOQ] [http-nio-8080-exec-2] DEBUG org.hibernate.SQL - 
    select
        p1_0.id,
        p1_0.categoria_id,
        p1_0.codigo,
        p1_0.empresa,
        p1_0.estado,
        p1_0.fecha_actualizacion,
        p1_0.fecha_creacion,
        p1_0.nombre,
        p1_0.stock_actual,
        p1_0.stock_minimo,
        p1_0.ubicacion,
        p1_0.unidad_id 
    from
        productos p1_0
2026-05-18 13:58:42 [STOQ] [http-nio-8080-exec-2] DEBUG org.hibernate.SQL - 
    select
        c1_0.id,
        c1_0.descripcion,
        c1_0.estado,
        c1_0.fecha_creacion,
        c1_0.nombre 
    from
        categorias c1_0 
    where
        c1_0.id=?
2026-05-18 13:58:42 [STOQ] [http-nio-8080-exec-2] DEBUG org.hibernate.SQL - 
    select
        u1_0.id,
        u1_0.abreviatura,
        u1_0.estado,
        u1_0.nombre 
    from
        unidades u1_0 
    where
        u1_0.id=?
2026-05-18 13:58:42 [STOQ] [http-nio-8080-exec-2] DEBUG org.hibernate.SQL - 
    select
        c1_0.id,
        c1_0.descripcion,
        c1_0.estado,
        c1_0.fecha_creacion,
        c1_0.nombre 
    from
        categorias c1_0 
    where
        c1_0.id=?
2026-05-18 13:58:42 [STOQ] [http-nio-8080-exec-2] DEBUG org.hibernate.SQL - 
    select
        u1_0.id,
        u1_0.abreviatura,
        u1_0.estado,
        u1_0.nombre 
    from
        unidades u1_0 
    where
        u1_0.id=?
2026-05-18 13:58:43 [STOQ] [http-nio-8080-exec-2] DEBUG org.hibernate.SQL - 
    select
        u1_0.id,
        u1_0.abreviatura,
        u1_0.estado,
        u1_0.nombre 
    from
        unidades u1_0 
    where
        u1_0.id=?
2026-05-18 13:58:43 [STOQ] [http-nio-8080-exec-2] DEBUG org.hibernate.SQL - 
    select
        c1_0.id,
        c1_0.descripcion,
        c1_0.estado,
        c1_0.fecha_creacion,
        c1_0.nombre 
    from
        categorias c1_0 
    where
        c1_0.id=?
2026-05-18 13:58:43 [STOQ] [http-nio-8080-exec-2] DEBUG org.hibernate.SQL - 
    select
        c1_0.id,
        c1_0.descripcion,
        c1_0.estado,
        c1_0.fecha_creacion,
        c1_0.nombre 
    from
        categorias c1_0 
    where
        c1_0.id=?
2026-05-18 13:58:43 [STOQ] [http-nio-8080-exec-2] DEBUG org.hibernate.SQL - 
    select
        u1_0.id,
        u1_0.abreviatura,
        u1_0.estado,
        u1_0.nombre 
    from
        unidades u1_0 
    where
        u1_0.id=?
2026-05-18 13:58:44 [STOQ] [http-nio-8080-exec-2] INFO  c.P.s.a.aspects.ApiLoggingAspect - [STOQ-MONITOR] OUT GET /api/productos/criticos | status=OK | time=3470 ms | endpoint=ProductosController.obtenerProductosCriticos()
2026-05-18 13:58:44 [STOQ] [http-nio-8080-exec-2] INFO  c.P.s.a.aspects.ApiLoggingAspect - [STOQ-MONITOR] ============================================================
2026-05-18 14:18:13 [STOQ] [HikariPool-1:housekeeper] WARN  com.zaxxer.hikari.pool.PoolBase - HikariPool-1 - Failed to validate connection org.postgresql.jdbc.PgConnection@37b914fd (This connection has been closed.). Possibly consider using a shorter maxLifetime value.
2026-05-18 14:18:23 [STOQ] [HikariPool-1:housekeeper] WARN  com.zaxxer.hikari.pool.PoolBase - HikariPool-1 - Failed to validate connection org.postgresql.jdbc.PgConnection@5b79a458 (This connection has been closed.). Possibly consider using a shorter maxLifetime value.
2026-05-18 14:18:23 [STOQ] [HikariPool-1:housekeeper] WARN  com.zaxxer.hikari.pool.HikariPool - HikariPool-1 - Thread starvation or clock leap detected (housekeeper delta=2m26s774ms317µs600ns).
2026-05-18 14:18:58 [STOQ] [http-nio-8080-exec-5] DEBUG o.s.security.web.FilterChainProxy - Securing OPTIONS /api/reportes/categorias?inicio=2026-04-19&fin=2026-05-18
2026-05-18 14:18:58 [STOQ] [http-nio-8080-exec-1] DEBUG o.s.security.web.FilterChainProxy - Securing GET /api/reportes/categorias?inicio=2026-04-19&fin=2026-05-18
2026-05-18 14:18:58 [STOQ] [http-nio-8080-exec-1] DEBUG org.hibernate.SQL - 
    select
        u1_0.id,
        u1_0.contrasena_hash,
        u1_0.correo,
        u1_0.empresa,
        u1_0.estado,
        u1_0.nombre,
        u1_0.rol_id 
    from
        usuarios u1_0 
    where
        u1_0.correo=?
2026-05-18 14:18:59 [STOQ] [http-nio-8080-exec-1] DEBUG org.hibernate.SQL - 
    select
        r1_0.id,
        r1_0.descripcion,
        r1_0.nombre 
    from
        roles r1_0 
    where
        r1_0.id=?
2026-05-18 14:18:59 [STOQ] [http-nio-8080-exec-1] INFO  c.Proyecto.stoq.security.JwtFilter - Authenticated request for email=gerente@gmail.com role=GERENTE path=/api/reportes/categorias
2026-05-18 14:18:59 [STOQ] [http-nio-8080-exec-1] DEBUG o.s.security.web.FilterChainProxy - Secured GET /api/reportes/categorias?inicio=2026-04-19&fin=2026-05-18
2026-05-18 14:18:59 [STOQ] [http-nio-8080-exec-1] INFO  c.P.s.a.aspects.ApiLoggingAspect - [STOQ-MONITOR] ============================================================
2026-05-18 14:18:59 [STOQ] [http-nio-8080-exec-1] INFO  c.P.s.a.aspects.ApiLoggingAspect - [STOQ-MONITOR] IN  2026-05-18 14:18:59 | GET /api/reportes/categorias | user=gerente@gmail.com | ip=0:0:0:0:0:0:0:1 | ua=Mozilla/5.0 (Windows NT 10.0; Win64; x64) AppleWebKit/537.36 (KHTML, like Gecko) Chrome/148.0.0.0 Safari/537.36
2026-05-18 14:18:59 [STOQ] [http-nio-8080-exec-1] DEBUG org.hibernate.SQL - 
    select
        u1_0.id,
        u1_0.contrasena_hash,
        u1_0.correo,
        u1_0.empresa,
        u1_0.estado,
        u1_0.nombre,
        u1_0.rol_id 
    from
        usuarios u1_0 
    where
        u1_0.correo=?
2026-05-18 14:18:59 [STOQ] [http-nio-8080-exec-1] DEBUG org.hibernate.SQL - 
    select
        r1_0.id,
        r1_0.descripcion,
        r1_0.nombre 
    from
        roles r1_0 
    where
        r1_0.id=?
2026-05-18 14:18:59 [STOQ] [http-nio-8080-exec-1] DEBUG org.hibernate.SQL - 
    select
        c1_0.id,
        c1_0.nombre,
        count(p1_0.id),
        coalesce(sum(coalesce(p1_0.stock_actual, 0)), cast(0 as bigint)),
        coalesce(sum(coalesce(p1_0.stock_minimo, 0)), cast(0 as bigint)),
        cast(0 as bigint),
        cast(0 as bigint),
        cast(0 as bigint),
        cast(0 as bigint),
        cast(0 as bigint),
        cast(0 as bigint) 
    from
        productos p1_0 
    join
        categorias c1_0 
            on c1_0.id=p1_0.categoria_id 
    where
        p1_0.empresa=? 
        and p1_0.estado=true 
    group by
        c1_0.id,
        c1_0.nombre 
    order by
        c1_0.nombre
2026-05-18 14:19:00 [STOQ] [http-nio-8080-exec-1] DEBUG org.hibernate.SQL - 
    select
        c1_0.id,
        c1_0.nombre,
        cast(0 as bigint),
        cast(0 as bigint),
        cast(0 as bigint),
        count(mi1_0.id),
        coalesce(sum(mi1_0.cantidad), cast(0 as bigint)),
        coalesce(sum(case 
            when upper(mi1_0.tipo_movimiento)='ENTRADA' 
                then 1 
            else 0 
    end), cast(0 as bigint)),
    coalesce(sum(case 
        when upper(mi1_0.tipo_movimiento)='SALIDA' 
            then 1 
        else 0 
end), cast(0 as bigint)),
coalesce(sum(case 
    when upper(mi1_0.tipo_movimiento)='ENTRADA' 
        then mi1_0.cantidad 
    else 0 
end), cast(0 as bigint)),
coalesce(sum(case 
    when upper(mi1_0.tipo_movimiento)='SALIDA' 
        then mi1_0.cantidad 
    else 0 
end), cast(0 as bigint)) 
from
    movimientos_inventario mi1_0 
join
    productos p1_0 
        on p1_0.id=mi1_0.producto_id 
join
    categorias c1_0 
        on c1_0.id=p1_0.categoria_id 
where
    p1_0.empresa=? 
    and mi1_0.fecha_movimiento between ? and ? 
group by
    c1_0.id,
    c1_0.nombre 
order by
    c1_0.nombre
2026-05-18 14:19:00 [STOQ] [http-nio-8080-exec-1] INFO  c.P.s.a.aspects.ApiLoggingAspect - [STOQ-MONITOR] OUT GET /api/reportes/categorias | status=OK | time=1347 ms | endpoint=ReportesController.obtenerReporteCategorias(..)
2026-05-18 14:19:00 [STOQ] [http-nio-8080-exec-1] INFO  c.P.s.a.aspects.ApiLoggingAspect - [STOQ-MONITOR] ============================================================
2026-05-18 14:21:40 [STOQ] [restartedMain] INFO  com.Proyecto.stoq.StoqApplication - Starting StoqApplication using Java 25.0.2 with PID 22912 (C:\Proy_Taller\Stoq-backend\build\classes\java\main started by Harold in C:\Proy_Taller\Stoq-backend)
2026-05-18 14:21:40 [STOQ] [restartedMain] DEBUG com.Proyecto.stoq.StoqApplication - Running with Spring Boot v4.0.3, Spring v7.0.5
2026-05-18 14:21:40 [STOQ] [restartedMain] INFO  com.Proyecto.stoq.StoqApplication - No active profile set, falling back to 1 default profile: "default"
2026-05-18 14:21:40 [STOQ] [restartedMain] INFO  o.s.b.d.e.DevToolsPropertyDefaultsPostProcessor - Devtools property defaults active! Set 'spring.devtools.add-properties' to 'false' to disable
2026-05-18 14:21:40 [STOQ] [restartedMain] INFO  o.s.b.d.e.DevToolsPropertyDefaultsPostProcessor - For additional web related logging consider setting the 'logging.level.web' property to 'DEBUG'
2026-05-18 14:21:41 [STOQ] [restartedMain] INFO  o.s.d.r.c.RepositoryConfigurationDelegate - Bootstrapping Spring Data JPA repositories in DEFAULT mode.
2026-05-18 14:21:41 [STOQ] [restartedMain] INFO  o.s.d.r.c.RepositoryConfigurationDelegate - Finished Spring Data repository scanning in 127 ms. Found 9 JPA repository interfaces.
2026-05-18 14:21:42 [STOQ] [restartedMain] INFO  o.s.boot.tomcat.TomcatWebServer - Tomcat initialized with port 8080 (http)
2026-05-18 14:21:42 [STOQ] [restartedMain] INFO  o.a.catalina.core.StandardService - Starting service [Tomcat]
2026-05-18 14:21:42 [STOQ] [restartedMain] INFO  o.a.catalina.core.StandardEngine - Starting Servlet engine: [Apache Tomcat/11.0.18]
2026-05-18 14:21:42 [STOQ] [restartedMain] INFO  o.s.b.w.c.s.WebApplicationContextInitializer - Root WebApplicationContext: initialization completed in 2532 ms
2026-05-18 14:21:43 [STOQ] [restartedMain] INFO  org.hibernate.orm.jpa - HHH008540: Processing PersistenceUnitInfo [name: default]
2026-05-18 14:21:43 [STOQ] [restartedMain] INFO  org.hibernate.orm.core - HHH000001: Hibernate ORM core version 7.2.4.Final
2026-05-18 14:21:43 [STOQ] [restartedMain] INFO  o.s.o.j.p.SpringPersistenceUnitInfo - No LoadTimeWeaver setup: ignoring JPA class transformer
2026-05-18 14:21:43 [STOQ] [restartedMain] INFO  com.zaxxer.hikari.HikariDataSource - HikariPool-1 - Starting...
2026-05-18 14:21:47 [STOQ] [restartedMain] INFO  com.zaxxer.hikari.pool.HikariPool - HikariPool-1 - Added connection org.postgresql.jdbc.PgConnection@139be28
2026-05-18 14:21:47 [STOQ] [restartedMain] INFO  com.zaxxer.hikari.HikariDataSource - HikariPool-1 - Start completed.
2026-05-18 14:21:48 [STOQ] [restartedMain] WARN  org.hibernate.orm.deprecation - HHH90000025: PostgreSQLDialect does not need to be specified explicitly using 'hibernate.dialect' (remove the property setting and it will be selected by default)
2026-05-18 14:21:49 [STOQ] [restartedMain] INFO  o.hibernate.orm.connections.pooling - HHH10001005: Database info:
	Database JDBC URL [jdbc:postgresql://aws-0-us-west-2.pooler.supabase.com:5432/postgres?sslmode=require]
	Database driver: PostgreSQL JDBC Driver
	Database dialect: PostgreSQLDialect
	Database version: 17.6
	Default catalog/schema: postgres/public
	Autocommit mode: undefined/unknown
	Isolation level: READ_COMMITTED [default READ_COMMITTED]
	JDBC fetch size: none
	Pool: DataSourceConnectionProvider
	Minimum pool size: undefined/unknown
	Maximum pool size: undefined/unknown
2026-05-18 14:21:50 [STOQ] [restartedMain] INFO  org.hibernate.orm.core - HHH000489: No JTA platform available (set 'hibernate.transaction.jta.platform' to enable JTA platform integration)
2026-05-18 14:21:52 [STOQ] [restartedMain] INFO  o.s.o.j.LocalContainerEntityManagerFactoryBean - Initialized JPA EntityManagerFactory for persistence unit 'default'
2026-05-18 14:21:53 [STOQ] [restartedMain] INFO  o.s.d.j.r.q.QueryEnhancerFactories - Hibernate is in classpath; If applicable, HQL parser will be used.
2026-05-18 14:21:53 [STOQ] [restartedMain] DEBUG c.Proyecto.stoq.security.JwtFilter - Filter 'jwtFilter' configured for use
2026-05-18 14:21:55 [STOQ] [restartedMain] WARN  o.s.b.j.a.JpaBaseConfiguration$JpaWebConfiguration - spring.jpa.open-in-view is enabled by default. Therefore, database queries may be performed during view rendering. Explicitly configure spring.jpa.open-in-view to disable this warning
2026-05-18 14:21:55 [STOQ] [restartedMain] WARN  o.s.b.s.a.UserDetailsServiceAutoConfiguration - 

Using generated security password: 6737c2cc-66ed-4aa5-9a0a-d685e71215af

This generated password is for development use only. Your security configuration must be updated before running your application in production.

2026-05-18 14:21:55 [STOQ] [restartedMain] INFO  o.s.s.c.a.a.c.InitializeUserDetailsBeanManagerConfigurer$InitializeUserDetailsManagerConfigurer - Global AuthenticationManager configured with UserDetailsService bean with name inMemoryUserDetailsManager
2026-05-18 14:21:55 [STOQ] [restartedMain] DEBUG o.s.s.web.DefaultSecurityFilterChain - Will secure any request with filters: DisableEncodeUrlFilter, WebAsyncManagerIntegrationFilter, SecurityContextHolderFilter, HeaderWriterFilter, CorsFilter, LogoutFilter, JwtFilter, RequestCacheAwareFilter, SecurityContextHolderAwareRequestFilter, AnonymousAuthenticationFilter, ExceptionTranslationFilter, AuthorizationFilter
2026-05-18 14:21:56 [STOQ] [restartedMain] INFO  o.s.b.a.e.web.EndpointLinksResolver - Exposing 6 endpoints beneath base path '/actuator'
2026-05-18 14:21:56 [STOQ] [restartedMain] INFO  o.s.boot.tomcat.TomcatWebServer - Tomcat started on port 8080 (http) with context path '/'
2026-05-18 14:21:56 [STOQ] [restartedMain] INFO  com.Proyecto.stoq.StoqApplication - Started StoqApplication in 16.848 seconds (process running for 17.482)
2026-05-18 14:21:56 [STOQ] [restartedMain] DEBUG org.hibernate.SQL - 
    select
        r1_0.id,
        r1_0.descripcion,
        r1_0.nombre 
    from
        roles r1_0 
    where
        r1_0.nombre=?
2026-05-18 14:21:57 [STOQ] [restartedMain] DEBUG org.hibernate.SQL - 
    select
        r1_0.id,
        r1_0.descripcion,
        r1_0.nombre 
    from
        roles r1_0 
    where
        r1_0.id=?
2026-05-18 14:21:57 [STOQ] [restartedMain] INFO  c.P.s.i.config.DataInitializer - [STOQ-SEED] Rol sincronizado: ADMIN
2026-05-18 14:21:57 [STOQ] [restartedMain] DEBUG org.hibernate.SQL - 
    select
        r1_0.id,
        r1_0.descripcion,
        r1_0.nombre 
    from
        roles r1_0 
    where
        r1_0.nombre=?
2026-05-18 14:21:58 [STOQ] [restartedMain] DEBUG org.hibernate.SQL - 
    select
        r1_0.id,
        r1_0.descripcion,
        r1_0.nombre 
    from
        roles r1_0 
    where
        r1_0.id=?
2026-05-18 14:21:58 [STOQ] [restartedMain] INFO  c.P.s.i.config.DataInitializer - [STOQ-SEED] Rol sincronizado: OPERADOR
2026-05-18 14:21:58 [STOQ] [restartedMain] DEBUG org.hibernate.SQL - 
    select
        r1_0.id,
        r1_0.descripcion,
        r1_0.nombre 
    from
        roles r1_0 
    where
        r1_0.nombre=?
2026-05-18 14:21:59 [STOQ] [restartedMain] DEBUG org.hibernate.SQL - 
    select
        r1_0.id,
        r1_0.descripcion,
        r1_0.nombre 
    from
        roles r1_0 
    where
        r1_0.id=?
2026-05-18 14:21:59 [STOQ] [restartedMain] INFO  c.P.s.i.config.DataInitializer - [STOQ-SEED] Rol sincronizado: GERENTE
2026-05-18 14:24:02 [STOQ] [http-nio-8080-exec-1] INFO  o.a.c.c.C.[Tomcat].[localhost].[/] - Initializing Spring DispatcherServlet 'dispatcherServlet'
2026-05-18 14:24:02 [STOQ] [http-nio-8080-exec-1] INFO  o.s.web.servlet.DispatcherServlet - Initializing Servlet 'dispatcherServlet'
2026-05-18 14:24:02 [STOQ] [http-nio-8080-exec-1] INFO  o.s.web.servlet.DispatcherServlet - Completed initialization in 2 ms
2026-05-18 14:24:02 [STOQ] [http-nio-8080-exec-1] DEBUG o.s.security.web.FilterChainProxy - Securing OPTIONS /api/auth/login
2026-05-18 14:24:03 [STOQ] [http-nio-8080-exec-3] DEBUG o.s.security.web.FilterChainProxy - Securing POST /api/auth/login
2026-05-18 14:24:03 [STOQ] [http-nio-8080-exec-3] DEBUG c.Proyecto.stoq.security.JwtFilter - No Authorization header present or not Bearer - path=/api/auth/login
2026-05-18 14:24:03 [STOQ] [http-nio-8080-exec-3] DEBUG o.s.security.web.FilterChainProxy - Secured POST /api/auth/login
2026-05-18 14:24:03 [STOQ] [http-nio-8080-exec-3] DEBUG o.s.s.w.a.AnonymousAuthenticationFilter - Set SecurityContextHolder to anonymous SecurityContext
2026-05-18 14:24:03 [STOQ] [http-nio-8080-exec-3] INFO  c.P.s.a.aspects.ApiLoggingAspect - [STOQ-MONITOR] ============================================================
2026-05-18 14:24:03 [STOQ] [http-nio-8080-exec-3] INFO  c.P.s.a.aspects.ApiLoggingAspect - [STOQ-MONITOR] IN  2026-05-18 14:24:03 | POST /api/auth/login | user=ANONYMOUS | ip=0:0:0:0:0:0:0:1 | ua=Mozilla/5.0 (Windows NT 10.0; Win64; x64) AppleWebKit/537.36 (KHTML, like Gecko) Code/1.120.0 Chrome/142.0.7444.265 Electron/39.8.8 Safari/537.36
2026-05-18 14:24:03 [STOQ] [http-nio-8080-exec-3] DEBUG org.hibernate.SQL - 
    select
        u1_0.id,
        u1_0.contrasena_hash,
        u1_0.correo,
        u1_0.empresa,
        u1_0.estado,
        u1_0.nombre,
        u1_0.rol_id 
    from
        usuarios u1_0 
    where
        u1_0.correo=?
2026-05-18 14:24:03 [STOQ] [http-nio-8080-exec-3] DEBUG org.hibernate.SQL - 
    select
        r1_0.id,
        r1_0.descripcion,
        r1_0.nombre 
    from
        roles r1_0 
    where
        r1_0.id=?
2026-05-18 14:24:04 [STOQ] [http-nio-8080-exec-3] INFO  c.P.s.a.services.UsuarioServiceImpl - [STOQ-BIZ] LOGIN Usuario | correo=gerente@gmail.com | rol=GERENTE
2026-05-18 14:24:04 [STOQ] [http-nio-8080-exec-3] DEBUG org.hibernate.SQL - 
    insert 
    into
        audit_logs
        (cambios_anterior, cambios_nuevo, created_by, created_date, endpoint, entidad, id_registro, ip_origen, operacion, user_agent, id) 
    values
        (?, ?, ?, ?, ?, ?, ?, ?, ?, ?, ?)
2026-05-18 14:24:04 [STOQ] [http-nio-8080-exec-3] INFO  c.P.s.a.services.AuditService - [STOQ-AUDIT] SAVE | entity=Usuario | operation=LOGIN | record=05faf721-dbef-4f23-803b-8b3df1f17acf | user=SYSTEM | endpoint=POST /api/auth/login | ip=0:0:0:0:0:0:0:1
2026-05-18 14:24:05 [STOQ] [http-nio-8080-exec-3] INFO  c.P.s.a.aspects.ApiLoggingAspect - [STOQ-MONITOR] OUT POST /api/auth/login | status=OK | time=1898 ms | endpoint=AuthController.login(..)
2026-05-18 14:24:05 [STOQ] [http-nio-8080-exec-3] INFO  c.P.s.a.aspects.ApiLoggingAspect - [STOQ-MONITOR] ============================================================
2026-05-18 14:24:05 [STOQ] [http-nio-8080-exec-2] DEBUG o.s.security.web.FilterChainProxy - Securing OPTIONS /api/usuarios/me
2026-05-18 14:24:05 [STOQ] [http-nio-8080-exec-4] DEBUG o.s.security.web.FilterChainProxy - Securing GET /api/usuarios/me
2026-05-18 14:24:05 [STOQ] [http-nio-8080-exec-4] DEBUG org.hibernate.SQL - 
    select
        u1_0.id,
        u1_0.contrasena_hash,
        u1_0.correo,
        u1_0.empresa,
        u1_0.estado,
        u1_0.nombre,
        u1_0.rol_id 
    from
        usuarios u1_0 
    where
        u1_0.correo=?
2026-05-18 14:24:05 [STOQ] [http-nio-8080-exec-4] DEBUG org.hibernate.SQL - 
    select
        r1_0.id,
        r1_0.descripcion,
        r1_0.nombre 
    from
        roles r1_0 
    where
        r1_0.id=?
2026-05-18 14:24:05 [STOQ] [http-nio-8080-exec-4] INFO  c.Proyecto.stoq.security.JwtFilter - Authenticated request for email=gerente@gmail.com role=GERENTE path=/api/usuarios/me
2026-05-18 14:24:05 [STOQ] [http-nio-8080-exec-4] DEBUG o.s.security.web.FilterChainProxy - Secured GET /api/usuarios/me
2026-05-18 14:24:05 [STOQ] [http-nio-8080-exec-4] INFO  c.P.s.a.aspects.ApiLoggingAspect - [STOQ-MONITOR] ============================================================
2026-05-18 14:24:05 [STOQ] [http-nio-8080-exec-4] INFO  c.P.s.a.aspects.ApiLoggingAspect - [STOQ-MONITOR] IN  2026-05-18 14:24:05 | GET /api/usuarios/me | user=gerente@gmail.com | ip=0:0:0:0:0:0:0:1 | ua=Mozilla/5.0 (Windows NT 10.0; Win64; x64) AppleWebKit/537.36 (KHTML, like Gecko) Code/1.120.0 Chrome/142.0.7444.265 Electron/39.8.8 Safari/537.36
2026-05-18 14:24:05 [STOQ] [http-nio-8080-exec-4] DEBUG org.hibernate.SQL - 
    select
        u1_0.id,
        u1_0.contrasena_hash,
        u1_0.correo,
        u1_0.empresa,
        u1_0.estado,
        u1_0.nombre,
        u1_0.rol_id 
    from
        usuarios u1_0 
    where
        u1_0.correo=?
2026-05-18 14:24:06 [STOQ] [http-nio-8080-exec-4] DEBUG org.hibernate.SQL - 
    select
        r1_0.id,
        r1_0.descripcion,
        r1_0.nombre 
    from
        roles r1_0 
    where
        r1_0.id=?
2026-05-18 14:24:06 [STOQ] [http-nio-8080-exec-4] INFO  c.P.s.a.aspects.ApiLoggingAspect - [STOQ-MONITOR] OUT GET /api/usuarios/me | status=OK | time=613 ms | endpoint=UsuarioController.obtenerUsuarioAutenticado(..)
2026-05-18 14:24:06 [STOQ] [http-nio-8080-exec-4] INFO  c.P.s.a.aspects.ApiLoggingAspect - [STOQ-MONITOR] ============================================================
2026-05-18 14:24:06 [STOQ] [http-nio-8080-exec-10] DEBUG o.s.security.web.FilterChainProxy - Securing OPTIONS /api/alertas/resumen
2026-05-18 14:24:06 [STOQ] [http-nio-8080-exec-6] DEBUG o.s.security.web.FilterChainProxy - Securing GET /api/usuarios/me
2026-05-18 14:24:06 [STOQ] [http-nio-8080-exec-7] DEBUG o.s.security.web.FilterChainProxy - Securing OPTIONS /api/productos/criticos
2026-05-18 14:24:06 [STOQ] [http-nio-8080-exec-8] DEBUG o.s.security.web.FilterChainProxy - Securing OPTIONS /api/productos/criticos
2026-05-18 14:24:06 [STOQ] [http-nio-8080-exec-6] DEBUG org.hibernate.SQL - 
    select
        u1_0.id,
        u1_0.contrasena_hash,
        u1_0.correo,
        u1_0.empresa,
        u1_0.estado,
        u1_0.nombre,
        u1_0.rol_id 
    from
        usuarios u1_0 
    where
        u1_0.correo=?
2026-05-18 14:24:06 [STOQ] [http-nio-8080-exec-9] DEBUG o.s.security.web.FilterChainProxy - Securing GET /api/alertas/resumen
2026-05-18 14:24:06 [STOQ] [http-nio-8080-exec-5] DEBUG o.s.security.web.FilterChainProxy - Securing GET /api/productos/criticos
2026-05-18 14:24:06 [STOQ] [http-nio-8080-exec-9] DEBUG org.hibernate.SQL - 
    select
        u1_0.id,
        u1_0.contrasena_hash,
        u1_0.correo,
        u1_0.empresa,
        u1_0.estado,
        u1_0.nombre,
        u1_0.rol_id 
    from
        usuarios u1_0 
    where
        u1_0.correo=?
2026-05-18 14:24:06 [STOQ] [http-nio-8080-exec-5] DEBUG org.hibernate.SQL - 
    select
        u1_0.id,
        u1_0.contrasena_hash,
        u1_0.correo,
        u1_0.empresa,
        u1_0.estado,
        u1_0.nombre,
        u1_0.rol_id 
    from
        usuarios u1_0 
    where
        u1_0.correo=?
2026-05-18 14:24:06 [STOQ] [http-nio-8080-exec-6] DEBUG org.hibernate.SQL - 
    select
        r1_0.id,
        r1_0.descripcion,
        r1_0.nombre 
    from
        roles r1_0 
    where
        r1_0.id=?
2026-05-18 14:24:07 [STOQ] [http-nio-8080-exec-6] INFO  c.Proyecto.stoq.security.JwtFilter - Authenticated request for email=gerente@gmail.com role=GERENTE path=/api/usuarios/me
2026-05-18 14:24:07 [STOQ] [http-nio-8080-exec-6] DEBUG o.s.security.web.FilterChainProxy - Secured GET /api/usuarios/me
2026-05-18 14:24:07 [STOQ] [http-nio-8080-exec-6] INFO  c.P.s.a.aspects.ApiLoggingAspect - [STOQ-MONITOR] ============================================================
2026-05-18 14:24:07 [STOQ] [http-nio-8080-exec-6] INFO  c.P.s.a.aspects.ApiLoggingAspect - [STOQ-MONITOR] IN  2026-05-18 14:24:07 | GET /api/usuarios/me | user=gerente@gmail.com | ip=0:0:0:0:0:0:0:1 | ua=Mozilla/5.0 (Windows NT 10.0; Win64; x64) AppleWebKit/537.36 (KHTML, like Gecko) Code/1.120.0 Chrome/142.0.7444.265 Electron/39.8.8 Safari/537.36
2026-05-18 14:24:07 [STOQ] [http-nio-8080-exec-6] DEBUG org.hibernate.SQL - 
    select
        u1_0.id,
        u1_0.contrasena_hash,
        u1_0.correo,
        u1_0.empresa,
        u1_0.estado,
        u1_0.nombre,
        u1_0.rol_id 
    from
        usuarios u1_0 
    where
        u1_0.correo=?
2026-05-18 14:24:07 [STOQ] [http-nio-8080-exec-9] DEBUG org.hibernate.SQL - 
    select
        r1_0.id,
        r1_0.descripcion,
        r1_0.nombre 
    from
        roles r1_0 
    where
        r1_0.id=?
2026-05-18 14:24:07 [STOQ] [http-nio-8080-exec-5] DEBUG org.hibernate.SQL - 
    select
        r1_0.id,
        r1_0.descripcion,
        r1_0.nombre 
    from
        roles r1_0 
    where
        r1_0.id=?
2026-05-18 14:24:07 [STOQ] [http-nio-8080-exec-6] DEBUG org.hibernate.SQL - 
    select
        r1_0.id,
        r1_0.descripcion,
        r1_0.nombre 
    from
        roles r1_0 
    where
        r1_0.id=?
2026-05-18 14:24:07 [STOQ] [http-nio-8080-exec-5] INFO  c.Proyecto.stoq.security.JwtFilter - Authenticated request for email=gerente@gmail.com role=GERENTE path=/api/productos/criticos
2026-05-18 14:24:07 [STOQ] [http-nio-8080-exec-9] INFO  c.Proyecto.stoq.security.JwtFilter - Authenticated request for email=gerente@gmail.com role=GERENTE path=/api/alertas/resumen
2026-05-18 14:24:07 [STOQ] [http-nio-8080-exec-5] DEBUG o.s.security.web.FilterChainProxy - Secured GET /api/productos/criticos
2026-05-18 14:24:07 [STOQ] [http-nio-8080-exec-9] DEBUG o.s.security.web.FilterChainProxy - Secured GET /api/alertas/resumen
2026-05-18 14:24:07 [STOQ] [http-nio-8080-exec-5] DEBUG o.s.s.a.m.AuthorizationManagerBeforeMethodInterceptor - Authorizing method invocation ReflectiveMethodInvocation: public java.util.List com.Proyecto.stoq.adapters.controllers.ProductosController.obtenerProductosCriticos(); target is of class [com.Proyecto.stoq.adapters.controllers.ProductosController]
2026-05-18 14:24:07 [STOQ] [http-nio-8080-exec-9] INFO  c.P.s.a.aspects.ApiLoggingAspect - [STOQ-MONITOR] ============================================================
2026-05-18 14:24:07 [STOQ] [http-nio-8080-exec-9] INFO  c.P.s.a.aspects.ApiLoggingAspect - [STOQ-MONITOR] IN  2026-05-18 14:24:07 | GET /api/alertas/resumen | user=gerente@gmail.com | ip=0:0:0:0:0:0:0:1 | ua=Mozilla/5.0 (Windows NT 10.0; Win64; x64) AppleWebKit/537.36 (KHTML, like Gecko) Code/1.120.0 Chrome/142.0.7444.265 Electron/39.8.8 Safari/537.36
2026-05-18 14:24:07 [STOQ] [http-nio-8080-exec-9] DEBUG org.hibernate.SQL - 
    select
        u1_0.id,
        u1_0.contrasena_hash,
        u1_0.correo,
        u1_0.empresa,
        u1_0.estado,
        u1_0.nombre,
        u1_0.rol_id 
    from
        usuarios u1_0 
    where
        u1_0.correo=?
2026-05-18 14:24:07 [STOQ] [http-nio-8080-exec-5] DEBUG o.s.s.a.m.AuthorizationManagerBeforeMethodInterceptor - Authorized method invocation ReflectiveMethodInvocation: public java.util.List com.Proyecto.stoq.adapters.controllers.ProductosController.obtenerProductosCriticos(); target is of class [com.Proyecto.stoq.adapters.controllers.ProductosController]
2026-05-18 14:24:07 [STOQ] [http-nio-8080-exec-5] INFO  c.P.s.a.aspects.ApiLoggingAspect - [STOQ-MONITOR] ============================================================
2026-05-18 14:24:07 [STOQ] [http-nio-8080-exec-5] INFO  c.P.s.a.aspects.ApiLoggingAspect - [STOQ-MONITOR] IN  2026-05-18 14:24:07 | GET /api/productos/criticos | user=gerente@gmail.com | ip=0:0:0:0:0:0:0:1 | ua=Mozilla/5.0 (Windows NT 10.0; Win64; x64) AppleWebKit/537.36 (KHTML, like Gecko) Code/1.120.0 Chrome/142.0.7444.265 Electron/39.8.8 Safari/537.36
2026-05-18 14:24:07 [STOQ] [http-nio-8080-exec-5] DEBUG org.hibernate.SQL - 
    select
        u1_0.id,
        u1_0.contrasena_hash,
        u1_0.correo,
        u1_0.empresa,
        u1_0.estado,
        u1_0.nombre,
        u1_0.rol_id 
    from
        usuarios u1_0 
    where
        u1_0.correo=?
2026-05-18 14:24:07 [STOQ] [http-nio-8080-exec-9] DEBUG org.hibernate.SQL - 
    select
        r1_0.id,
        r1_0.descripcion,
        r1_0.nombre 
    from
        roles r1_0 
    where
        r1_0.id=?
2026-05-18 14:24:07 [STOQ] [http-nio-8080-exec-5] DEBUG org.hibernate.SQL - 
    select
        r1_0.id,
        r1_0.descripcion,
        r1_0.nombre 
    from
        roles r1_0 
    where
        r1_0.id=?
2026-05-18 14:24:07 [STOQ] [http-nio-8080-exec-6] INFO  c.P.s.a.aspects.ApiLoggingAspect - [STOQ-MONITOR] OUT GET /api/usuarios/me | status=OK | time=615 ms | endpoint=UsuarioController.obtenerUsuarioAutenticado(..)
2026-05-18 14:24:07 [STOQ] [http-nio-8080-exec-6] INFO  c.P.s.a.aspects.ApiLoggingAspect - [STOQ-MONITOR] ============================================================
2026-05-18 14:24:08 [STOQ] [http-nio-8080-exec-5] DEBUG org.hibernate.SQL - 
    select
        p1_0.id,
        p1_0.categoria_id,
        p1_0.codigo,
        p1_0.empresa,
        p1_0.estado,
        p1_0.fecha_actualizacion,
        p1_0.fecha_creacion,
        p1_0.nombre,
        p1_0.stock_actual,
        p1_0.stock_minimo,
        p1_0.ubicacion,
        p1_0.unidad_id 
    from
        productos p1_0
2026-05-18 14:24:08 [STOQ] [http-nio-8080-exec-9] DEBUG org.hibernate.SQL - 
    select
        p1_0.id,
        p1_0.categoria_id,
        p1_0.codigo,
        p1_0.empresa,
        p1_0.estado,
        p1_0.fecha_actualizacion,
        p1_0.fecha_creacion,
        p1_0.nombre,
        p1_0.stock_actual,
        p1_0.stock_minimo,
        p1_0.ubicacion,
        p1_0.unidad_id 
    from
        productos p1_0
2026-05-18 14:24:08 [STOQ] [http-nio-8080-exec-9] DEBUG org.hibernate.SQL - 
    select
        c1_0.id,
        c1_0.descripcion,
        c1_0.estado,
        c1_0.fecha_creacion,
        c1_0.nombre 
    from
        categorias c1_0 
    where
        c1_0.id=?
2026-05-18 14:24:08 [STOQ] [http-nio-8080-exec-5] DEBUG org.hibernate.SQL - 
    select
        c1_0.id,
        c1_0.descripcion,
        c1_0.estado,
        c1_0.fecha_creacion,
        c1_0.nombre 
    from
        categorias c1_0 
    where
        c1_0.id=?
2026-05-18 14:24:08 [STOQ] [http-nio-8080-exec-9] DEBUG org.hibernate.SQL - 
    select
        u1_0.id,
        u1_0.abreviatura,
        u1_0.estado,
        u1_0.nombre 
    from
        unidades u1_0 
    where
        u1_0.id=?
2026-05-18 14:24:08 [STOQ] [http-nio-8080-exec-5] DEBUG org.hibernate.SQL - 
    select
        u1_0.id,
        u1_0.abreviatura,
        u1_0.estado,
        u1_0.nombre 
    from
        unidades u1_0 
    where
        u1_0.id=?
2026-05-18 14:24:08 [STOQ] [http-nio-8080-exec-5] DEBUG org.hibernate.SQL - 
    select
        c1_0.id,
        c1_0.descripcion,
        c1_0.estado,
        c1_0.fecha_creacion,
        c1_0.nombre 
    from
        categorias c1_0 
    where
        c1_0.id=?
2026-05-18 14:24:08 [STOQ] [http-nio-8080-exec-9] DEBUG org.hibernate.SQL - 
    select
        c1_0.id,
        c1_0.descripcion,
        c1_0.estado,
        c1_0.fecha_creacion,
        c1_0.nombre 
    from
        categorias c1_0 
    where
        c1_0.id=?
2026-05-18 14:24:09 [STOQ] [http-nio-8080-exec-9] DEBUG org.hibernate.SQL - 
    select
        u1_0.id,
        u1_0.abreviatura,
        u1_0.estado,
        u1_0.nombre 
    from
        unidades u1_0 
    where
        u1_0.id=?
2026-05-18 14:24:09 [STOQ] [http-nio-8080-exec-5] DEBUG org.hibernate.SQL - 
    select
        u1_0.id,
        u1_0.abreviatura,
        u1_0.estado,
        u1_0.nombre 
    from
        unidades u1_0 
    where
        u1_0.id=?
2026-05-18 14:24:09 [STOQ] [http-nio-8080-exec-1] DEBUG o.s.security.web.FilterChainProxy - Securing OPTIONS /api/reportes/categorias?inicio=2026-04-19&fin=2026-05-18
2026-05-18 14:24:09 [STOQ] [http-nio-8080-exec-3] DEBUG o.s.security.web.FilterChainProxy - Securing GET /api/reportes/categorias?inicio=2026-04-19&fin=2026-05-18
2026-05-18 14:24:09 [STOQ] [http-nio-8080-exec-3] DEBUG org.hibernate.SQL - 
    select
        u1_0.id,
        u1_0.contrasena_hash,
        u1_0.correo,
        u1_0.empresa,
        u1_0.estado,
        u1_0.nombre,
        u1_0.rol_id 
    from
        usuarios u1_0 
    where
        u1_0.correo=?
2026-05-18 14:24:09 [STOQ] [http-nio-8080-exec-9] DEBUG org.hibernate.SQL - 
    select
        u1_0.id,
        u1_0.abreviatura,
        u1_0.estado,
        u1_0.nombre 
    from
        unidades u1_0 
    where
        u1_0.id=?
2026-05-18 14:24:09 [STOQ] [http-nio-8080-exec-5] DEBUG org.hibernate.SQL - 
    select
        u1_0.id,
        u1_0.abreviatura,
        u1_0.estado,
        u1_0.nombre 
    from
        unidades u1_0 
    where
        u1_0.id=?
2026-05-18 14:24:09 [STOQ] [http-nio-8080-exec-5] DEBUG org.hibernate.SQL - 
    select
        c1_0.id,
        c1_0.descripcion,
        c1_0.estado,
        c1_0.fecha_creacion,
        c1_0.nombre 
    from
        categorias c1_0 
    where
        c1_0.id=?
2026-05-18 14:24:09 [STOQ] [http-nio-8080-exec-9] DEBUG org.hibernate.SQL - 
    select
        c1_0.id,
        c1_0.descripcion,
        c1_0.estado,
        c1_0.fecha_creacion,
        c1_0.nombre 
    from
        categorias c1_0 
    where
        c1_0.id=?
2026-05-18 14:24:10 [STOQ] [http-nio-8080-exec-3] DEBUG org.hibernate.SQL - 
    select
        r1_0.id,
        r1_0.descripcion,
        r1_0.nombre 
    from
        roles r1_0 
    where
        r1_0.id=?
2026-05-18 14:24:10 [STOQ] [http-nio-8080-exec-5] DEBUG org.hibernate.SQL - 
    select
        c1_0.id,
        c1_0.descripcion,
        c1_0.estado,
        c1_0.fecha_creacion,
        c1_0.nombre 
    from
        categorias c1_0 
    where
        c1_0.id=?
2026-05-18 14:24:10 [STOQ] [http-nio-8080-exec-9] DEBUG org.hibernate.SQL - 
    select
        c1_0.id,
        c1_0.descripcion,
        c1_0.estado,
        c1_0.fecha_creacion,
        c1_0.nombre 
    from
        categorias c1_0 
    where
        c1_0.id=?
2026-05-18 14:24:10 [STOQ] [http-nio-8080-exec-9] DEBUG org.hibernate.SQL - 
    select
        u1_0.id,
        u1_0.abreviatura,
        u1_0.estado,
        u1_0.nombre 
    from
        unidades u1_0 
    where
        u1_0.id=?
2026-05-18 14:24:10 [STOQ] [http-nio-8080-exec-3] INFO  c.Proyecto.stoq.security.JwtFilter - Authenticated request for email=gerente@gmail.com role=GERENTE path=/api/reportes/categorias
2026-05-18 14:24:10 [STOQ] [http-nio-8080-exec-5] DEBUG org.hibernate.SQL - 
    select
        u1_0.id,
        u1_0.abreviatura,
        u1_0.estado,
        u1_0.nombre 
    from
        unidades u1_0 
    where
        u1_0.id=?
2026-05-18 14:24:10 [STOQ] [http-nio-8080-exec-3] DEBUG o.s.security.web.FilterChainProxy - Secured GET /api/reportes/categorias?inicio=2026-04-19&fin=2026-05-18
2026-05-18 14:24:10 [STOQ] [http-nio-8080-exec-3] INFO  c.P.s.a.aspects.ApiLoggingAspect - [STOQ-MONITOR] ============================================================
2026-05-18 14:24:10 [STOQ] [http-nio-8080-exec-3] INFO  c.P.s.a.aspects.ApiLoggingAspect - [STOQ-MONITOR] IN  2026-05-18 14:24:10 | GET /api/reportes/categorias | user=gerente@gmail.com | ip=0:0:0:0:0:0:0:1 | ua=Mozilla/5.0 (Windows NT 10.0; Win64; x64) AppleWebKit/537.36 (KHTML, like Gecko) Code/1.120.0 Chrome/142.0.7444.265 Electron/39.8.8 Safari/537.36
2026-05-18 14:24:10 [STOQ] [http-nio-8080-exec-3] DEBUG org.hibernate.SQL - 
    select
        u1_0.id,
        u1_0.contrasena_hash,
        u1_0.correo,
        u1_0.empresa,
        u1_0.estado,
        u1_0.nombre,
        u1_0.rol_id 
    from
        usuarios u1_0 
    where
        u1_0.correo=?
2026-05-18 14:24:10 [STOQ] [http-nio-8080-exec-3] DEBUG org.hibernate.SQL - 
    select
        r1_0.id,
        r1_0.descripcion,
        r1_0.nombre 
    from
        roles r1_0 
    where
        r1_0.id=?
2026-05-18 14:24:11 [STOQ] [http-nio-8080-exec-5] INFO  c.P.s.a.aspects.ApiLoggingAspect - [STOQ-MONITOR] OUT GET /api/productos/criticos | status=OK | time=3538 ms | endpoint=ProductosController.obtenerProductosCriticos()
2026-05-18 14:24:11 [STOQ] [http-nio-8080-exec-5] INFO  c.P.s.a.aspects.ApiLoggingAspect - [STOQ-MONITOR] ============================================================
2026-05-18 14:24:11 [STOQ] [http-nio-8080-exec-2] DEBUG o.s.security.web.FilterChainProxy - Securing GET /api/productos/criticos
2026-05-18 14:24:11 [STOQ] [http-nio-8080-exec-2] DEBUG org.hibernate.SQL - 
    select
        u1_0.id,
        u1_0.contrasena_hash,
        u1_0.correo,
        u1_0.empresa,
        u1_0.estado,
        u1_0.nombre,
        u1_0.rol_id 
    from
        usuarios u1_0 
    where
        u1_0.correo=?
2026-05-18 14:24:11 [STOQ] [http-nio-8080-exec-9] DEBUG org.hibernate.SQL - 
    select
        a1_0.id,
        a1_0.fecha,
        a1_0.leida,
        a1_0.mensaje,
        a1_0.producto_id,
        p1_0.id,
        p1_0.categoria_id,
        c1_0.id,
        c1_0.descripcion,
        c1_0.estado,
        c1_0.fecha_creacion,
        c1_0.nombre,
        p1_0.codigo,
        p1_0.empresa,
        p1_0.estado,
        p1_0.fecha_actualizacion,
        p1_0.fecha_creacion,
        p1_0.nombre,
        p1_0.stock_actual,
        p1_0.stock_minimo,
        p1_0.ubicacion,
        p1_0.unidad_id,
        a1_0.tipo 
    from
        alertas a1_0 
    join
        productos p1_0 
            on p1_0.id=a1_0.producto_id 
    join
        categorias c1_0 
            on c1_0.id=p1_0.categoria_id
2026-05-18 14:24:11 [STOQ] [http-nio-8080-exec-3] DEBUG org.hibernate.SQL - 
    select
        c1_0.id,
        c1_0.nombre,
        count(p1_0.id),
        coalesce(sum(coalesce(p1_0.stock_actual, 0)), cast(0 as bigint)),
        coalesce(sum(coalesce(p1_0.stock_minimo, 0)), cast(0 as bigint)),
        cast(0 as bigint),
        cast(0 as bigint),
        cast(0 as bigint),
        cast(0 as bigint),
        cast(0 as bigint),
        cast(0 as bigint) 
    from
        productos p1_0 
    join
        categorias c1_0 
            on c1_0.id=p1_0.categoria_id 
    where
        p1_0.empresa=? 
        and p1_0.estado=true 
    group by
        c1_0.id,
        c1_0.nombre 
    order by
        c1_0.nombre
2026-05-18 14:24:11 [STOQ] [http-nio-8080-exec-2] DEBUG org.hibernate.SQL - 
    select
        r1_0.id,
        r1_0.descripcion,
        r1_0.nombre 
    from
        roles r1_0 
    where
        r1_0.id=?
2026-05-18 14:24:11 [STOQ] [http-nio-8080-exec-3] DEBUG org.hibernate.SQL - 
    select
        c1_0.id,
        c1_0.nombre,
        cast(0 as bigint),
        cast(0 as bigint),
        cast(0 as bigint),
        count(mi1_0.id),
        coalesce(sum(mi1_0.cantidad), cast(0 as bigint)),
        coalesce(sum(case 
            when upper(mi1_0.tipo_movimiento)='ENTRADA' 
                then 1 
            else 0 
    end), cast(0 as bigint)),
    coalesce(sum(case 
        when upper(mi1_0.tipo_movimiento)='SALIDA' 
            then 1 
        else 0 
end), cast(0 as bigint)),
coalesce(sum(case 
    when upper(mi1_0.tipo_movimiento)='ENTRADA' 
        then mi1_0.cantidad 
    else 0 
end), cast(0 as bigint)),
coalesce(sum(case 
    when upper(mi1_0.tipo_movimiento)='SALIDA' 
        then mi1_0.cantidad 
    else 0 
end), cast(0 as bigint)) 
from
    movimientos_inventario mi1_0 
join
    productos p1_0 
        on p1_0.id=mi1_0.producto_id 
join
    categorias c1_0 
        on c1_0.id=p1_0.categoria_id 
where
    p1_0.empresa=? 
    and mi1_0.fecha_movimiento between ? and ? 
group by
    c1_0.id,
    c1_0.nombre 
order by
    c1_0.nombre
2026-05-18 14:24:11 [STOQ] [http-nio-8080-exec-2] INFO  c.Proyecto.stoq.security.JwtFilter - Authenticated request for email=gerente@gmail.com role=GERENTE path=/api/productos/criticos
2026-05-18 14:24:11 [STOQ] [http-nio-8080-exec-2] DEBUG o.s.security.web.FilterChainProxy - Secured GET /api/productos/criticos
2026-05-18 14:24:11 [STOQ] [http-nio-8080-exec-2] DEBUG o.s.s.a.m.AuthorizationManagerBeforeMethodInterceptor - Authorizing method invocation ReflectiveMethodInvocation: public java.util.List com.Proyecto.stoq.adapters.controllers.ProductosController.obtenerProductosCriticos(); target is of class [com.Proyecto.stoq.adapters.controllers.ProductosController]
2026-05-18 14:24:11 [STOQ] [http-nio-8080-exec-2] DEBUG o.s.s.a.m.AuthorizationManagerBeforeMethodInterceptor - Authorized method invocation ReflectiveMethodInvocation: public java.util.List com.Proyecto.stoq.adapters.controllers.ProductosController.obtenerProductosCriticos(); target is of class [com.Proyecto.stoq.adapters.controllers.ProductosController]
2026-05-18 14:24:11 [STOQ] [http-nio-8080-exec-2] INFO  c.P.s.a.aspects.ApiLoggingAspect - [STOQ-MONITOR] ============================================================
2026-05-18 14:24:11 [STOQ] [http-nio-8080-exec-2] INFO  c.P.s.a.aspects.ApiLoggingAspect - [STOQ-MONITOR] IN  2026-05-18 14:24:11 | GET /api/productos/criticos | user=gerente@gmail.com | ip=0:0:0:0:0:0:0:1 | ua=Mozilla/5.0 (Windows NT 10.0; Win64; x64) AppleWebKit/537.36 (KHTML, like Gecko) Code/1.120.0 Chrome/142.0.7444.265 Electron/39.8.8 Safari/537.36
2026-05-18 14:24:11 [STOQ] [http-nio-8080-exec-9] DEBUG org.hibernate.SQL - 
    select
        a1_0.id,
        a1_0.fecha,
        a1_0.leida,
        a1_0.mensaje,
        a1_0.producto_id,
        p1_0.id,
        p1_0.categoria_id,
        c1_0.id,
        c1_0.descripcion,
        c1_0.estado,
        c1_0.fecha_creacion,
        c1_0.nombre,
        p1_0.codigo,
        p1_0.empresa,
        p1_0.estado,
        p1_0.fecha_actualizacion,
        p1_0.fecha_creacion,
        p1_0.nombre,
        p1_0.stock_actual,
        p1_0.stock_minimo,
        p1_0.ubicacion,
        p1_0.unidad_id,
        a1_0.tipo 
    from
        alertas a1_0 
    join
        productos p1_0 
            on p1_0.id=a1_0.producto_id 
    join
        categorias c1_0 
            on c1_0.id=p1_0.categoria_id
2026-05-18 14:24:11 [STOQ] [http-nio-8080-exec-2] DEBUG org.hibernate.SQL - 
    select
        u1_0.id,
        u1_0.contrasena_hash,
        u1_0.correo,
        u1_0.empresa,
        u1_0.estado,
        u1_0.nombre,
        u1_0.rol_id 
    from
        usuarios u1_0 
    where
        u1_0.correo=?
2026-05-18 14:24:11 [STOQ] [http-nio-8080-exec-2] DEBUG org.hibernate.SQL - 
    select
        r1_0.id,
        r1_0.descripcion,
        r1_0.nombre 
    from
        roles r1_0 
    where
        r1_0.id=?
2026-05-18 14:24:11 [STOQ] [http-nio-8080-exec-3] INFO  c.P.s.a.aspects.ApiLoggingAspect - [STOQ-MONITOR] OUT GET /api/reportes/categorias | status=OK | time=1499 ms | endpoint=ReportesController.obtenerReporteCategorias(..)
2026-05-18 14:24:11 [STOQ] [http-nio-8080-exec-3] INFO  c.P.s.a.aspects.ApiLoggingAspect - [STOQ-MONITOR] ============================================================
2026-05-18 14:24:12 [STOQ] [http-nio-8080-exec-9] INFO  c.P.s.a.aspects.ApiLoggingAspect - [STOQ-MONITOR] OUT GET /api/alertas/resumen | status=OK | time=4723 ms | endpoint=AlertaController.obtenerResumen()
2026-05-18 14:24:12 [STOQ] [http-nio-8080-exec-9] INFO  c.P.s.a.aspects.ApiLoggingAspect - [STOQ-MONITOR] ============================================================
2026-05-18 14:24:12 [STOQ] [http-nio-8080-exec-2] DEBUG org.hibernate.SQL - 
    select
        p1_0.id,
        p1_0.categoria_id,
        p1_0.codigo,
        p1_0.empresa,
        p1_0.estado,
        p1_0.fecha_actualizacion,
        p1_0.fecha_creacion,
        p1_0.nombre,
        p1_0.stock_actual,
        p1_0.stock_minimo,
        p1_0.ubicacion,
        p1_0.unidad_id 
    from
        productos p1_0
2026-05-18 14:24:12 [STOQ] [http-nio-8080-exec-2] DEBUG org.hibernate.SQL - 
    select
        c1_0.id,
        c1_0.descripcion,
        c1_0.estado,
        c1_0.fecha_creacion,
        c1_0.nombre 
    from
        categorias c1_0 
    where
        c1_0.id=?
2026-05-18 14:24:12 [STOQ] [http-nio-8080-exec-2] DEBUG org.hibernate.SQL - 
    select
        u1_0.id,
        u1_0.abreviatura,
        u1_0.estado,
        u1_0.nombre 
    from
        unidades u1_0 
    where
        u1_0.id=?
2026-05-18 14:24:13 [STOQ] [http-nio-8080-exec-2] DEBUG org.hibernate.SQL - 
    select
        c1_0.id,
        c1_0.descripcion,
        c1_0.estado,
        c1_0.fecha_creacion,
        c1_0.nombre 
    from
        categorias c1_0 
    where
        c1_0.id=?
2026-05-18 14:24:13 [STOQ] [http-nio-8080-exec-2] DEBUG org.hibernate.SQL - 
    select
        u1_0.id,
        u1_0.abreviatura,
        u1_0.estado,
        u1_0.nombre 
    from
        unidades u1_0 
    where
        u1_0.id=?
2026-05-18 14:24:13 [STOQ] [http-nio-8080-exec-2] DEBUG org.hibernate.SQL - 
    select
        u1_0.id,
        u1_0.abreviatura,
        u1_0.estado,
        u1_0.nombre 
    from
        unidades u1_0 
    where
        u1_0.id=?
2026-05-18 14:24:14 [STOQ] [http-nio-8080-exec-2] DEBUG org.hibernate.SQL - 
    select
        c1_0.id,
        c1_0.descripcion,
        c1_0.estado,
        c1_0.fecha_creacion,
        c1_0.nombre 
    from
        categorias c1_0 
    where
        c1_0.id=?
2026-05-18 14:24:14 [STOQ] [http-nio-8080-exec-2] DEBUG org.hibernate.SQL - 
    select
        c1_0.id,
        c1_0.descripcion,
        c1_0.estado,
        c1_0.fecha_creacion,
        c1_0.nombre 
    from
        categorias c1_0 
    where
        c1_0.id=?
2026-05-18 14:24:14 [STOQ] [http-nio-8080-exec-2] DEBUG org.hibernate.SQL - 
    select
        u1_0.id,
        u1_0.abreviatura,
        u1_0.estado,
        u1_0.nombre 
    from
        unidades u1_0 
    where
        u1_0.id=?
2026-05-18 14:24:15 [STOQ] [http-nio-8080-exec-2] INFO  c.P.s.a.aspects.ApiLoggingAspect - [STOQ-MONITOR] OUT GET /api/productos/criticos | status=OK | time=3686 ms | endpoint=ProductosController.obtenerProductosCriticos()
2026-05-18 14:24:15 [STOQ] [http-nio-8080-exec-2] INFO  c.P.s.a.aspects.ApiLoggingAspect - [STOQ-MONITOR] ============================================================
2026-05-18 14:48:42 [STOQ] [restartedMain] INFO  com.Proyecto.stoq.StoqApplication - Starting StoqApplication using Java 25.0.2 with PID 23000 (C:\Proy_Taller\Stoq-backend\build\classes\java\main started by Harold in C:\Proy_Taller\Stoq-backend)
2026-05-18 14:48:42 [STOQ] [restartedMain] DEBUG com.Proyecto.stoq.StoqApplication - Running with Spring Boot v4.0.3, Spring v7.0.5
2026-05-18 14:48:42 [STOQ] [restartedMain] INFO  com.Proyecto.stoq.StoqApplication - No active profile set, falling back to 1 default profile: "default"
2026-05-18 14:48:42 [STOQ] [restartedMain] INFO  o.s.b.d.e.DevToolsPropertyDefaultsPostProcessor - Devtools property defaults active! Set 'spring.devtools.add-properties' to 'false' to disable
2026-05-18 14:48:42 [STOQ] [restartedMain] INFO  o.s.b.d.e.DevToolsPropertyDefaultsPostProcessor - For additional web related logging consider setting the 'logging.level.web' property to 'DEBUG'
2026-05-18 14:48:43 [STOQ] [restartedMain] INFO  o.s.d.r.c.RepositoryConfigurationDelegate - Bootstrapping Spring Data JPA repositories in DEFAULT mode.
2026-05-18 14:48:43 [STOQ] [restartedMain] INFO  o.s.d.r.c.RepositoryConfigurationDelegate - Finished Spring Data repository scanning in 92 ms. Found 9 JPA repository interfaces.
2026-05-18 14:48:43 [STOQ] [restartedMain] INFO  o.s.boot.tomcat.TomcatWebServer - Tomcat initialized with port 8080 (http)
2026-05-18 14:48:44 [STOQ] [restartedMain] INFO  o.a.catalina.core.StandardService - Starting service [Tomcat]
2026-05-18 14:48:44 [STOQ] [restartedMain] INFO  o.a.catalina.core.StandardEngine - Starting Servlet engine: [Apache Tomcat/11.0.18]
2026-05-18 14:48:44 [STOQ] [restartedMain] INFO  o.s.b.w.c.s.WebApplicationContextInitializer - Root WebApplicationContext: initialization completed in 1945 ms
2026-05-18 14:48:44 [STOQ] [restartedMain] INFO  org.hibernate.orm.jpa - HHH008540: Processing PersistenceUnitInfo [name: default]
2026-05-18 14:48:44 [STOQ] [restartedMain] INFO  org.hibernate.orm.core - HHH000001: Hibernate ORM core version 7.2.4.Final
2026-05-18 14:48:44 [STOQ] [restartedMain] INFO  o.s.o.j.p.SpringPersistenceUnitInfo - No LoadTimeWeaver setup: ignoring JPA class transformer
2026-05-18 14:48:44 [STOQ] [restartedMain] INFO  com.zaxxer.hikari.HikariDataSource - HikariPool-1 - Starting...
2026-05-18 14:48:47 [STOQ] [restartedMain] INFO  com.zaxxer.hikari.pool.HikariPool - HikariPool-1 - Added connection org.postgresql.jdbc.PgConnection@11987dac
2026-05-18 14:48:48 [STOQ] [restartedMain] INFO  com.zaxxer.hikari.HikariDataSource - HikariPool-1 - Start completed.
2026-05-18 14:48:48 [STOQ] [restartedMain] WARN  org.hibernate.orm.deprecation - HHH90000025: PostgreSQLDialect does not need to be specified explicitly using 'hibernate.dialect' (remove the property setting and it will be selected by default)
2026-05-18 14:48:49 [STOQ] [restartedMain] INFO  o.hibernate.orm.connections.pooling - HHH10001005: Database info:
	Database JDBC URL [jdbc:postgresql://aws-0-us-west-2.pooler.supabase.com:5432/postgres?sslmode=require]
	Database driver: PostgreSQL JDBC Driver
	Database dialect: PostgreSQLDialect
	Database version: 17.6
	Default catalog/schema: postgres/public
	Autocommit mode: undefined/unknown
	Isolation level: READ_COMMITTED [default READ_COMMITTED]
	JDBC fetch size: none
	Pool: DataSourceConnectionProvider
	Minimum pool size: undefined/unknown
	Maximum pool size: undefined/unknown
2026-05-18 14:48:50 [STOQ] [restartedMain] INFO  org.hibernate.orm.core - HHH000489: No JTA platform available (set 'hibernate.transaction.jta.platform' to enable JTA platform integration)
2026-05-18 14:48:52 [STOQ] [restartedMain] INFO  o.s.o.j.LocalContainerEntityManagerFactoryBean - Initialized JPA EntityManagerFactory for persistence unit 'default'
2026-05-18 14:48:52 [STOQ] [restartedMain] INFO  o.s.d.j.r.q.QueryEnhancerFactories - Hibernate is in classpath; If applicable, HQL parser will be used.
2026-05-18 14:48:52 [STOQ] [restartedMain] DEBUG c.Proyecto.stoq.security.JwtFilter - Filter 'jwtFilter' configured for use
2026-05-18 14:48:54 [STOQ] [restartedMain] WARN  o.s.b.j.a.JpaBaseConfiguration$JpaWebConfiguration - spring.jpa.open-in-view is enabled by default. Therefore, database queries may be performed during view rendering. Explicitly configure spring.jpa.open-in-view to disable this warning
2026-05-18 14:48:54 [STOQ] [restartedMain] WARN  o.s.b.s.a.UserDetailsServiceAutoConfiguration - 

Using generated security password: 80accd59-43db-4738-87fb-4b9f67b5748c

This generated password is for development use only. Your security configuration must be updated before running your application in production.

2026-05-18 14:48:54 [STOQ] [restartedMain] INFO  o.s.s.c.a.a.c.InitializeUserDetailsBeanManagerConfigurer$InitializeUserDetailsManagerConfigurer - Global AuthenticationManager configured with UserDetailsService bean with name inMemoryUserDetailsManager
2026-05-18 14:48:54 [STOQ] [restartedMain] DEBUG o.s.s.web.DefaultSecurityFilterChain - Will secure any request with filters: DisableEncodeUrlFilter, WebAsyncManagerIntegrationFilter, SecurityContextHolderFilter, HeaderWriterFilter, CorsFilter, LogoutFilter, JwtFilter, RequestCacheAwareFilter, SecurityContextHolderAwareRequestFilter, AnonymousAuthenticationFilter, ExceptionTranslationFilter, AuthorizationFilter
2026-05-18 14:48:55 [STOQ] [restartedMain] INFO  o.s.b.a.e.web.EndpointLinksResolver - Exposing 6 endpoints beneath base path '/actuator'
2026-05-18 14:48:55 [STOQ] [restartedMain] INFO  o.s.boot.tomcat.TomcatWebServer - Tomcat started on port 8080 (http) with context path '/'
2026-05-18 14:48:55 [STOQ] [restartedMain] INFO  com.Proyecto.stoq.StoqApplication - Started StoqApplication in 13.792 seconds (process running for 14.364)
2026-05-18 14:48:55 [STOQ] [restartedMain] DEBUG org.hibernate.SQL - 
    select
        r1_0.id,
        r1_0.descripcion,
        r1_0.nombre 
    from
        roles r1_0 
    where
        r1_0.nombre=?
2026-05-18 14:48:56 [STOQ] [restartedMain] DEBUG org.hibernate.SQL - 
    select
        r1_0.id,
        r1_0.descripcion,
        r1_0.nombre 
    from
        roles r1_0 
    where
        r1_0.id=?
2026-05-18 14:48:56 [STOQ] [restartedMain] INFO  c.P.s.i.config.DataInitializer - [STOQ-SEED] Rol sincronizado: ADMIN
2026-05-18 14:48:56 [STOQ] [restartedMain] DEBUG org.hibernate.SQL - 
    select
        r1_0.id,
        r1_0.descripcion,
        r1_0.nombre 
    from
        roles r1_0 
    where
        r1_0.nombre=?
2026-05-18 14:48:57 [STOQ] [restartedMain] DEBUG org.hibernate.SQL - 
    select
        r1_0.id,
        r1_0.descripcion,
        r1_0.nombre 
    from
        roles r1_0 
    where
        r1_0.id=?
2026-05-18 14:48:57 [STOQ] [restartedMain] INFO  c.P.s.i.config.DataInitializer - [STOQ-SEED] Rol sincronizado: OPERADOR
2026-05-18 14:48:57 [STOQ] [restartedMain] DEBUG org.hibernate.SQL - 
    select
        r1_0.id,
        r1_0.descripcion,
        r1_0.nombre 
    from
        roles r1_0 
    where
        r1_0.nombre=?
2026-05-18 14:48:57 [STOQ] [restartedMain] DEBUG org.hibernate.SQL - 
    select
        r1_0.id,
        r1_0.descripcion,
        r1_0.nombre 
    from
        roles r1_0 
    where
        r1_0.id=?
2026-05-18 14:48:58 [STOQ] [restartedMain] INFO  c.P.s.i.config.DataInitializer - [STOQ-SEED] Rol sincronizado: GERENTE
2026-05-18 14:49:16 [STOQ] [http-nio-8080-exec-1] INFO  o.a.c.c.C.[Tomcat].[localhost].[/] - Initializing Spring DispatcherServlet 'dispatcherServlet'
2026-05-18 14:49:16 [STOQ] [http-nio-8080-exec-1] INFO  o.s.web.servlet.DispatcherServlet - Initializing Servlet 'dispatcherServlet'
2026-05-18 14:49:16 [STOQ] [http-nio-8080-exec-1] INFO  o.s.web.servlet.DispatcherServlet - Completed initialization in 2 ms
2026-05-18 14:49:16 [STOQ] [http-nio-8080-exec-1] DEBUG o.s.security.web.FilterChainProxy - Securing OPTIONS /api/auth/login
2026-05-18 14:49:16 [STOQ] [http-nio-8080-exec-2] DEBUG o.s.security.web.FilterChainProxy - Securing POST /api/auth/login
2026-05-18 14:49:16 [STOQ] [http-nio-8080-exec-2] DEBUG org.hibernate.SQL - 
    select
        u1_0.id,
        u1_0.contrasena_hash,
        u1_0.correo,
        u1_0.empresa,
        u1_0.estado,
        u1_0.nombre,
        u1_0.rol_id 
    from
        usuarios u1_0 
    where
        u1_0.correo=?
2026-05-18 14:49:17 [STOQ] [http-nio-8080-exec-2] DEBUG org.hibernate.SQL - 
    select
        r1_0.id,
        r1_0.descripcion,
        r1_0.nombre 
    from
        roles r1_0 
    where
        r1_0.id=?
2026-05-18 14:49:17 [STOQ] [http-nio-8080-exec-2] INFO  c.Proyecto.stoq.security.JwtFilter - Authenticated request for email=gerente@gmail.com role=GERENTE path=/api/auth/login
2026-05-18 14:49:17 [STOQ] [http-nio-8080-exec-2] DEBUG o.s.security.web.FilterChainProxy - Secured POST /api/auth/login
2026-05-18 14:49:17 [STOQ] [http-nio-8080-exec-2] INFO  c.P.s.a.aspects.ApiLoggingAspect - [STOQ-MONITOR] ============================================================
2026-05-18 14:49:17 [STOQ] [http-nio-8080-exec-2] INFO  c.P.s.a.aspects.ApiLoggingAspect - [STOQ-MONITOR] IN  2026-05-18 14:49:17 | POST /api/auth/login | user=gerente@gmail.com | ip=0:0:0:0:0:0:0:1 | ua=Mozilla/5.0 (Windows NT 10.0; Win64; x64) AppleWebKit/537.36 (KHTML, like Gecko) Code/1.120.0 Chrome/142.0.7444.265 Electron/39.8.8 Safari/537.36
2026-05-18 14:49:17 [STOQ] [http-nio-8080-exec-2] DEBUG org.hibernate.SQL - 
    select
        u1_0.id,
        u1_0.contrasena_hash,
        u1_0.correo,
        u1_0.empresa,
        u1_0.estado,
        u1_0.nombre,
        u1_0.rol_id 
    from
        usuarios u1_0 
    where
        u1_0.correo=?
2026-05-18 14:49:17 [STOQ] [http-nio-8080-exec-2] DEBUG org.hibernate.SQL - 
    select
        r1_0.id,
        r1_0.descripcion,
        r1_0.nombre 
    from
        roles r1_0 
    where
        r1_0.id=?
2026-05-18 14:49:18 [STOQ] [http-nio-8080-exec-2] INFO  c.P.s.a.services.UsuarioServiceImpl - [STOQ-BIZ] LOGIN Usuario | correo=gerente@gmail.com | rol=GERENTE
2026-05-18 14:49:18 [STOQ] [http-nio-8080-exec-2] DEBUG org.hibernate.SQL - 
    insert 
    into
        audit_logs
        (cambios_anterior, cambios_nuevo, created_by, created_date, endpoint, entidad, id_registro, ip_origen, operacion, user_agent, id) 
    values
        (?, ?, ?, ?, ?, ?, ?, ?, ?, ?, ?)
2026-05-18 14:49:18 [STOQ] [http-nio-8080-exec-2] INFO  c.P.s.a.services.AuditService - [STOQ-AUDIT] SAVE | entity=Usuario | operation=LOGIN | record=05faf721-dbef-4f23-803b-8b3df1f17acf | user=gerente@gmail.com | endpoint=POST /api/auth/login | ip=0:0:0:0:0:0:0:1
2026-05-18 14:49:18 [STOQ] [http-nio-8080-exec-2] INFO  c.P.s.a.aspects.ApiLoggingAspect - [STOQ-MONITOR] OUT POST /api/auth/login | status=OK | time=1345 ms | endpoint=AuthController.login(..)
2026-05-18 14:49:18 [STOQ] [http-nio-8080-exec-2] INFO  c.P.s.a.aspects.ApiLoggingAspect - [STOQ-MONITOR] ============================================================
2026-05-18 14:49:18 [STOQ] [http-nio-8080-exec-3] DEBUG o.s.security.web.FilterChainProxy - Securing OPTIONS /api/usuarios/me
2026-05-18 14:49:18 [STOQ] [http-nio-8080-exec-6] DEBUG o.s.security.web.FilterChainProxy - Securing GET /api/usuarios/me
2026-05-18 14:49:18 [STOQ] [http-nio-8080-exec-6] DEBUG org.hibernate.SQL - 
    select
        u1_0.id,
        u1_0.contrasena_hash,
        u1_0.correo,
        u1_0.empresa,
        u1_0.estado,
        u1_0.nombre,
        u1_0.rol_id 
    from
        usuarios u1_0 
    where
        u1_0.correo=?
2026-05-18 14:49:19 [STOQ] [http-nio-8080-exec-6] DEBUG org.hibernate.SQL - 
    select
        r1_0.id,
        r1_0.descripcion,
        r1_0.nombre 
    from
        roles r1_0 
    where
        r1_0.id=?
2026-05-18 14:49:19 [STOQ] [http-nio-8080-exec-6] INFO  c.Proyecto.stoq.security.JwtFilter - Authenticated request for email=gerente@gmail.com role=GERENTE path=/api/usuarios/me
2026-05-18 14:49:19 [STOQ] [http-nio-8080-exec-6] DEBUG o.s.security.web.FilterChainProxy - Secured GET /api/usuarios/me
2026-05-18 14:49:19 [STOQ] [http-nio-8080-exec-6] INFO  c.P.s.a.aspects.ApiLoggingAspect - [STOQ-MONITOR] ============================================================
2026-05-18 14:49:19 [STOQ] [http-nio-8080-exec-6] INFO  c.P.s.a.aspects.ApiLoggingAspect - [STOQ-MONITOR] IN  2026-05-18 14:49:19 | GET /api/usuarios/me | user=gerente@gmail.com | ip=0:0:0:0:0:0:0:1 | ua=Mozilla/5.0 (Windows NT 10.0; Win64; x64) AppleWebKit/537.36 (KHTML, like Gecko) Code/1.120.0 Chrome/142.0.7444.265 Electron/39.8.8 Safari/537.36
2026-05-18 14:49:19 [STOQ] [http-nio-8080-exec-6] DEBUG org.hibernate.SQL - 
    select
        u1_0.id,
        u1_0.contrasena_hash,
        u1_0.correo,
        u1_0.empresa,
        u1_0.estado,
        u1_0.nombre,
        u1_0.rol_id 
    from
        usuarios u1_0 
    where
        u1_0.correo=?
2026-05-18 14:49:19 [STOQ] [http-nio-8080-exec-6] DEBUG org.hibernate.SQL - 
    select
        r1_0.id,
        r1_0.descripcion,
        r1_0.nombre 
    from
        roles r1_0 
    where
        r1_0.id=?
2026-05-18 14:49:19 [STOQ] [http-nio-8080-exec-6] INFO  c.P.s.a.aspects.ApiLoggingAspect - [STOQ-MONITOR] OUT GET /api/usuarios/me | status=OK | time=518 ms | endpoint=UsuarioController.obtenerUsuarioAutenticado(..)
2026-05-18 14:49:19 [STOQ] [http-nio-8080-exec-6] INFO  c.P.s.a.aspects.ApiLoggingAspect - [STOQ-MONITOR] ============================================================
2026-05-18 14:49:19 [STOQ] [http-nio-8080-exec-7] DEBUG o.s.security.web.FilterChainProxy - Securing OPTIONS /api/alertas/resumen
2026-05-18 14:49:19 [STOQ] [http-nio-8080-exec-4] DEBUG o.s.security.web.FilterChainProxy - Securing OPTIONS /api/productos/criticos
2026-05-18 14:49:19 [STOQ] [http-nio-8080-exec-9] DEBUG o.s.security.web.FilterChainProxy - Securing OPTIONS /api/productos/criticos
2026-05-18 14:49:19 [STOQ] [http-nio-8080-exec-5] DEBUG o.s.security.web.FilterChainProxy - Securing GET /api/usuarios/me
2026-05-18 14:49:19 [STOQ] [http-nio-8080-exec-8] DEBUG o.s.security.web.FilterChainProxy - Securing GET /api/alertas/resumen
2026-05-18 14:49:19 [STOQ] [http-nio-8080-exec-5] DEBUG org.hibernate.SQL - 
    select
        u1_0.id,
        u1_0.contrasena_hash,
        u1_0.correo,
        u1_0.empresa,
        u1_0.estado,
        u1_0.nombre,
        u1_0.rol_id 
    from
        usuarios u1_0 
    where
        u1_0.correo=?
2026-05-18 14:49:19 [STOQ] [http-nio-8080-exec-10] DEBUG o.s.security.web.FilterChainProxy - Securing GET /api/productos/criticos
2026-05-18 14:49:19 [STOQ] [http-nio-8080-exec-8] DEBUG org.hibernate.SQL - 
    select
        u1_0.id,
        u1_0.contrasena_hash,
        u1_0.correo,
        u1_0.empresa,
        u1_0.estado,
        u1_0.nombre,
        u1_0.rol_id 
    from
        usuarios u1_0 
    where
        u1_0.correo=?
2026-05-18 14:49:19 [STOQ] [http-nio-8080-exec-10] DEBUG org.hibernate.SQL - 
    select
        u1_0.id,
        u1_0.contrasena_hash,
        u1_0.correo,
        u1_0.empresa,
        u1_0.estado,
        u1_0.nombre,
        u1_0.rol_id 
    from
        usuarios u1_0 
    where
        u1_0.correo=?
2026-05-18 14:49:20 [STOQ] [http-nio-8080-exec-5] DEBUG org.hibernate.SQL - 
    select
        r1_0.id,
        r1_0.descripcion,
        r1_0.nombre 
    from
        roles r1_0 
    where
        r1_0.id=?
2026-05-18 14:49:20 [STOQ] [http-nio-8080-exec-8] DEBUG org.hibernate.SQL - 
    select
        r1_0.id,
        r1_0.descripcion,
        r1_0.nombre 
    from
        roles r1_0 
    where
        r1_0.id=?
2026-05-18 14:49:20 [STOQ] [http-nio-8080-exec-5] INFO  c.Proyecto.stoq.security.JwtFilter - Authenticated request for email=gerente@gmail.com role=GERENTE path=/api/usuarios/me
2026-05-18 14:49:20 [STOQ] [http-nio-8080-exec-5] DEBUG o.s.security.web.FilterChainProxy - Secured GET /api/usuarios/me
2026-05-18 14:49:20 [STOQ] [http-nio-8080-exec-5] INFO  c.P.s.a.aspects.ApiLoggingAspect - [STOQ-MONITOR] ============================================================
2026-05-18 14:49:20 [STOQ] [http-nio-8080-exec-5] INFO  c.P.s.a.aspects.ApiLoggingAspect - [STOQ-MONITOR] IN  2026-05-18 14:49:20 | GET /api/usuarios/me | user=gerente@gmail.com | ip=0:0:0:0:0:0:0:1 | ua=Mozilla/5.0 (Windows NT 10.0; Win64; x64) AppleWebKit/537.36 (KHTML, like Gecko) Code/1.120.0 Chrome/142.0.7444.265 Electron/39.8.8 Safari/537.36
2026-05-18 14:49:20 [STOQ] [http-nio-8080-exec-5] DEBUG org.hibernate.SQL - 
    select
        u1_0.id,
        u1_0.contrasena_hash,
        u1_0.correo,
        u1_0.empresa,
        u1_0.estado,
        u1_0.nombre,
        u1_0.rol_id 
    from
        usuarios u1_0 
    where
        u1_0.correo=?
2026-05-18 14:49:20 [STOQ] [http-nio-8080-exec-10] DEBUG org.hibernate.SQL - 
    select
        r1_0.id,
        r1_0.descripcion,
        r1_0.nombre 
    from
        roles r1_0 
    where
        r1_0.id=?
2026-05-18 14:49:20 [STOQ] [http-nio-8080-exec-8] INFO  c.Proyecto.stoq.security.JwtFilter - Authenticated request for email=gerente@gmail.com role=GERENTE path=/api/alertas/resumen
2026-05-18 14:49:20 [STOQ] [http-nio-8080-exec-8] DEBUG o.s.security.web.FilterChainProxy - Secured GET /api/alertas/resumen
2026-05-18 14:49:20 [STOQ] [http-nio-8080-exec-8] INFO  c.P.s.a.aspects.ApiLoggingAspect - [STOQ-MONITOR] ============================================================
2026-05-18 14:49:20 [STOQ] [http-nio-8080-exec-8] INFO  c.P.s.a.aspects.ApiLoggingAspect - [STOQ-MONITOR] IN  2026-05-18 14:49:20 | GET /api/alertas/resumen | user=gerente@gmail.com | ip=0:0:0:0:0:0:0:1 | ua=Mozilla/5.0 (Windows NT 10.0; Win64; x64) AppleWebKit/537.36 (KHTML, like Gecko) Code/1.120.0 Chrome/142.0.7444.265 Electron/39.8.8 Safari/537.36
2026-05-18 14:49:20 [STOQ] [http-nio-8080-exec-8] DEBUG org.hibernate.SQL - 
    select
        u1_0.id,
        u1_0.contrasena_hash,
        u1_0.correo,
        u1_0.empresa,
        u1_0.estado,
        u1_0.nombre,
        u1_0.rol_id 
    from
        usuarios u1_0 
    where
        u1_0.correo=?
2026-05-18 14:49:20 [STOQ] [http-nio-8080-exec-5] DEBUG org.hibernate.SQL - 
    select
        r1_0.id,
        r1_0.descripcion,
        r1_0.nombre 
    from
        roles r1_0 
    where
        r1_0.id=?
2026-05-18 14:49:20 [STOQ] [http-nio-8080-exec-10] INFO  c.Proyecto.stoq.security.JwtFilter - Authenticated request for email=gerente@gmail.com role=GERENTE path=/api/productos/criticos
2026-05-18 14:49:20 [STOQ] [http-nio-8080-exec-10] DEBUG o.s.security.web.FilterChainProxy - Secured GET /api/productos/criticos
2026-05-18 14:49:20 [STOQ] [http-nio-8080-exec-10] DEBUG o.s.s.a.m.AuthorizationManagerBeforeMethodInterceptor - Authorizing method invocation ReflectiveMethodInvocation: public java.util.List com.Proyecto.stoq.adapters.controllers.ProductosController.obtenerProductosCriticos(); target is of class [com.Proyecto.stoq.adapters.controllers.ProductosController]
2026-05-18 14:49:20 [STOQ] [http-nio-8080-exec-10] DEBUG o.s.s.a.m.AuthorizationManagerBeforeMethodInterceptor - Authorized method invocation ReflectiveMethodInvocation: public java.util.List com.Proyecto.stoq.adapters.controllers.ProductosController.obtenerProductosCriticos(); target is of class [com.Proyecto.stoq.adapters.controllers.ProductosController]
2026-05-18 14:49:20 [STOQ] [http-nio-8080-exec-10] INFO  c.P.s.a.aspects.ApiLoggingAspect - [STOQ-MONITOR] ============================================================
2026-05-18 14:49:20 [STOQ] [http-nio-8080-exec-10] INFO  c.P.s.a.aspects.ApiLoggingAspect - [STOQ-MONITOR] IN  2026-05-18 14:49:20 | GET /api/productos/criticos | user=gerente@gmail.com | ip=0:0:0:0:0:0:0:1 | ua=Mozilla/5.0 (Windows NT 10.0; Win64; x64) AppleWebKit/537.36 (KHTML, like Gecko) Code/1.120.0 Chrome/142.0.7444.265 Electron/39.8.8 Safari/537.36
2026-05-18 14:49:20 [STOQ] [http-nio-8080-exec-10] DEBUG org.hibernate.SQL - 
    select
        u1_0.id,
        u1_0.contrasena_hash,
        u1_0.correo,
        u1_0.empresa,
        u1_0.estado,
        u1_0.nombre,
        u1_0.rol_id 
    from
        usuarios u1_0 
    where
        u1_0.correo=?
2026-05-18 14:49:21 [STOQ] [http-nio-8080-exec-8] DEBUG org.hibernate.SQL - 
    select
        r1_0.id,
        r1_0.descripcion,
        r1_0.nombre 
    from
        roles r1_0 
    where
        r1_0.id=?
2026-05-18 14:49:21 [STOQ] [http-nio-8080-exec-5] INFO  c.P.s.a.aspects.ApiLoggingAspect - [STOQ-MONITOR] OUT GET /api/usuarios/me | status=OK | time=513 ms | endpoint=UsuarioController.obtenerUsuarioAutenticado(..)
2026-05-18 14:49:21 [STOQ] [http-nio-8080-exec-5] INFO  c.P.s.a.aspects.ApiLoggingAspect - [STOQ-MONITOR] ============================================================
2026-05-18 14:49:21 [STOQ] [http-nio-8080-exec-10] DEBUG org.hibernate.SQL - 
    select
        r1_0.id,
        r1_0.descripcion,
        r1_0.nombre 
    from
        roles r1_0 
    where
        r1_0.id=?
2026-05-18 14:49:21 [STOQ] [http-nio-8080-exec-8] DEBUG org.hibernate.SQL - 
    select
        p1_0.id,
        p1_0.categoria_id,
        p1_0.codigo,
        p1_0.empresa,
        p1_0.estado,
        p1_0.fecha_actualizacion,
        p1_0.fecha_creacion,
        p1_0.nombre,
        p1_0.stock_actual,
        p1_0.stock_minimo,
        p1_0.ubicacion,
        p1_0.unidad_id 
    from
        productos p1_0
2026-05-18 14:49:21 [STOQ] [http-nio-8080-exec-10] DEBUG org.hibernate.SQL - 
    select
        p1_0.id,
        p1_0.categoria_id,
        p1_0.codigo,
        p1_0.empresa,
        p1_0.estado,
        p1_0.fecha_actualizacion,
        p1_0.fecha_creacion,
        p1_0.nombre,
        p1_0.stock_actual,
        p1_0.stock_minimo,
        p1_0.ubicacion,
        p1_0.unidad_id 
    from
        productos p1_0
2026-05-18 14:49:21 [STOQ] [http-nio-8080-exec-8] DEBUG org.hibernate.SQL - 
    select
        c1_0.id,
        c1_0.descripcion,
        c1_0.estado,
        c1_0.fecha_creacion,
        c1_0.nombre 
    from
        categorias c1_0 
    where
        c1_0.id=?
2026-05-18 14:49:21 [STOQ] [http-nio-8080-exec-10] DEBUG org.hibernate.SQL - 
    select
        c1_0.id,
        c1_0.descripcion,
        c1_0.estado,
        c1_0.fecha_creacion,
        c1_0.nombre 
    from
        categorias c1_0 
    where
        c1_0.id=?
2026-05-18 14:49:21 [STOQ] [http-nio-8080-exec-8] DEBUG org.hibernate.SQL - 
    select
        u1_0.id,
        u1_0.abreviatura,
        u1_0.estado,
        u1_0.nombre 
    from
        unidades u1_0 
    where
        u1_0.id=?
2026-05-18 14:49:21 [STOQ] [http-nio-8080-exec-10] DEBUG org.hibernate.SQL - 
    select
        u1_0.id,
        u1_0.abreviatura,
        u1_0.estado,
        u1_0.nombre 
    from
        unidades u1_0 
    where
        u1_0.id=?
2026-05-18 14:49:22 [STOQ] [http-nio-8080-exec-8] DEBUG org.hibernate.SQL - 
    select
        c1_0.id,
        c1_0.descripcion,
        c1_0.estado,
        c1_0.fecha_creacion,
        c1_0.nombre 
    from
        categorias c1_0 
    where
        c1_0.id=?
2026-05-18 14:49:22 [STOQ] [http-nio-8080-exec-10] DEBUG org.hibernate.SQL - 
    select
        c1_0.id,
        c1_0.descripcion,
        c1_0.estado,
        c1_0.fecha_creacion,
        c1_0.nombre 
    from
        categorias c1_0 
    where
        c1_0.id=?
2026-05-18 14:49:22 [STOQ] [http-nio-8080-exec-8] DEBUG org.hibernate.SQL - 
    select
        u1_0.id,
        u1_0.abreviatura,
        u1_0.estado,
        u1_0.nombre 
    from
        unidades u1_0 
    where
        u1_0.id=?
2026-05-18 14:49:22 [STOQ] [http-nio-8080-exec-10] DEBUG org.hibernate.SQL - 
    select
        u1_0.id,
        u1_0.abreviatura,
        u1_0.estado,
        u1_0.nombre 
    from
        unidades u1_0 
    where
        u1_0.id=?
2026-05-18 14:49:22 [STOQ] [http-nio-8080-exec-10] DEBUG org.hibernate.SQL - 
    select
        u1_0.id,
        u1_0.abreviatura,
        u1_0.estado,
        u1_0.nombre 
    from
        unidades u1_0 
    where
        u1_0.id=?
2026-05-18 14:49:22 [STOQ] [http-nio-8080-exec-8] DEBUG org.hibernate.SQL - 
    select
        u1_0.id,
        u1_0.abreviatura,
        u1_0.estado,
        u1_0.nombre 
    from
        unidades u1_0 
    where
        u1_0.id=?
2026-05-18 14:49:22 [STOQ] [http-nio-8080-exec-1] DEBUG o.s.security.web.FilterChainProxy - Securing OPTIONS /api/reportes/categorias?inicio=2026-04-19&fin=2026-05-18
2026-05-18 14:49:22 [STOQ] [http-nio-8080-exec-2] DEBUG o.s.security.web.FilterChainProxy - Securing GET /api/reportes/categorias?inicio=2026-04-19&fin=2026-05-18
2026-05-18 14:49:22 [STOQ] [http-nio-8080-exec-2] DEBUG org.hibernate.SQL - 
    select
        u1_0.id,
        u1_0.contrasena_hash,
        u1_0.correo,
        u1_0.empresa,
        u1_0.estado,
        u1_0.nombre,
        u1_0.rol_id 
    from
        usuarios u1_0 
    where
        u1_0.correo=?
2026-05-18 14:49:22 [STOQ] [http-nio-8080-exec-8] DEBUG org.hibernate.SQL - 
    select
        c1_0.id,
        c1_0.descripcion,
        c1_0.estado,
        c1_0.fecha_creacion,
        c1_0.nombre 
    from
        categorias c1_0 
    where
        c1_0.id=?
2026-05-18 14:49:22 [STOQ] [http-nio-8080-exec-10] DEBUG org.hibernate.SQL - 
    select
        c1_0.id,
        c1_0.descripcion,
        c1_0.estado,
        c1_0.fecha_creacion,
        c1_0.nombre 
    from
        categorias c1_0 
    where
        c1_0.id=?
2026-05-18 14:49:23 [STOQ] [http-nio-8080-exec-10] DEBUG org.hibernate.SQL - 
    select
        c1_0.id,
        c1_0.descripcion,
        c1_0.estado,
        c1_0.fecha_creacion,
        c1_0.nombre 
    from
        categorias c1_0 
    where
        c1_0.id=?
2026-05-18 14:49:23 [STOQ] [http-nio-8080-exec-8] DEBUG org.hibernate.SQL - 
    select
        c1_0.id,
        c1_0.descripcion,
        c1_0.estado,
        c1_0.fecha_creacion,
        c1_0.nombre 
    from
        categorias c1_0 
    where
        c1_0.id=?
2026-05-18 14:49:23 [STOQ] [http-nio-8080-exec-10] DEBUG org.hibernate.SQL - 
    select
        u1_0.id,
        u1_0.abreviatura,
        u1_0.estado,
        u1_0.nombre 
    from
        unidades u1_0 
    where
        u1_0.id=?
2026-05-18 14:49:23 [STOQ] [http-nio-8080-exec-8] DEBUG org.hibernate.SQL - 
    select
        u1_0.id,
        u1_0.abreviatura,
        u1_0.estado,
        u1_0.nombre 
    from
        unidades u1_0 
    where
        u1_0.id=?
2026-05-18 14:49:23 [STOQ] [http-nio-8080-exec-2] DEBUG org.hibernate.SQL - 
    select
        r1_0.id,
        r1_0.descripcion,
        r1_0.nombre 
    from
        roles r1_0 
    where
        r1_0.id=?
2026-05-18 14:49:23 [STOQ] [http-nio-8080-exec-2] INFO  c.Proyecto.stoq.security.JwtFilter - Authenticated request for email=gerente@gmail.com role=GERENTE path=/api/reportes/categorias
2026-05-18 14:49:23 [STOQ] [http-nio-8080-exec-2] DEBUG o.s.security.web.FilterChainProxy - Secured GET /api/reportes/categorias?inicio=2026-04-19&fin=2026-05-18
2026-05-18 14:49:23 [STOQ] [http-nio-8080-exec-2] INFO  c.P.s.a.aspects.ApiLoggingAspect - [STOQ-MONITOR] ============================================================
2026-05-18 14:49:23 [STOQ] [http-nio-8080-exec-2] INFO  c.P.s.a.aspects.ApiLoggingAspect - [STOQ-MONITOR] IN  2026-05-18 14:49:23 | GET /api/reportes/categorias | user=gerente@gmail.com | ip=0:0:0:0:0:0:0:1 | ua=Mozilla/5.0 (Windows NT 10.0; Win64; x64) AppleWebKit/537.36 (KHTML, like Gecko) Code/1.120.0 Chrome/142.0.7444.265 Electron/39.8.8 Safari/537.36
2026-05-18 14:49:23 [STOQ] [http-nio-8080-exec-2] DEBUG org.hibernate.SQL - 
    select
        u1_0.id,
        u1_0.contrasena_hash,
        u1_0.correo,
        u1_0.empresa,
        u1_0.estado,
        u1_0.nombre,
        u1_0.rol_id 
    from
        usuarios u1_0 
    where
        u1_0.correo=?
2026-05-18 14:49:23 [STOQ] [http-nio-8080-exec-10] INFO  c.P.s.a.aspects.ApiLoggingAspect - [STOQ-MONITOR] OUT GET /api/productos/criticos | status=OK | time=3068 ms | endpoint=ProductosController.obtenerProductosCriticos()
2026-05-18 14:49:23 [STOQ] [http-nio-8080-exec-10] INFO  c.P.s.a.aspects.ApiLoggingAspect - [STOQ-MONITOR] ============================================================
2026-05-18 14:49:23 [STOQ] [http-nio-8080-exec-3] DEBUG o.s.security.web.FilterChainProxy - Securing GET /api/productos/criticos
2026-05-18 14:49:23 [STOQ] [http-nio-8080-exec-3] DEBUG org.hibernate.SQL - 
    select
        u1_0.id,
        u1_0.contrasena_hash,
        u1_0.correo,
        u1_0.empresa,
        u1_0.estado,
        u1_0.nombre,
        u1_0.rol_id 
    from
        usuarios u1_0 
    where
        u1_0.correo=?
2026-05-18 14:49:23 [STOQ] [http-nio-8080-exec-8] DEBUG org.hibernate.SQL - 
    select
        a1_0.id,
        a1_0.fecha,
        a1_0.leida,
        a1_0.mensaje,
        a1_0.producto_id,
        p1_0.id,
        p1_0.categoria_id,
        c1_0.id,
        c1_0.descripcion,
        c1_0.estado,
        c1_0.fecha_creacion,
        c1_0.nombre,
        p1_0.codigo,
        p1_0.empresa,
        p1_0.estado,
        p1_0.fecha_actualizacion,
        p1_0.fecha_creacion,
        p1_0.nombre,
        p1_0.stock_actual,
        p1_0.stock_minimo,
        p1_0.ubicacion,
        p1_0.unidad_id,
        a1_0.tipo 
    from
        alertas a1_0 
    join
        productos p1_0 
            on p1_0.id=a1_0.producto_id 
    join
        categorias c1_0 
            on c1_0.id=p1_0.categoria_id
2026-05-18 14:49:23 [STOQ] [http-nio-8080-exec-2] DEBUG org.hibernate.SQL - 
    select
        r1_0.id,
        r1_0.descripcion,
        r1_0.nombre 
    from
        roles r1_0 
    where
        r1_0.id=?
2026-05-18 14:49:24 [STOQ] [http-nio-8080-exec-3] DEBUG org.hibernate.SQL - 
    select
        r1_0.id,
        r1_0.descripcion,
        r1_0.nombre 
    from
        roles r1_0 
    where
        r1_0.id=?
2026-05-18 14:49:24 [STOQ] [http-nio-8080-exec-2] DEBUG org.hibernate.SQL - 
    select
        c1_0.id,
        c1_0.nombre,
        count(p1_0.id),
        coalesce(sum(coalesce(p1_0.stock_actual, 0)), cast(0 as bigint)),
        coalesce(sum(coalesce(p1_0.stock_minimo, 0)), cast(0 as bigint)),
        cast(0 as bigint),
        cast(0 as bigint),
        cast(0 as bigint),
        cast(0 as bigint),
        cast(0 as bigint),
        cast(0 as bigint) 
    from
        productos p1_0 
    join
        categorias c1_0 
            on c1_0.id=p1_0.categoria_id 
    where
        p1_0.empresa=? 
        and p1_0.estado=true 
    group by
        c1_0.id,
        c1_0.nombre 
    order by
        c1_0.nombre
2026-05-18 14:49:24 [STOQ] [http-nio-8080-exec-3] INFO  c.Proyecto.stoq.security.JwtFilter - Authenticated request for email=gerente@gmail.com role=GERENTE path=/api/productos/criticos
2026-05-18 14:49:24 [STOQ] [http-nio-8080-exec-3] DEBUG o.s.security.web.FilterChainProxy - Secured GET /api/productos/criticos
2026-05-18 14:49:24 [STOQ] [http-nio-8080-exec-3] DEBUG o.s.s.a.m.AuthorizationManagerBeforeMethodInterceptor - Authorizing method invocation ReflectiveMethodInvocation: public java.util.List com.Proyecto.stoq.adapters.controllers.ProductosController.obtenerProductosCriticos(); target is of class [com.Proyecto.stoq.adapters.controllers.ProductosController]
2026-05-18 14:49:24 [STOQ] [http-nio-8080-exec-3] DEBUG o.s.s.a.m.AuthorizationManagerBeforeMethodInterceptor - Authorized method invocation ReflectiveMethodInvocation: public java.util.List com.Proyecto.stoq.adapters.controllers.ProductosController.obtenerProductosCriticos(); target is of class [com.Proyecto.stoq.adapters.controllers.ProductosController]
2026-05-18 14:49:24 [STOQ] [http-nio-8080-exec-3] INFO  c.P.s.a.aspects.ApiLoggingAspect - [STOQ-MONITOR] ============================================================
2026-05-18 14:49:24 [STOQ] [http-nio-8080-exec-3] INFO  c.P.s.a.aspects.ApiLoggingAspect - [STOQ-MONITOR] IN  2026-05-18 14:49:24 | GET /api/productos/criticos | user=gerente@gmail.com | ip=0:0:0:0:0:0:0:1 | ua=Mozilla/5.0 (Windows NT 10.0; Win64; x64) AppleWebKit/537.36 (KHTML, like Gecko) Code/1.120.0 Chrome/142.0.7444.265 Electron/39.8.8 Safari/537.36
2026-05-18 14:49:24 [STOQ] [http-nio-8080-exec-3] DEBUG org.hibernate.SQL - 
    select
        u1_0.id,
        u1_0.contrasena_hash,
        u1_0.correo,
        u1_0.empresa,
        u1_0.estado,
        u1_0.nombre,
        u1_0.rol_id 
    from
        usuarios u1_0 
    where
        u1_0.correo=?
2026-05-18 14:49:24 [STOQ] [http-nio-8080-exec-8] DEBUG org.hibernate.SQL - 
    select
        a1_0.id,
        a1_0.fecha,
        a1_0.leida,
        a1_0.mensaje,
        a1_0.producto_id,
        p1_0.id,
        p1_0.categoria_id,
        c1_0.id,
        c1_0.descripcion,
        c1_0.estado,
        c1_0.fecha_creacion,
        c1_0.nombre,
        p1_0.codigo,
        p1_0.empresa,
        p1_0.estado,
        p1_0.fecha_actualizacion,
        p1_0.fecha_creacion,
        p1_0.nombre,
        p1_0.stock_actual,
        p1_0.stock_minimo,
        p1_0.ubicacion,
        p1_0.unidad_id,
        a1_0.tipo 
    from
        alertas a1_0 
    join
        productos p1_0 
            on p1_0.id=a1_0.producto_id 
    join
        categorias c1_0 
            on c1_0.id=p1_0.categoria_id
2026-05-18 14:49:24 [STOQ] [http-nio-8080-exec-2] DEBUG org.hibernate.SQL - 
    select
        c1_0.id,
        c1_0.nombre,
        cast(0 as bigint),
        cast(0 as bigint),
        cast(0 as bigint),
        count(mi1_0.id),
        coalesce(sum(mi1_0.cantidad), cast(0 as bigint)),
        coalesce(sum(case 
            when upper(mi1_0.tipo_movimiento)='ENTRADA' 
                then 1 
            else 0 
    end), cast(0 as bigint)),
    coalesce(sum(case 
        when upper(mi1_0.tipo_movimiento)='SALIDA' 
            then 1 
        else 0 
end), cast(0 as bigint)),
coalesce(sum(case 
    when upper(mi1_0.tipo_movimiento)='ENTRADA' 
        then mi1_0.cantidad 
    else 0 
end), cast(0 as bigint)),
coalesce(sum(case 
    when upper(mi1_0.tipo_movimiento)='SALIDA' 
        then mi1_0.cantidad 
    else 0 
end), cast(0 as bigint)) 
from
    movimientos_inventario mi1_0 
join
    productos p1_0 
        on p1_0.id=mi1_0.producto_id 
join
    categorias c1_0 
        on c1_0.id=p1_0.categoria_id 
where
    p1_0.empresa=? 
    and mi1_0.fecha_movimiento between ? and ? 
group by
    c1_0.id,
    c1_0.nombre 
order by
    c1_0.nombre
2026-05-18 14:49:24 [STOQ] [http-nio-8080-exec-3] DEBUG org.hibernate.SQL - 
    select
        r1_0.id,
        r1_0.descripcion,
        r1_0.nombre 
    from
        roles r1_0 
    where
        r1_0.id=?
2026-05-18 14:49:24 [STOQ] [http-nio-8080-exec-3] DEBUG org.hibernate.SQL - 
    select
        p1_0.id,
        p1_0.categoria_id,
        p1_0.codigo,
        p1_0.empresa,
        p1_0.estado,
        p1_0.fecha_actualizacion,
        p1_0.fecha_creacion,
        p1_0.nombre,
        p1_0.stock_actual,
        p1_0.stock_minimo,
        p1_0.ubicacion,
        p1_0.unidad_id 
    from
        productos p1_0
2026-05-18 14:49:24 [STOQ] [http-nio-8080-exec-8] INFO  c.P.s.a.aspects.ApiLoggingAspect - [STOQ-MONITOR] OUT GET /api/alertas/resumen | status=OK | time=4186 ms | endpoint=AlertaController.obtenerResumen()
2026-05-18 14:49:24 [STOQ] [http-nio-8080-exec-8] INFO  c.P.s.a.aspects.ApiLoggingAspect - [STOQ-MONITOR] ============================================================
2026-05-18 14:49:24 [STOQ] [http-nio-8080-exec-2] INFO  c.P.s.a.aspects.ApiLoggingAspect - [STOQ-MONITOR] OUT GET /api/reportes/categorias | status=OK | time=1335 ms | endpoint=ReportesController.obtenerReporteCategorias(..)
2026-05-18 14:49:24 [STOQ] [http-nio-8080-exec-2] INFO  c.P.s.a.aspects.ApiLoggingAspect - [STOQ-MONITOR] ============================================================
2026-05-18 14:49:25 [STOQ] [http-nio-8080-exec-3] DEBUG org.hibernate.SQL - 
    select
        c1_0.id,
        c1_0.descripcion,
        c1_0.estado,
        c1_0.fecha_creacion,
        c1_0.nombre 
    from
        categorias c1_0 
    where
        c1_0.id=?
2026-05-18 14:49:25 [STOQ] [http-nio-8080-exec-3] DEBUG org.hibernate.SQL - 
    select
        u1_0.id,
        u1_0.abreviatura,
        u1_0.estado,
        u1_0.nombre 
    from
        unidades u1_0 
    where
        u1_0.id=?
2026-05-18 14:49:25 [STOQ] [http-nio-8080-exec-3] DEBUG org.hibernate.SQL - 
    select
        c1_0.id,
        c1_0.descripcion,
        c1_0.estado,
        c1_0.fecha_creacion,
        c1_0.nombre 
    from
        categorias c1_0 
    where
        c1_0.id=?
2026-05-18 14:49:25 [STOQ] [http-nio-8080-exec-3] DEBUG org.hibernate.SQL - 
    select
        u1_0.id,
        u1_0.abreviatura,
        u1_0.estado,
        u1_0.nombre 
    from
        unidades u1_0 
    where
        u1_0.id=?
2026-05-18 14:49:26 [STOQ] [http-nio-8080-exec-3] DEBUG org.hibernate.SQL - 
    select
        u1_0.id,
        u1_0.abreviatura,
        u1_0.estado,
        u1_0.nombre 
    from
        unidades u1_0 
    where
        u1_0.id=?
2026-05-18 14:49:26 [STOQ] [http-nio-8080-exec-3] DEBUG org.hibernate.SQL - 
    select
        c1_0.id,
        c1_0.descripcion,
        c1_0.estado,
        c1_0.fecha_creacion,
        c1_0.nombre 
    from
        categorias c1_0 
    where
        c1_0.id=?
2026-05-18 14:49:26 [STOQ] [http-nio-8080-exec-3] DEBUG org.hibernate.SQL - 
    select
        c1_0.id,
        c1_0.descripcion,
        c1_0.estado,
        c1_0.fecha_creacion,
        c1_0.nombre 
    from
        categorias c1_0 
    where
        c1_0.id=?
2026-05-18 14:49:26 [STOQ] [http-nio-8080-exec-3] DEBUG org.hibernate.SQL - 
    select
        u1_0.id,
        u1_0.abreviatura,
        u1_0.estado,
        u1_0.nombre 
    from
        unidades u1_0 
    where
        u1_0.id=?
2026-05-18 14:49:27 [STOQ] [http-nio-8080-exec-3] INFO  c.P.s.a.aspects.ApiLoggingAspect - [STOQ-MONITOR] OUT GET /api/productos/criticos | status=OK | time=3038 ms | endpoint=ProductosController.obtenerProductosCriticos()
2026-05-18 14:49:27 [STOQ] [http-nio-8080-exec-3] INFO  c.P.s.a.aspects.ApiLoggingAspect - [STOQ-MONITOR] ============================================================
2026-05-18 14:50:50 [STOQ] [http-nio-8080-exec-5] DEBUG o.s.security.web.FilterChainProxy - Securing OPTIONS /api/usuarios/me
2026-05-18 14:50:50 [STOQ] [http-nio-8080-exec-1] DEBUG o.s.security.web.FilterChainProxy - Securing OPTIONS /api/alertas/resumen
2026-05-18 14:50:50 [STOQ] [http-nio-8080-exec-10] DEBUG o.s.security.web.FilterChainProxy - Securing OPTIONS /api/productos/criticos
2026-05-18 14:50:50 [STOQ] [http-nio-8080-exec-8] DEBUG o.s.security.web.FilterChainProxy - Securing OPTIONS /api/productos/criticos
2026-05-18 14:50:50 [STOQ] [http-nio-8080-exec-2] DEBUG o.s.security.web.FilterChainProxy - Securing GET /api/usuarios/me
2026-05-18 14:50:50 [STOQ] [http-nio-8080-exec-2] DEBUG org.hibernate.SQL - 
    select
        u1_0.id,
        u1_0.contrasena_hash,
        u1_0.correo,
        u1_0.empresa,
        u1_0.estado,
        u1_0.nombre,
        u1_0.rol_id 
    from
        usuarios u1_0 
    where
        u1_0.correo=?
2026-05-18 14:50:50 [STOQ] [http-nio-8080-exec-3] DEBUG o.s.security.web.FilterChainProxy - Securing GET /api/productos/criticos
2026-05-18 14:50:50 [STOQ] [http-nio-8080-exec-6] DEBUG o.s.security.web.FilterChainProxy - Securing GET /api/alertas/resumen
2026-05-18 14:50:50 [STOQ] [http-nio-8080-exec-3] DEBUG org.hibernate.SQL - 
    select
        u1_0.id,
        u1_0.contrasena_hash,
        u1_0.correo,
        u1_0.empresa,
        u1_0.estado,
        u1_0.nombre,
        u1_0.rol_id 
    from
        usuarios u1_0 
    where
        u1_0.correo=?
2026-05-18 14:50:50 [STOQ] [http-nio-8080-exec-6] DEBUG org.hibernate.SQL - 
    select
        u1_0.id,
        u1_0.contrasena_hash,
        u1_0.correo,
        u1_0.empresa,
        u1_0.estado,
        u1_0.nombre,
        u1_0.rol_id 
    from
        usuarios u1_0 
    where
        u1_0.correo=?
2026-05-18 14:50:50 [STOQ] [http-nio-8080-exec-2] DEBUG org.hibernate.SQL - 
    select
        r1_0.id,
        r1_0.descripcion,
        r1_0.nombre 
    from
        roles r1_0 
    where
        r1_0.id=?
2026-05-18 14:50:50 [STOQ] [http-nio-8080-exec-6] DEBUG org.hibernate.SQL - 
    select
        r1_0.id,
        r1_0.descripcion,
        r1_0.nombre 
    from
        roles r1_0 
    where
        r1_0.id=?
2026-05-18 14:50:50 [STOQ] [http-nio-8080-exec-3] DEBUG org.hibernate.SQL - 
    select
        r1_0.id,
        r1_0.descripcion,
        r1_0.nombre 
    from
        roles r1_0 
    where
        r1_0.id=?
2026-05-18 14:50:51 [STOQ] [http-nio-8080-exec-2] INFO  c.Proyecto.stoq.security.JwtFilter - Authenticated request for email=gerente@gmail.com role=GERENTE path=/api/usuarios/me
2026-05-18 14:50:51 [STOQ] [http-nio-8080-exec-2] DEBUG o.s.security.web.FilterChainProxy - Secured GET /api/usuarios/me
2026-05-18 14:50:51 [STOQ] [http-nio-8080-exec-2] INFO  c.P.s.a.aspects.ApiLoggingAspect - [STOQ-MONITOR] ============================================================
2026-05-18 14:50:51 [STOQ] [http-nio-8080-exec-2] INFO  c.P.s.a.aspects.ApiLoggingAspect - [STOQ-MONITOR] IN  2026-05-18 14:50:51 | GET /api/usuarios/me | user=gerente@gmail.com | ip=0:0:0:0:0:0:0:1 | ua=Mozilla/5.0 (Windows NT 10.0; Win64; x64) AppleWebKit/537.36 (KHTML, like Gecko) Code/1.120.0 Chrome/142.0.7444.265 Electron/39.8.8 Safari/537.36
2026-05-18 14:50:51 [STOQ] [http-nio-8080-exec-2] DEBUG org.hibernate.SQL - 
    select
        u1_0.id,
        u1_0.contrasena_hash,
        u1_0.correo,
        u1_0.empresa,
        u1_0.estado,
        u1_0.nombre,
        u1_0.rol_id 
    from
        usuarios u1_0 
    where
        u1_0.correo=?
2026-05-18 14:50:51 [STOQ] [http-nio-8080-exec-6] INFO  c.Proyecto.stoq.security.JwtFilter - Authenticated request for email=gerente@gmail.com role=GERENTE path=/api/alertas/resumen
2026-05-18 14:50:51 [STOQ] [http-nio-8080-exec-6] DEBUG o.s.security.web.FilterChainProxy - Secured GET /api/alertas/resumen
2026-05-18 14:50:51 [STOQ] [http-nio-8080-exec-6] INFO  c.P.s.a.aspects.ApiLoggingAspect - [STOQ-MONITOR] ============================================================
2026-05-18 14:50:51 [STOQ] [http-nio-8080-exec-6] INFO  c.P.s.a.aspects.ApiLoggingAspect - [STOQ-MONITOR] IN  2026-05-18 14:50:51 | GET /api/alertas/resumen | user=gerente@gmail.com | ip=0:0:0:0:0:0:0:1 | ua=Mozilla/5.0 (Windows NT 10.0; Win64; x64) AppleWebKit/537.36 (KHTML, like Gecko) Code/1.120.0 Chrome/142.0.7444.265 Electron/39.8.8 Safari/537.36
2026-05-18 14:50:51 [STOQ] [http-nio-8080-exec-6] DEBUG org.hibernate.SQL - 
    select
        u1_0.id,
        u1_0.contrasena_hash,
        u1_0.correo,
        u1_0.empresa,
        u1_0.estado,
        u1_0.nombre,
        u1_0.rol_id 
    from
        usuarios u1_0 
    where
        u1_0.correo=?
2026-05-18 14:50:51 [STOQ] [http-nio-8080-exec-3] INFO  c.Proyecto.stoq.security.JwtFilter - Authenticated request for email=gerente@gmail.com role=GERENTE path=/api/productos/criticos
2026-05-18 14:50:51 [STOQ] [http-nio-8080-exec-3] DEBUG o.s.security.web.FilterChainProxy - Secured GET /api/productos/criticos
2026-05-18 14:50:51 [STOQ] [http-nio-8080-exec-3] DEBUG o.s.s.a.m.AuthorizationManagerBeforeMethodInterceptor - Authorizing method invocation ReflectiveMethodInvocation: public java.util.List com.Proyecto.stoq.adapters.controllers.ProductosController.obtenerProductosCriticos(); target is of class [com.Proyecto.stoq.adapters.controllers.ProductosController]
2026-05-18 14:50:51 [STOQ] [http-nio-8080-exec-3] DEBUG o.s.s.a.m.AuthorizationManagerBeforeMethodInterceptor - Authorized method invocation ReflectiveMethodInvocation: public java.util.List com.Proyecto.stoq.adapters.controllers.ProductosController.obtenerProductosCriticos(); target is of class [com.Proyecto.stoq.adapters.controllers.ProductosController]
2026-05-18 14:50:51 [STOQ] [http-nio-8080-exec-3] INFO  c.P.s.a.aspects.ApiLoggingAspect - [STOQ-MONITOR] ============================================================
2026-05-18 14:50:51 [STOQ] [http-nio-8080-exec-3] INFO  c.P.s.a.aspects.ApiLoggingAspect - [STOQ-MONITOR] IN  2026-05-18 14:50:51 | GET /api/productos/criticos | user=gerente@gmail.com | ip=0:0:0:0:0:0:0:1 | ua=Mozilla/5.0 (Windows NT 10.0; Win64; x64) AppleWebKit/537.36 (KHTML, like Gecko) Code/1.120.0 Chrome/142.0.7444.265 Electron/39.8.8 Safari/537.36
2026-05-18 14:50:51 [STOQ] [http-nio-8080-exec-3] DEBUG org.hibernate.SQL - 
    select
        u1_0.id,
        u1_0.contrasena_hash,
        u1_0.correo,
        u1_0.empresa,
        u1_0.estado,
        u1_0.nombre,
        u1_0.rol_id 
    from
        usuarios u1_0 
    where
        u1_0.correo=?
2026-05-18 14:50:51 [STOQ] [http-nio-8080-exec-2] DEBUG org.hibernate.SQL - 
    select
        r1_0.id,
        r1_0.descripcion,
        r1_0.nombre 
    from
        roles r1_0 
    where
        r1_0.id=?
2026-05-18 14:50:51 [STOQ] [http-nio-8080-exec-6] DEBUG org.hibernate.SQL - 
    select
        r1_0.id,
        r1_0.descripcion,
        r1_0.nombre 
    from
        roles r1_0 
    where
        r1_0.id=?
2026-05-18 14:50:51 [STOQ] [http-nio-8080-exec-3] DEBUG org.hibernate.SQL - 
    select
        r1_0.id,
        r1_0.descripcion,
        r1_0.nombre 
    from
        roles r1_0 
    where
        r1_0.id=?
2026-05-18 14:50:51 [STOQ] [http-nio-8080-exec-2] INFO  c.P.s.a.aspects.ApiLoggingAspect - [STOQ-MONITOR] OUT GET /api/usuarios/me | status=OK | time=556 ms | endpoint=UsuarioController.obtenerUsuarioAutenticado(..)
2026-05-18 14:50:51 [STOQ] [http-nio-8080-exec-2] INFO  c.P.s.a.aspects.ApiLoggingAspect - [STOQ-MONITOR] ============================================================
2026-05-18 14:50:51 [STOQ] [http-nio-8080-exec-6] DEBUG org.hibernate.SQL - 
    select
        p1_0.id,
        p1_0.categoria_id,
        p1_0.codigo,
        p1_0.empresa,
        p1_0.estado,
        p1_0.fecha_actualizacion,
        p1_0.fecha_creacion,
        p1_0.nombre,
        p1_0.stock_actual,
        p1_0.stock_minimo,
        p1_0.ubicacion,
        p1_0.unidad_id 
    from
        productos p1_0
2026-05-18 14:50:51 [STOQ] [http-nio-8080-exec-3] DEBUG org.hibernate.SQL - 
    select
        p1_0.id,
        p1_0.categoria_id,
        p1_0.codigo,
        p1_0.empresa,
        p1_0.estado,
        p1_0.fecha_actualizacion,
        p1_0.fecha_creacion,
        p1_0.nombre,
        p1_0.stock_actual,
        p1_0.stock_minimo,
        p1_0.ubicacion,
        p1_0.unidad_id 
    from
        productos p1_0
2026-05-18 14:50:51 [STOQ] [http-nio-8080-exec-3] DEBUG org.hibernate.SQL - 
    select
        c1_0.id,
        c1_0.descripcion,
        c1_0.estado,
        c1_0.fecha_creacion,
        c1_0.nombre 
    from
        categorias c1_0 
    where
        c1_0.id=?
2026-05-18 14:50:51 [STOQ] [http-nio-8080-exec-6] DEBUG org.hibernate.SQL - 
    select
        c1_0.id,
        c1_0.descripcion,
        c1_0.estado,
        c1_0.fecha_creacion,
        c1_0.nombre 
    from
        categorias c1_0 
    where
        c1_0.id=?
2026-05-18 14:50:52 [STOQ] [http-nio-8080-exec-3] DEBUG org.hibernate.SQL - 
    select
        u1_0.id,
        u1_0.abreviatura,
        u1_0.estado,
        u1_0.nombre 
    from
        unidades u1_0 
    where
        u1_0.id=?
2026-05-18 14:50:52 [STOQ] [http-nio-8080-exec-6] DEBUG org.hibernate.SQL - 
    select
        u1_0.id,
        u1_0.abreviatura,
        u1_0.estado,
        u1_0.nombre 
    from
        unidades u1_0 
    where
        u1_0.id=?
2026-05-18 14:50:52 [STOQ] [http-nio-8080-exec-3] DEBUG org.hibernate.SQL - 
    select
        c1_0.id,
        c1_0.descripcion,
        c1_0.estado,
        c1_0.fecha_creacion,
        c1_0.nombre 
    from
        categorias c1_0 
    where
        c1_0.id=?
2026-05-18 14:50:52 [STOQ] [http-nio-8080-exec-6] DEBUG org.hibernate.SQL - 
    select
        c1_0.id,
        c1_0.descripcion,
        c1_0.estado,
        c1_0.fecha_creacion,
        c1_0.nombre 
    from
        categorias c1_0 
    where
        c1_0.id=?
2026-05-18 14:50:52 [STOQ] [http-nio-8080-exec-3] DEBUG org.hibernate.SQL - 
    select
        u1_0.id,
        u1_0.abreviatura,
        u1_0.estado,
        u1_0.nombre 
    from
        unidades u1_0 
    where
        u1_0.id=?
2026-05-18 14:50:52 [STOQ] [http-nio-8080-exec-6] DEBUG org.hibernate.SQL - 
    select
        u1_0.id,
        u1_0.abreviatura,
        u1_0.estado,
        u1_0.nombre 
    from
        unidades u1_0 
    where
        u1_0.id=?
2026-05-18 14:50:52 [STOQ] [http-nio-8080-exec-7] DEBUG o.s.security.web.FilterChainProxy - Securing OPTIONS /api/reportes/categorias?inicio=2026-04-19&fin=2026-05-18
2026-05-18 14:50:52 [STOQ] [http-nio-8080-exec-9] DEBUG o.s.security.web.FilterChainProxy - Securing GET /api/reportes/categorias?inicio=2026-04-19&fin=2026-05-18
2026-05-18 14:50:52 [STOQ] [http-nio-8080-exec-9] DEBUG org.hibernate.SQL - 
    select
        u1_0.id,
        u1_0.contrasena_hash,
        u1_0.correo,
        u1_0.empresa,
        u1_0.estado,
        u1_0.nombre,
        u1_0.rol_id 
    from
        usuarios u1_0 
    where
        u1_0.correo=?
2026-05-18 14:50:52 [STOQ] [http-nio-8080-exec-3] DEBUG org.hibernate.SQL - 
    select
        u1_0.id,
        u1_0.abreviatura,
        u1_0.estado,
        u1_0.nombre 
    from
        unidades u1_0 
    where
        u1_0.id=?
2026-05-18 14:50:52 [STOQ] [http-nio-8080-exec-6] DEBUG org.hibernate.SQL - 
    select
        u1_0.id,
        u1_0.abreviatura,
        u1_0.estado,
        u1_0.nombre 
    from
        unidades u1_0 
    where
        u1_0.id=?
2026-05-18 14:50:53 [STOQ] [http-nio-8080-exec-3] DEBUG org.hibernate.SQL - 
    select
        c1_0.id,
        c1_0.descripcion,
        c1_0.estado,
        c1_0.fecha_creacion,
        c1_0.nombre 
    from
        categorias c1_0 
    where
        c1_0.id=?
2026-05-18 14:50:53 [STOQ] [http-nio-8080-exec-6] DEBUG org.hibernate.SQL - 
    select
        c1_0.id,
        c1_0.descripcion,
        c1_0.estado,
        c1_0.fecha_creacion,
        c1_0.nombre 
    from
        categorias c1_0 
    where
        c1_0.id=?
2026-05-18 14:50:53 [STOQ] [http-nio-8080-exec-9] DEBUG org.hibernate.SQL - 
    select
        r1_0.id,
        r1_0.descripcion,
        r1_0.nombre 
    from
        roles r1_0 
    where
        r1_0.id=?
2026-05-18 14:50:53 [STOQ] [http-nio-8080-exec-3] DEBUG org.hibernate.SQL - 
    select
        c1_0.id,
        c1_0.descripcion,
        c1_0.estado,
        c1_0.fecha_creacion,
        c1_0.nombre 
    from
        categorias c1_0 
    where
        c1_0.id=?
2026-05-18 14:50:53 [STOQ] [http-nio-8080-exec-6] DEBUG org.hibernate.SQL - 
    select
        c1_0.id,
        c1_0.descripcion,
        c1_0.estado,
        c1_0.fecha_creacion,
        c1_0.nombre 
    from
        categorias c1_0 
    where
        c1_0.id=?
2026-05-18 14:50:53 [STOQ] [http-nio-8080-exec-9] INFO  c.Proyecto.stoq.security.JwtFilter - Authenticated request for email=gerente@gmail.com role=GERENTE path=/api/reportes/categorias
2026-05-18 14:50:53 [STOQ] [http-nio-8080-exec-9] DEBUG o.s.security.web.FilterChainProxy - Secured GET /api/reportes/categorias?inicio=2026-04-19&fin=2026-05-18
2026-05-18 14:50:53 [STOQ] [http-nio-8080-exec-9] INFO  c.P.s.a.aspects.ApiLoggingAspect - [STOQ-MONITOR] ============================================================
2026-05-18 14:50:53 [STOQ] [http-nio-8080-exec-9] INFO  c.P.s.a.aspects.ApiLoggingAspect - [STOQ-MONITOR] IN  2026-05-18 14:50:53 | GET /api/reportes/categorias | user=gerente@gmail.com | ip=0:0:0:0:0:0:0:1 | ua=Mozilla/5.0 (Windows NT 10.0; Win64; x64) AppleWebKit/537.36 (KHTML, like Gecko) Code/1.120.0 Chrome/142.0.7444.265 Electron/39.8.8 Safari/537.36
2026-05-18 14:50:53 [STOQ] [http-nio-8080-exec-9] DEBUG org.hibernate.SQL - 
    select
        u1_0.id,
        u1_0.contrasena_hash,
        u1_0.correo,
        u1_0.empresa,
        u1_0.estado,
        u1_0.nombre,
        u1_0.rol_id 
    from
        usuarios u1_0 
    where
        u1_0.correo=?
2026-05-18 14:50:53 [STOQ] [http-nio-8080-exec-3] DEBUG org.hibernate.SQL - 
    select
        u1_0.id,
        u1_0.abreviatura,
        u1_0.estado,
        u1_0.nombre 
    from
        unidades u1_0 
    where
        u1_0.id=?
2026-05-18 14:50:53 [STOQ] [http-nio-8080-exec-6] DEBUG org.hibernate.SQL - 
    select
        u1_0.id,
        u1_0.abreviatura,
        u1_0.estado,
        u1_0.nombre 
    from
        unidades u1_0 
    where
        u1_0.id=?
2026-05-18 14:50:53 [STOQ] [http-nio-8080-exec-9] DEBUG org.hibernate.SQL - 
    select
        r1_0.id,
        r1_0.descripcion,
        r1_0.nombre 
    from
        roles r1_0 
    where
        r1_0.id=?
2026-05-18 14:50:54 [STOQ] [http-nio-8080-exec-9] DEBUG org.hibernate.SQL - 
    select
        c1_0.id,
        c1_0.nombre,
        count(p1_0.id),
        coalesce(sum(coalesce(p1_0.stock_actual, 0)), cast(0 as bigint)),
        coalesce(sum(coalesce(p1_0.stock_minimo, 0)), cast(0 as bigint)),
        cast(0 as bigint),
        cast(0 as bigint),
        cast(0 as bigint),
        cast(0 as bigint),
        cast(0 as bigint),
        cast(0 as bigint) 
    from
        productos p1_0 
    join
        categorias c1_0 
            on c1_0.id=p1_0.categoria_id 
    where
        p1_0.empresa=? 
        and p1_0.estado=true 
    group by
        c1_0.id,
        c1_0.nombre 
    order by
        c1_0.nombre
2026-05-18 14:50:54 [STOQ] [http-nio-8080-exec-3] INFO  c.P.s.a.aspects.ApiLoggingAspect - [STOQ-MONITOR] OUT GET /api/productos/criticos | status=OK | time=3119 ms | endpoint=ProductosController.obtenerProductosCriticos()
2026-05-18 14:50:54 [STOQ] [http-nio-8080-exec-3] INFO  c.P.s.a.aspects.ApiLoggingAspect - [STOQ-MONITOR] ============================================================
2026-05-18 14:50:54 [STOQ] [http-nio-8080-exec-4] DEBUG o.s.security.web.FilterChainProxy - Securing GET /api/productos/criticos
2026-05-18 14:50:54 [STOQ] [http-nio-8080-exec-4] DEBUG org.hibernate.SQL - 
    select
        u1_0.id,
        u1_0.contrasena_hash,
        u1_0.correo,
        u1_0.empresa,
        u1_0.estado,
        u1_0.nombre,
        u1_0.rol_id 
    from
        usuarios u1_0 
    where
        u1_0.correo=?
2026-05-18 14:50:54 [STOQ] [http-nio-8080-exec-6] DEBUG org.hibernate.SQL - 
    select
        a1_0.id,
        a1_0.fecha,
        a1_0.leida,
        a1_0.mensaje,
        a1_0.producto_id,
        p1_0.id,
        p1_0.categoria_id,
        c1_0.id,
        c1_0.descripcion,
        c1_0.estado,
        c1_0.fecha_creacion,
        c1_0.nombre,
        p1_0.codigo,
        p1_0.empresa,
        p1_0.estado,
        p1_0.fecha_actualizacion,
        p1_0.fecha_creacion,
        p1_0.nombre,
        p1_0.stock_actual,
        p1_0.stock_minimo,
        p1_0.ubicacion,
        p1_0.unidad_id,
        a1_0.tipo 
    from
        alertas a1_0 
    join
        productos p1_0 
            on p1_0.id=a1_0.producto_id 
    join
        categorias c1_0 
            on c1_0.id=p1_0.categoria_id
2026-05-18 14:50:54 [STOQ] [http-nio-8080-exec-9] DEBUG org.hibernate.SQL - 
    select
        c1_0.id,
        c1_0.nombre,
        cast(0 as bigint),
        cast(0 as bigint),
        cast(0 as bigint),
        count(mi1_0.id),
        coalesce(sum(mi1_0.cantidad), cast(0 as bigint)),
        coalesce(sum(case 
            when upper(mi1_0.tipo_movimiento)='ENTRADA' 
                then 1 
            else 0 
    end), cast(0 as bigint)),
    coalesce(sum(case 
        when upper(mi1_0.tipo_movimiento)='SALIDA' 
            then 1 
        else 0 
end), cast(0 as bigint)),
coalesce(sum(case 
    when upper(mi1_0.tipo_movimiento)='ENTRADA' 
        then mi1_0.cantidad 
    else 0 
end), cast(0 as bigint)),
coalesce(sum(case 
    when upper(mi1_0.tipo_movimiento)='SALIDA' 
        then mi1_0.cantidad 
    else 0 
end), cast(0 as bigint)) 
from
    movimientos_inventario mi1_0 
join
    productos p1_0 
        on p1_0.id=mi1_0.producto_id 
join
    categorias c1_0 
        on c1_0.id=p1_0.categoria_id 
where
    p1_0.empresa=? 
    and mi1_0.fecha_movimiento between ? and ? 
group by
    c1_0.id,
    c1_0.nombre 
order by
    c1_0.nombre
2026-05-18 14:50:54 [STOQ] [http-nio-8080-exec-4] DEBUG org.hibernate.SQL - 
    select
        r1_0.id,
        r1_0.descripcion,
        r1_0.nombre 
    from
        roles r1_0 
    where
        r1_0.id=?
2026-05-18 14:50:54 [STOQ] [http-nio-8080-exec-4] INFO  c.Proyecto.stoq.security.JwtFilter - Authenticated request for email=gerente@gmail.com role=GERENTE path=/api/productos/criticos
2026-05-18 14:50:54 [STOQ] [http-nio-8080-exec-4] DEBUG o.s.security.web.FilterChainProxy - Secured GET /api/productos/criticos
2026-05-18 14:50:54 [STOQ] [http-nio-8080-exec-4] DEBUG o.s.s.a.m.AuthorizationManagerBeforeMethodInterceptor - Authorizing method invocation ReflectiveMethodInvocation: public java.util.List com.Proyecto.stoq.adapters.controllers.ProductosController.obtenerProductosCriticos(); target is of class [com.Proyecto.stoq.adapters.controllers.ProductosController]
2026-05-18 14:50:54 [STOQ] [http-nio-8080-exec-4] DEBUG o.s.s.a.m.AuthorizationManagerBeforeMethodInterceptor - Authorized method invocation ReflectiveMethodInvocation: public java.util.List com.Proyecto.stoq.adapters.controllers.ProductosController.obtenerProductosCriticos(); target is of class [com.Proyecto.stoq.adapters.controllers.ProductosController]
2026-05-18 14:50:54 [STOQ] [http-nio-8080-exec-4] INFO  c.P.s.a.aspects.ApiLoggingAspect - [STOQ-MONITOR] ============================================================
2026-05-18 14:50:54 [STOQ] [http-nio-8080-exec-4] INFO  c.P.s.a.aspects.ApiLoggingAspect - [STOQ-MONITOR] IN  2026-05-18 14:50:54 | GET /api/productos/criticos | user=gerente@gmail.com | ip=0:0:0:0:0:0:0:1 | ua=Mozilla/5.0 (Windows NT 10.0; Win64; x64) AppleWebKit/537.36 (KHTML, like Gecko) Code/1.120.0 Chrome/142.0.7444.265 Electron/39.8.8 Safari/537.36
2026-05-18 14:50:54 [STOQ] [http-nio-8080-exec-4] DEBUG org.hibernate.SQL - 
    select
        u1_0.id,
        u1_0.contrasena_hash,
        u1_0.correo,
        u1_0.empresa,
        u1_0.estado,
        u1_0.nombre,
        u1_0.rol_id 
    from
        usuarios u1_0 
    where
        u1_0.correo=?
2026-05-18 14:50:54 [STOQ] [http-nio-8080-exec-6] DEBUG org.hibernate.SQL - 
    select
        a1_0.id,
        a1_0.fecha,
        a1_0.leida,
        a1_0.mensaje,
        a1_0.producto_id,
        p1_0.id,
        p1_0.categoria_id,
        c1_0.id,
        c1_0.descripcion,
        c1_0.estado,
        c1_0.fecha_creacion,
        c1_0.nombre,
        p1_0.codigo,
        p1_0.empresa,
        p1_0.estado,
        p1_0.fecha_actualizacion,
        p1_0.fecha_creacion,
        p1_0.nombre,
        p1_0.stock_actual,
        p1_0.stock_minimo,
        p1_0.ubicacion,
        p1_0.unidad_id,
        a1_0.tipo 
    from
        alertas a1_0 
    join
        productos p1_0 
            on p1_0.id=a1_0.producto_id 
    join
        categorias c1_0 
            on c1_0.id=p1_0.categoria_id
2026-05-18 14:50:54 [STOQ] [http-nio-8080-exec-9] INFO  c.P.s.a.aspects.ApiLoggingAspect - [STOQ-MONITOR] OUT GET /api/reportes/categorias | status=OK | time=1294 ms | endpoint=ReportesController.obtenerReporteCategorias(..)
2026-05-18 14:50:54 [STOQ] [http-nio-8080-exec-9] INFO  c.P.s.a.aspects.ApiLoggingAspect - [STOQ-MONITOR] ============================================================
2026-05-18 14:50:54 [STOQ] [http-nio-8080-exec-4] DEBUG org.hibernate.SQL - 
    select
        r1_0.id,
        r1_0.descripcion,
        r1_0.nombre 
    from
        roles r1_0 
    where
        r1_0.id=?
2026-05-18 14:50:55 [STOQ] [http-nio-8080-exec-4] DEBUG org.hibernate.SQL - 
    select
        p1_0.id,
        p1_0.categoria_id,
        p1_0.codigo,
        p1_0.empresa,
        p1_0.estado,
        p1_0.fecha_actualizacion,
        p1_0.fecha_creacion,
        p1_0.nombre,
        p1_0.stock_actual,
        p1_0.stock_minimo,
        p1_0.ubicacion,
        p1_0.unidad_id 
    from
        productos p1_0
2026-05-18 14:50:55 [STOQ] [http-nio-8080-exec-6] INFO  c.P.s.a.aspects.ApiLoggingAspect - [STOQ-MONITOR] OUT GET /api/alertas/resumen | status=OK | time=4267 ms | endpoint=AlertaController.obtenerResumen()
2026-05-18 14:50:55 [STOQ] [http-nio-8080-exec-6] INFO  c.P.s.a.aspects.ApiLoggingAspect - [STOQ-MONITOR] ============================================================
2026-05-18 14:50:55 [STOQ] [http-nio-8080-exec-4] DEBUG org.hibernate.SQL - 
    select
        c1_0.id,
        c1_0.descripcion,
        c1_0.estado,
        c1_0.fecha_creacion,
        c1_0.nombre 
    from
        categorias c1_0 
    where
        c1_0.id=?
2026-05-18 14:50:55 [STOQ] [http-nio-8080-exec-4] DEBUG org.hibernate.SQL - 
    select
        u1_0.id,
        u1_0.abreviatura,
        u1_0.estado,
        u1_0.nombre 
    from
        unidades u1_0 
    where
        u1_0.id=?
2026-05-18 14:50:56 [STOQ] [http-nio-8080-exec-4] DEBUG org.hibernate.SQL - 
    select
        c1_0.id,
        c1_0.descripcion,
        c1_0.estado,
        c1_0.fecha_creacion,
        c1_0.nombre 
    from
        categorias c1_0 
    where
        c1_0.id=?
2026-05-18 14:50:56 [STOQ] [http-nio-8080-exec-4] DEBUG org.hibernate.SQL - 
    select
        u1_0.id,
        u1_0.abreviatura,
        u1_0.estado,
        u1_0.nombre 
    from
        unidades u1_0 
    where
        u1_0.id=?
2026-05-18 14:50:56 [STOQ] [http-nio-8080-exec-4] DEBUG org.hibernate.SQL - 
    select
        u1_0.id,
        u1_0.abreviatura,
        u1_0.estado,
        u1_0.nombre 
    from
        unidades u1_0 
    where
        u1_0.id=?
2026-05-18 14:50:56 [STOQ] [http-nio-8080-exec-4] DEBUG org.hibernate.SQL - 
    select
        c1_0.id,
        c1_0.descripcion,
        c1_0.estado,
        c1_0.fecha_creacion,
        c1_0.nombre 
    from
        categorias c1_0 
    where
        c1_0.id=?
2026-05-18 14:50:57 [STOQ] [http-nio-8080-exec-4] DEBUG org.hibernate.SQL - 
    select
        c1_0.id,
        c1_0.descripcion,
        c1_0.estado,
        c1_0.fecha_creacion,
        c1_0.nombre 
    from
        categorias c1_0 
    where
        c1_0.id=?
2026-05-18 14:50:57 [STOQ] [http-nio-8080-exec-4] DEBUG org.hibernate.SQL - 
    select
        u1_0.id,
        u1_0.abreviatura,
        u1_0.estado,
        u1_0.nombre 
    from
        unidades u1_0 
    where
        u1_0.id=?
2026-05-18 14:50:57 [STOQ] [http-nio-8080-exec-4] INFO  c.P.s.a.aspects.ApiLoggingAspect - [STOQ-MONITOR] OUT GET /api/productos/criticos | status=OK | time=3194 ms | endpoint=ProductosController.obtenerProductosCriticos()
2026-05-18 14:50:57 [STOQ] [http-nio-8080-exec-4] INFO  c.P.s.a.aspects.ApiLoggingAspect - [STOQ-MONITOR] ============================================================
2026-05-18 15:01:02 [STOQ] [File Watcher] INFO  o.s.b.d.a.LocalDevToolsAutoConfiguration$RestartingClassPathChangeChangedEventListener - Restarting due to 92 class path changes (0 additions, 92 deletions, 0 modifications)
2026-05-18 15:01:02 [STOQ] [Thread-1] INFO  o.s.boot.tomcat.GracefulShutdown - Commencing graceful shutdown. Waiting for active requests to complete
2026-05-18 15:01:02 [STOQ] [tomcat-shutdown] INFO  o.s.boot.tomcat.GracefulShutdown - Graceful shutdown complete
2026-05-18 15:01:02 [STOQ] [Thread-1] INFO  o.s.o.j.LocalContainerEntityManagerFactoryBean - Closing JPA EntityManagerFactory for persistence unit 'default'
2026-05-18 15:01:02 [STOQ] [Thread-1] INFO  com.zaxxer.hikari.HikariDataSource - HikariPool-1 - Shutdown initiated...
2026-05-18 15:01:03 [STOQ] [Thread-1] INFO  com.zaxxer.hikari.HikariDataSource - HikariPool-1 - Shutdown completed.
2026-05-18 15:01:04 [STOQ] [restartedMain] INFO  com.Proyecto.stoq.StoqApplication - Starting StoqApplication using Java 25.0.2 with PID 23000 (C:\Proy_Taller\Stoq-backend\build\classes\java\main started by Harold in C:\Proy_Taller\Stoq-backend)
2026-05-18 15:01:04 [STOQ] [restartedMain] DEBUG com.Proyecto.stoq.StoqApplication - Running with Spring Boot v4.0.3, Spring v7.0.5
2026-05-18 15:01:04 [STOQ] [restartedMain] INFO  com.Proyecto.stoq.StoqApplication - No active profile set, falling back to 1 default profile: "default"
2026-05-18 15:01:04 [STOQ] [restartedMain] INFO  o.s.d.r.c.RepositoryConfigurationDelegate - Bootstrapping Spring Data JPA repositories in DEFAULT mode.
2026-05-18 15:01:04 [STOQ] [restartedMain] INFO  o.s.d.r.c.RepositoryConfigurationDelegate - Finished Spring Data repository scanning in 0 ms. Found 0 JPA repository interfaces.
2026-05-18 15:01:04 [STOQ] [restartedMain] INFO  o.s.boot.tomcat.TomcatWebServer - Tomcat initialized with port 8080 (http)
2026-05-18 15:01:04 [STOQ] [restartedMain] INFO  o.a.catalina.core.StandardService - Starting service [Tomcat]
2026-05-18 15:01:04 [STOQ] [restartedMain] INFO  o.a.catalina.core.StandardEngine - Starting Servlet engine: [Apache Tomcat/11.0.18]
2026-05-18 15:01:04 [STOQ] [restartedMain] INFO  o.s.b.w.c.s.WebApplicationContextInitializer - Root WebApplicationContext: initialization completed in 860 ms
2026-05-18 15:01:05 [STOQ] [restartedMain] INFO  org.hibernate.orm.jpa - HHH008540: Processing PersistenceUnitInfo [name: default]
2026-05-18 15:01:05 [STOQ] [restartedMain] INFO  o.s.o.j.p.SpringPersistenceUnitInfo - No LoadTimeWeaver setup: ignoring JPA class transformer
2026-05-18 15:01:05 [STOQ] [restartedMain] INFO  com.zaxxer.hikari.HikariDataSource - HikariPool-2 - Starting...
2026-05-18 15:01:08 [STOQ] [restartedMain] INFO  com.zaxxer.hikari.pool.HikariPool - HikariPool-2 - Added connection org.postgresql.jdbc.PgConnection@499d83e0
2026-05-18 15:01:08 [STOQ] [restartedMain] INFO  com.zaxxer.hikari.HikariDataSource - HikariPool-2 - Start completed.
2026-05-18 15:01:08 [STOQ] [restartedMain] WARN  org.hibernate.orm.deprecation - HHH90000025: PostgreSQLDialect does not need to be specified explicitly using 'hibernate.dialect' (remove the property setting and it will be selected by default)
2026-05-18 15:01:09 [STOQ] [restartedMain] INFO  o.hibernate.orm.connections.pooling - HHH10001005: Database info:
	Database JDBC URL [jdbc:postgresql://aws-0-us-west-2.pooler.supabase.com:5432/postgres?sslmode=require]
	Database driver: PostgreSQL JDBC Driver
	Database dialect: PostgreSQLDialect
	Database version: 17.6
	Default catalog/schema: postgres/public
	Autocommit mode: undefined/unknown
	Isolation level: READ_COMMITTED [default READ_COMMITTED]
	JDBC fetch size: none
	Pool: DataSourceConnectionProvider
	Minimum pool size: undefined/unknown
	Maximum pool size: undefined/unknown
2026-05-18 15:01:09 [STOQ] [restartedMain] INFO  org.hibernate.orm.core - HHH000489: No JTA platform available (set 'hibernate.transaction.jta.platform' to enable JTA platform integration)
2026-05-18 15:01:09 [STOQ] [restartedMain] INFO  o.s.o.j.LocalContainerEntityManagerFactoryBean - Initialized JPA EntityManagerFactory for persistence unit 'default'
2026-05-18 15:01:09 [STOQ] [restartedMain] WARN  o.s.b.j.a.JpaBaseConfiguration$JpaWebConfiguration - spring.jpa.open-in-view is enabled by default. Therefore, database queries may be performed during view rendering. Explicitly configure spring.jpa.open-in-view to disable this warning
2026-05-18 15:01:09 [STOQ] [restartedMain] WARN  o.s.b.s.a.UserDetailsServiceAutoConfiguration - 

Using generated security password: ac868d69-d1e1-444e-b226-12c9ab5ea220

This generated password is for development use only. Your security configuration must be updated before running your application in production.

2026-05-18 15:01:09 [STOQ] [restartedMain] INFO  o.s.s.c.a.a.c.InitializeUserDetailsBeanManagerConfigurer$InitializeUserDetailsManagerConfigurer - Global AuthenticationManager configured with UserDetailsService bean with name inMemoryUserDetailsManager
2026-05-18 15:01:09 [STOQ] [restartedMain] INFO  o.s.b.a.e.web.EndpointLinksResolver - Exposing 6 endpoints beneath base path '/actuator'
2026-05-18 15:01:09 [STOQ] [restartedMain] DEBUG o.s.s.web.DefaultSecurityFilterChain - Will secure any request with filters: DisableEncodeUrlFilter, WebAsyncManagerIntegrationFilter, SecurityContextHolderFilter, HeaderWriterFilter, CorsFilter, CsrfFilter, LogoutFilter, UsernamePasswordAuthenticationFilter, DefaultResourcesFilter, DefaultLoginPageGeneratingFilter, DefaultLogoutPageGeneratingFilter, BasicAuthenticationFilter, RequestCacheAwareFilter, SecurityContextHolderAwareRequestFilter, AnonymousAuthenticationFilter, ExceptionTranslationFilter, AuthorizationFilter
2026-05-18 15:01:09 [STOQ] [restartedMain] INFO  o.s.boot.tomcat.TomcatWebServer - Tomcat started on port 8080 (http) with context path '/'
2026-05-18 15:01:09 [STOQ] [restartedMain] INFO  com.Proyecto.stoq.StoqApplication - Started StoqApplication in 5.778 seconds (process running for 748.758)
2026-05-18 15:01:09 [STOQ] [restartedMain] INFO  o.s.b.d.a.ConditionEvaluationDeltaLoggingListener - Condition evaluation delta:


==========================
CONDITION EVALUATION DELTA
==========================


Positive matches:
-----------------

   ManagementWebSecurityAutoConfiguration matched:
      - @ConditionalOnClass found required classes 'org.springframework.security.web.util.matcher.RequestMatcher', 'org.springframework.boot.actuate.autoconfigure.endpoint.web.WebEndpointAutoConfiguration' (OnClassCondition)
      - found 'session' scope (OnWebApplicationCondition)
      - AllNestedConditions 2 matched 0 did not; NestedCondition on DefaultWebSecurityCondition.Beans @ConditionalOnMissingBean (types: org.springframework.security.web.SecurityFilterChain; SearchStrategy: all) did not find any beans; NestedCondition on DefaultWebSecurityCondition.Classes @ConditionalOnClass found required classes 'org.springframework.security.web.SecurityFilterChain', 'org.springframework.security.config.annotation.web.builders.HttpSecurity' (DefaultWebSecurityCondition)


Negative matches:
-----------------

    None


Exclusions:
-----------

    None


Unconditional classes:
----------------------

    None



2026-05-18 15:01:10 [STOQ] [File Watcher] INFO  o.s.b.d.a.LocalDevToolsAutoConfiguration$RestartingClassPathChangeChangedEventListener - Restarting due to 61 class path changes (61 additions, 0 deletions, 0 modifications)
2026-05-18 15:01:10 [STOQ] [Thread-5] INFO  o.s.boot.tomcat.GracefulShutdown - Commencing graceful shutdown. Waiting for active requests to complete
2026-05-18 15:01:10 [STOQ] [tomcat-shutdown] INFO  o.s.boot.tomcat.GracefulShutdown - Graceful shutdown complete
2026-05-18 15:01:10 [STOQ] [Thread-5] INFO  o.s.o.j.LocalContainerEntityManagerFactoryBean - Closing JPA EntityManagerFactory for persistence unit 'default'
2026-05-18 15:01:10 [STOQ] [Thread-5] INFO  com.zaxxer.hikari.HikariDataSource - HikariPool-2 - Shutdown initiated...
2026-05-18 15:01:13 [STOQ] [Thread-5] INFO  com.zaxxer.hikari.HikariDataSource - HikariPool-2 - Shutdown completed.
2026-05-18 15:01:13 [STOQ] [restartedMain] INFO  com.Proyecto.stoq.StoqApplication - Starting StoqApplication using Java 25.0.2 with PID 23000 (C:\Proy_Taller\Stoq-backend\build\classes\java\main started by Harold in C:\Proy_Taller\Stoq-backend)
2026-05-18 15:01:13 [STOQ] [restartedMain] DEBUG com.Proyecto.stoq.StoqApplication - Running with Spring Boot v4.0.3, Spring v7.0.5
2026-05-18 15:01:13 [STOQ] [restartedMain] INFO  com.Proyecto.stoq.StoqApplication - No active profile set, falling back to 1 default profile: "default"
2026-05-18 15:01:13 [STOQ] [restartedMain] INFO  o.s.d.r.c.RepositoryConfigurationDelegate - Bootstrapping Spring Data JPA repositories in DEFAULT mode.
2026-05-18 15:01:13 [STOQ] [restartedMain] INFO  o.s.d.r.c.RepositoryConfigurationDelegate - Finished Spring Data repository scanning in 17 ms. Found 2 JPA repository interfaces.
2026-05-18 15:01:13 [STOQ] [restartedMain] INFO  o.s.boot.tomcat.TomcatWebServer - Tomcat initialized with port 8080 (http)
2026-05-18 15:01:13 [STOQ] [restartedMain] INFO  o.a.catalina.core.StandardService - Starting service [Tomcat]
2026-05-18 15:01:13 [STOQ] [restartedMain] INFO  o.a.catalina.core.StandardEngine - Starting Servlet engine: [Apache Tomcat/11.0.18]
2026-05-18 15:01:13 [STOQ] [restartedMain] INFO  o.s.b.w.c.s.WebApplicationContextInitializer - Root WebApplicationContext: initialization completed in 458 ms
2026-05-18 15:01:13 [STOQ] [restartedMain] INFO  org.hibernate.orm.jpa - HHH008540: Processing PersistenceUnitInfo [name: default]
2026-05-18 15:01:13 [STOQ] [restartedMain] INFO  o.s.o.j.p.SpringPersistenceUnitInfo - No LoadTimeWeaver setup: ignoring JPA class transformer
2026-05-18 15:01:13 [STOQ] [restartedMain] INFO  com.zaxxer.hikari.HikariDataSource - HikariPool-3 - Starting...
2026-05-18 15:01:16 [STOQ] [restartedMain] INFO  com.zaxxer.hikari.pool.HikariPool - HikariPool-3 - Added connection org.postgresql.jdbc.PgConnection@78353d1a
2026-05-18 15:01:16 [STOQ] [restartedMain] INFO  com.zaxxer.hikari.HikariDataSource - HikariPool-3 - Start completed.
2026-05-18 15:01:16 [STOQ] [restartedMain] WARN  org.hibernate.orm.deprecation - HHH90000025: PostgreSQLDialect does not need to be specified explicitly using 'hibernate.dialect' (remove the property setting and it will be selected by default)
2026-05-18 15:01:17 [STOQ] [restartedMain] INFO  o.hibernate.orm.connections.pooling - HHH10001005: Database info:
	Database JDBC URL [jdbc:postgresql://aws-0-us-west-2.pooler.supabase.com:5432/postgres?sslmode=require]
	Database driver: PostgreSQL JDBC Driver
	Database dialect: PostgreSQLDialect
	Database version: 17.6
	Default catalog/schema: postgres/public
	Autocommit mode: undefined/unknown
	Isolation level: READ_COMMITTED [default READ_COMMITTED]
	JDBC fetch size: none
	Pool: DataSourceConnectionProvider
	Minimum pool size: undefined/unknown
	Maximum pool size: undefined/unknown
2026-05-18 15:01:17 [STOQ] [restartedMain] INFO  org.hibernate.orm.core - HHH000489: No JTA platform available (set 'hibernate.transaction.jta.platform' to enable JTA platform integration)
2026-05-18 15:01:20 [STOQ] [restartedMain] INFO  o.s.o.j.LocalContainerEntityManagerFactoryBean - Initialized JPA EntityManagerFactory for persistence unit 'default'
2026-05-18 15:01:20 [STOQ] [restartedMain] WARN  o.s.b.w.s.s.c.AnnotationConfigServletWebServerApplicationContext - Exception encountered during context initialization - cancelling refresh attempt: org.springframework.beans.factory.UnsatisfiedDependencyException: Error creating bean with name 'alertaController' defined in file [C:\Proy_Taller\Stoq-backend\build\classes\java\main\com\Proyecto\stoq\adapters\controllers\AlertaController.class]: Unsatisfied dependency expressed through constructor parameter 0: Error creating bean with name 'alertaServiceImpl' defined in file [C:\Proy_Taller\Stoq-backend\build\classes\java\main\com\Proyecto\stoq\application\services\AlertaServiceImpl.class]: Unsatisfied dependency expressed through constructor parameter 0: No qualifying bean of type 'com.Proyecto.stoq.domain.ports.AlertaRepositoryPort' available: expected at least 1 bean which qualifies as autowire candidate. Dependency annotations: {}
2026-05-18 15:01:20 [STOQ] [restartedMain] INFO  o.s.o.j.LocalContainerEntityManagerFactoryBean - Closing JPA EntityManagerFactory for persistence unit 'default'
2026-05-18 15:01:20 [STOQ] [restartedMain] INFO  com.zaxxer.hikari.HikariDataSource - HikariPool-3 - Shutdown initiated...
2026-05-18 15:01:21 [STOQ] [restartedMain] INFO  com.zaxxer.hikari.HikariDataSource - HikariPool-3 - Shutdown completed.
2026-05-18 15:01:21 [STOQ] [restartedMain] INFO  o.a.catalina.core.StandardService - Stopping service [Tomcat]
2026-05-18 15:01:21 [STOQ] [restartedMain] INFO  o.s.b.a.l.ConditionEvaluationReportLogger - 

Error starting ApplicationContext. To display the condition evaluation report re-run your application with 'debug' enabled.
2026-05-18 15:01:21 [STOQ] [restartedMain] ERROR o.s.b.d.LoggingFailureAnalysisReporter - 

***************************
APPLICATION FAILED TO START
***************************

Description:

Parameter 0 of constructor in com.Proyecto.stoq.application.services.AlertaServiceImpl required a bean of type 'com.Proyecto.stoq.domain.ports.AlertaRepositoryPort' that could not be found.


Action:

Consider defining a bean of type 'com.Proyecto.stoq.domain.ports.AlertaRepositoryPort' in your configuration.

2026-05-18 15:01:58 [STOQ] [restartedMain] INFO  com.Proyecto.stoq.StoqApplication - Starting StoqApplication using Java 25.0.2 with PID 23000 (C:\Proy_Taller\Stoq-backend\build\classes\java\main started by Harold in C:\Proy_Taller\Stoq-backend)
2026-05-18 15:01:58 [STOQ] [restartedMain] DEBUG com.Proyecto.stoq.StoqApplication - Running with Spring Boot v4.0.3, Spring v7.0.5
2026-05-18 15:01:58 [STOQ] [restartedMain] INFO  com.Proyecto.stoq.StoqApplication - No active profile set, falling back to 1 default profile: "default"
2026-05-18 15:01:58 [STOQ] [restartedMain] INFO  o.s.d.r.c.RepositoryConfigurationDelegate - Bootstrapping Spring Data JPA repositories in DEFAULT mode.
2026-05-18 15:01:58 [STOQ] [restartedMain] INFO  o.s.d.r.c.RepositoryConfigurationDelegate - Finished Spring Data repository scanning in 0 ms. Found 0 JPA repository interfaces.
2026-05-18 15:01:58 [STOQ] [restartedMain] INFO  o.s.boot.tomcat.TomcatWebServer - Tomcat initialized with port 8080 (http)
2026-05-18 15:01:58 [STOQ] [restartedMain] INFO  o.a.catalina.core.StandardService - Starting service [Tomcat]
2026-05-18 15:01:58 [STOQ] [restartedMain] INFO  o.a.catalina.core.StandardEngine - Starting Servlet engine: [Apache Tomcat/11.0.18]
2026-05-18 15:01:58 [STOQ] [restartedMain] INFO  o.s.b.w.c.s.WebApplicationContextInitializer - Root WebApplicationContext: initialization completed in 665 ms
2026-05-18 15:01:58 [STOQ] [restartedMain] INFO  org.hibernate.orm.jpa - HHH008540: Processing PersistenceUnitInfo [name: default]
2026-05-18 15:01:58 [STOQ] [restartedMain] INFO  o.s.o.j.p.SpringPersistenceUnitInfo - No LoadTimeWeaver setup: ignoring JPA class transformer
2026-05-18 15:01:58 [STOQ] [restartedMain] INFO  com.zaxxer.hikari.HikariDataSource - HikariPool-4 - Starting...
2026-05-18 15:02:01 [STOQ] [restartedMain] INFO  com.zaxxer.hikari.pool.HikariPool - HikariPool-4 - Added connection org.postgresql.jdbc.PgConnection@1ebbe55e
2026-05-18 15:02:01 [STOQ] [restartedMain] INFO  com.zaxxer.hikari.HikariDataSource - HikariPool-4 - Start completed.
2026-05-18 15:02:02 [STOQ] [restartedMain] WARN  org.hibernate.orm.deprecation - HHH90000025: PostgreSQLDialect does not need to be specified explicitly using 'hibernate.dialect' (remove the property setting and it will be selected by default)
2026-05-18 15:02:02 [STOQ] [restartedMain] INFO  o.hibernate.orm.connections.pooling - HHH10001005: Database info:
	Database JDBC URL [jdbc:postgresql://aws-0-us-west-2.pooler.supabase.com:5432/postgres?sslmode=require]
	Database driver: PostgreSQL JDBC Driver
	Database dialect: PostgreSQLDialect
	Database version: 17.6
	Default catalog/schema: postgres/public
	Autocommit mode: undefined/unknown
	Isolation level: READ_COMMITTED [default READ_COMMITTED]
	JDBC fetch size: none
	Pool: DataSourceConnectionProvider
	Minimum pool size: undefined/unknown
	Maximum pool size: undefined/unknown
2026-05-18 15:02:02 [STOQ] [restartedMain] INFO  org.hibernate.orm.core - HHH000489: No JTA platform available (set 'hibernate.transaction.jta.platform' to enable JTA platform integration)
2026-05-18 15:02:02 [STOQ] [restartedMain] INFO  o.s.o.j.LocalContainerEntityManagerFactoryBean - Initialized JPA EntityManagerFactory for persistence unit 'default'
2026-05-18 15:02:02 [STOQ] [restartedMain] WARN  o.s.b.j.a.JpaBaseConfiguration$JpaWebConfiguration - spring.jpa.open-in-view is enabled by default. Therefore, database queries may be performed during view rendering. Explicitly configure spring.jpa.open-in-view to disable this warning
2026-05-18 15:02:03 [STOQ] [restartedMain] WARN  o.s.b.s.a.UserDetailsServiceAutoConfiguration - 

Using generated security password: 42c70533-1960-44c8-95d1-c53c1d5313a4

This generated password is for development use only. Your security configuration must be updated before running your application in production.

2026-05-18 15:02:03 [STOQ] [restartedMain] INFO  o.s.s.c.a.a.c.InitializeUserDetailsBeanManagerConfigurer$InitializeUserDetailsManagerConfigurer - Global AuthenticationManager configured with UserDetailsService bean with name inMemoryUserDetailsManager
2026-05-18 15:02:03 [STOQ] [restartedMain] INFO  o.s.b.a.e.web.EndpointLinksResolver - Exposing 6 endpoints beneath base path '/actuator'
2026-05-18 15:02:03 [STOQ] [restartedMain] DEBUG o.s.s.web.DefaultSecurityFilterChain - Will secure any request with filters: DisableEncodeUrlFilter, WebAsyncManagerIntegrationFilter, SecurityContextHolderFilter, HeaderWriterFilter, CorsFilter, CsrfFilter, LogoutFilter, UsernamePasswordAuthenticationFilter, DefaultResourcesFilter, DefaultLoginPageGeneratingFilter, DefaultLogoutPageGeneratingFilter, BasicAuthenticationFilter, RequestCacheAwareFilter, SecurityContextHolderAwareRequestFilter, AnonymousAuthenticationFilter, ExceptionTranslationFilter, AuthorizationFilter
2026-05-18 15:02:03 [STOQ] [restartedMain] INFO  o.s.boot.tomcat.TomcatWebServer - Tomcat started on port 8080 (http) with context path '/'
2026-05-18 15:02:03 [STOQ] [restartedMain] INFO  com.Proyecto.stoq.StoqApplication - Started StoqApplication in 5.355 seconds (process running for 802.37)
2026-05-18 15:02:03 [STOQ] [restartedMain] INFO  o.s.b.d.a.ConditionEvaluationDeltaLoggingListener - Condition evaluation unchanged
2026-05-18 15:02:34 [STOQ] [File Watcher] INFO  o.s.b.d.a.LocalDevToolsAutoConfiguration$RestartingClassPathChangeChangedEventListener - Restarting due to 61 class path changes (0 additions, 61 deletions, 0 modifications)
2026-05-18 15:02:34 [STOQ] [Thread-9] INFO  o.s.boot.tomcat.GracefulShutdown - Commencing graceful shutdown. Waiting for active requests to complete
2026-05-18 15:02:34 [STOQ] [tomcat-shutdown] INFO  o.s.boot.tomcat.GracefulShutdown - Graceful shutdown complete
2026-05-18 15:02:34 [STOQ] [Thread-9] INFO  o.s.o.j.LocalContainerEntityManagerFactoryBean - Closing JPA EntityManagerFactory for persistence unit 'default'
2026-05-18 15:02:34 [STOQ] [Thread-9] INFO  com.zaxxer.hikari.HikariDataSource - HikariPool-4 - Shutdown initiated...
2026-05-18 15:02:36 [STOQ] [Thread-9] INFO  com.zaxxer.hikari.HikariDataSource - HikariPool-4 - Shutdown completed.
2026-05-18 15:02:37 [STOQ] [restartedMain] INFO  com.Proyecto.stoq.StoqApplication - Starting StoqApplication using Java 25.0.2 with PID 23000 (C:\Proy_Taller\Stoq-backend\build\classes\java\main started by Harold in C:\Proy_Taller\Stoq-backend)
2026-05-18 15:02:37 [STOQ] [restartedMain] DEBUG com.Proyecto.stoq.StoqApplication - Running with Spring Boot v4.0.3, Spring v7.0.5
2026-05-18 15:02:37 [STOQ] [restartedMain] INFO  com.Proyecto.stoq.StoqApplication - No active profile set, falling back to 1 default profile: "default"
2026-05-18 15:02:37 [STOQ] [restartedMain] INFO  o.s.d.r.c.RepositoryConfigurationDelegate - Bootstrapping Spring Data JPA repositories in DEFAULT mode.
2026-05-18 15:02:37 [STOQ] [restartedMain] INFO  o.s.d.r.c.RepositoryConfigurationDelegate - Finished Spring Data repository scanning in 55 ms. Found 9 JPA repository interfaces.
2026-05-18 15:02:37 [STOQ] [restartedMain] INFO  o.s.boot.tomcat.TomcatWebServer - Tomcat initialized with port 8080 (http)
2026-05-18 15:02:37 [STOQ] [restartedMain] INFO  o.a.catalina.core.StandardService - Starting service [Tomcat]
2026-05-18 15:02:37 [STOQ] [restartedMain] INFO  o.a.catalina.core.StandardEngine - Starting Servlet engine: [Apache Tomcat/11.0.18]
2026-05-18 15:02:38 [STOQ] [restartedMain] INFO  o.s.b.w.c.s.WebApplicationContextInitializer - Root WebApplicationContext: initialization completed in 945 ms
2026-05-18 15:02:38 [STOQ] [restartedMain] INFO  org.hibernate.orm.jpa - HHH008540: Processing PersistenceUnitInfo [name: default]
2026-05-18 15:02:38 [STOQ] [restartedMain] INFO  o.s.o.j.p.SpringPersistenceUnitInfo - No LoadTimeWeaver setup: ignoring JPA class transformer
2026-05-18 15:02:38 [STOQ] [restartedMain] INFO  com.zaxxer.hikari.HikariDataSource - HikariPool-5 - Starting...
2026-05-18 15:02:41 [STOQ] [restartedMain] INFO  com.zaxxer.hikari.pool.HikariPool - HikariPool-5 - Added connection org.postgresql.jdbc.PgConnection@5c6afaeb
2026-05-18 15:02:41 [STOQ] [restartedMain] INFO  com.zaxxer.hikari.HikariDataSource - HikariPool-5 - Start completed.
2026-05-18 15:02:41 [STOQ] [restartedMain] WARN  org.hibernate.orm.deprecation - HHH90000025: PostgreSQLDialect does not need to be specified explicitly using 'hibernate.dialect' (remove the property setting and it will be selected by default)
2026-05-18 15:02:42 [STOQ] [restartedMain] INFO  o.hibernate.orm.connections.pooling - HHH10001005: Database info:
	Database JDBC URL [jdbc:postgresql://aws-0-us-west-2.pooler.supabase.com:5432/postgres?sslmode=require]
	Database driver: PostgreSQL JDBC Driver
	Database dialect: PostgreSQLDialect
	Database version: 17.6
	Default catalog/schema: postgres/public
	Autocommit mode: undefined/unknown
	Isolation level: READ_COMMITTED [default READ_COMMITTED]
	JDBC fetch size: none
	Pool: DataSourceConnectionProvider
	Minimum pool size: undefined/unknown
	Maximum pool size: undefined/unknown
2026-05-18 15:02:42 [STOQ] [restartedMain] INFO  org.hibernate.orm.core - HHH000489: No JTA platform available (set 'hibernate.transaction.jta.platform' to enable JTA platform integration)
2026-05-18 15:02:44 [STOQ] [restartedMain] INFO  o.s.o.j.LocalContainerEntityManagerFactoryBean - Initialized JPA EntityManagerFactory for persistence unit 'default'
2026-05-18 15:02:44 [STOQ] [restartedMain] DEBUG c.Proyecto.stoq.security.JwtFilter - Filter 'jwtFilter' configured for use
2026-05-18 15:02:44 [STOQ] [restartedMain] WARN  o.s.b.w.s.s.c.AnnotationConfigServletWebServerApplicationContext - Exception encountered during context initialization - cancelling refresh attempt: org.springframework.beans.factory.UnsatisfiedDependencyException: Error creating bean with name 'reportesController' defined in file [C:\Proy_Taller\Stoq-backend\build\classes\java\main\com\Proyecto\stoq\adapters\controllers\ReportesController.class]: Unsatisfied dependency expressed through constructor parameter 0: Error creating bean with name 'reporteServiceImpl': Lookup method resolution failed
2026-05-18 15:02:44 [STOQ] [restartedMain] INFO  o.s.o.j.LocalContainerEntityManagerFactoryBean - Closing JPA EntityManagerFactory for persistence unit 'default'
2026-05-18 15:02:44 [STOQ] [restartedMain] INFO  com.zaxxer.hikari.HikariDataSource - HikariPool-5 - Shutdown initiated...
2026-05-18 15:02:45 [STOQ] [restartedMain] INFO  com.zaxxer.hikari.HikariDataSource - HikariPool-5 - Shutdown completed.
2026-05-18 15:02:45 [STOQ] [restartedMain] INFO  o.a.catalina.core.StandardService - Stopping service [Tomcat]
2026-05-18 15:02:45 [STOQ] [restartedMain] INFO  o.s.b.a.l.ConditionEvaluationReportLogger - 

Error starting ApplicationContext. To display the condition evaluation report re-run your application with 'debug' enabled.
2026-05-18 15:02:45 [STOQ] [restartedMain] ERROR o.s.boot.SpringApplication - Application run failed
org.springframework.beans.factory.UnsatisfiedDependencyException: Error creating bean with name 'reportesController' defined in file [C:\Proy_Taller\Stoq-backend\build\classes\java\main\com\Proyecto\stoq\adapters\controllers\ReportesController.class]: Unsatisfied dependency expressed through constructor parameter 0: Error creating bean with name 'reporteServiceImpl': Lookup method resolution failed
	at org.springframework.beans.factory.support.ConstructorResolver.createArgumentArray(ConstructorResolver.java:804) ~[spring-beans-7.0.5.jar:7.0.5]
	at org.springframework.beans.factory.support.ConstructorResolver.autowireConstructor(ConstructorResolver.java:240) ~[spring-beans-7.0.5.jar:7.0.5]
	at org.springframework.beans.factory.support.AbstractAutowireCapableBeanFactory.autowireConstructor(AbstractAutowireCapableBeanFactory.java:1382) ~[spring-beans-7.0.5.jar:7.0.5]
	at org.springframework.beans.factory.support.AbstractAutowireCapableBeanFactory.createBeanInstance(AbstractAutowireCapableBeanFactory.java:1221) ~[spring-beans-7.0.5.jar:7.0.5]
	at org.springframework.beans.factory.support.AbstractAutowireCapableBeanFactory.doCreateBean(AbstractAutowireCapableBeanFactory.java:565) ~[spring-beans-7.0.5.jar:7.0.5]
	at org.springframework.beans.factory.support.AbstractAutowireCapableBeanFactory.createBean(AbstractAutowireCapableBeanFactory.java:525) ~[spring-beans-7.0.5.jar:7.0.5]
	at org.springframework.beans.factory.support.AbstractBeanFactory.lambda$doGetBean$0(AbstractBeanFactory.java:333) ~[spring-beans-7.0.5.jar:7.0.5]
	at org.springframework.beans.factory.support.DefaultSingletonBeanRegistry.getSingleton(DefaultSingletonBeanRegistry.java:371) ~[spring-beans-7.0.5.jar:7.0.5]
	at org.springframework.beans.factory.support.AbstractBeanFactory.doGetBean(AbstractBeanFactory.java:331) ~[spring-beans-7.0.5.jar:7.0.5]
	at org.springframework.beans.factory.support.AbstractBeanFactory.getBean(AbstractBeanFactory.java:196) ~[spring-beans-7.0.5.jar:7.0.5]
	at org.springframework.beans.factory.support.DefaultListableBeanFactory.instantiateSingleton(DefaultListableBeanFactory.java:1218) ~[spring-beans-7.0.5.jar:7.0.5]
	at org.springframework.beans.factory.support.DefaultListableBeanFactory.preInstantiateSingleton(DefaultListableBeanFactory.java:1184) ~[spring-beans-7.0.5.jar:7.0.5]
	at org.springframework.beans.factory.support.DefaultListableBeanFactory.preInstantiateSingletons(DefaultListableBeanFactory.java:1121) ~[spring-beans-7.0.5.jar:7.0.5]
	at org.springframework.context.support.AbstractApplicationContext.finishBeanFactoryInitialization(AbstractApplicationContext.java:994) ~[spring-context-7.0.5.jar:7.0.5]
	at org.springframework.context.support.AbstractApplicationContext.refresh(AbstractApplicationContext.java:621) ~[spring-context-7.0.5.jar:7.0.5]
	at org.springframework.boot.web.server.servlet.context.ServletWebServerApplicationContext.refresh(ServletWebServerApplicationContext.java:143) ~[spring-boot-web-server-4.0.3.jar:4.0.3]
	at org.springframework.boot.SpringApplication.refresh(SpringApplication.java:756) ~[spring-boot-4.0.3.jar:4.0.3]
	at org.springframework.boot.SpringApplication.refreshContext(SpringApplication.java:445) ~[spring-boot-4.0.3.jar:4.0.3]
	at org.springframework.boot.SpringApplication.run(SpringApplication.java:321) ~[spring-boot-4.0.3.jar:4.0.3]
	at org.springframework.boot.SpringApplication.run(SpringApplication.java:1365) ~[spring-boot-4.0.3.jar:4.0.3]
	at org.springframework.boot.SpringApplication.run(SpringApplication.java:1354) ~[spring-boot-4.0.3.jar:4.0.3]
	at com.Proyecto.stoq.StoqApplication.main(StoqApplication.java:14) ~[main/:na]
	at java.base/jdk.internal.reflect.DirectMethodHandleAccessor.invoke(DirectMethodHandleAccessor.java:104) ~[na:na]
	at java.base/java.lang.reflect.Method.invoke(Method.java:565) ~[na:na]
	at org.springframework.boot.devtools.restart.RestartLauncher.run(RestartLauncher.java:52) ~[spring-boot-devtools-4.0.3.jar:4.0.3]
Caused by: org.springframework.beans.factory.BeanCreationException: Error creating bean with name 'reporteServiceImpl': Lookup method resolution failed
	at org.springframework.beans.factory.annotation.AutowiredAnnotationBeanPostProcessor.checkLookupMethods(AutowiredAnnotationBeanPostProcessor.java:482) ~[spring-beans-7.0.5.jar:7.0.5]
	at org.springframework.beans.factory.annotation.AutowiredAnnotationBeanPostProcessor.determineCandidateConstructors(AutowiredAnnotationBeanPostProcessor.java:352) ~[spring-beans-7.0.5.jar:7.0.5]
	at org.springframework.beans.factory.support.AbstractAutowireCapableBeanFactory.determineConstructorsFromBeanPostProcessors(AbstractAutowireCapableBeanFactory.java:1321) ~[spring-beans-7.0.5.jar:7.0.5]
	at org.springframework.beans.factory.support.AbstractAutowireCapableBeanFactory.createBeanInstance(AbstractAutowireCapableBeanFactory.java:1218) ~[spring-beans-7.0.5.jar:7.0.5]
	at org.springframework.beans.factory.support.AbstractAutowireCapableBeanFactory.doCreateBean(AbstractAutowireCapableBeanFactory.java:565) ~[spring-beans-7.0.5.jar:7.0.5]
	at org.springframework.beans.factory.support.AbstractAutowireCapableBeanFactory.createBean(AbstractAutowireCapableBeanFactory.java:525) ~[spring-beans-7.0.5.jar:7.0.5]
	at org.springframework.beans.factory.support.AbstractBeanFactory.lambda$doGetBean$0(AbstractBeanFactory.java:333) ~[spring-beans-7.0.5.jar:7.0.5]
	at org.springframework.beans.factory.support.DefaultSingletonBeanRegistry.getSingleton(DefaultSingletonBeanRegistry.java:371) ~[spring-beans-7.0.5.jar:7.0.5]
	at org.springframework.beans.factory.support.AbstractBeanFactory.doGetBean(AbstractBeanFactory.java:331) ~[spring-beans-7.0.5.jar:7.0.5]
	at org.springframework.beans.factory.support.AbstractBeanFactory.getBean(AbstractBeanFactory.java:201) ~[spring-beans-7.0.5.jar:7.0.5]
	at org.springframework.beans.factory.config.DependencyDescriptor.resolveCandidate(DependencyDescriptor.java:229) ~[spring-beans-7.0.5.jar:7.0.5]
	at org.springframework.beans.factory.support.DefaultListableBeanFactory.doResolveDependency(DefaultListableBeanFactory.java:1762) ~[spring-beans-7.0.5.jar:7.0.5]
	at org.springframework.beans.factory.support.DefaultListableBeanFactory.resolveDependency(DefaultListableBeanFactory.java:1651) ~[spring-beans-7.0.5.jar:7.0.5]
	at org.springframework.beans.factory.support.ConstructorResolver.resolveAutowiredArgument(ConstructorResolver.java:912) ~[spring-beans-7.0.5.jar:7.0.5]
	at org.springframework.beans.factory.support.ConstructorResolver.createArgumentArray(ConstructorResolver.java:791) ~[spring-beans-7.0.5.jar:7.0.5]
	... 24 common frames omitted
Caused by: java.lang.IllegalStateException: Failed to introspect Class [com.Proyecto.stoq.application.services.ReporteServiceImpl] from ClassLoader [org.springframework.boot.devtools.restart.classloader.RestartClassLoader@400a08]
	at org.springframework.util.ReflectionUtils.getDeclaredMethods(ReflectionUtils.java:483) ~[spring-core-7.0.5.jar:7.0.5]
	at org.springframework.util.ReflectionUtils.doWithLocalMethods(ReflectionUtils.java:320) ~[spring-core-7.0.5.jar:7.0.5]
	at org.springframework.beans.factory.annotation.AutowiredAnnotationBeanPostProcessor.checkLookupMethods(AutowiredAnnotationBeanPostProcessor.java:460) ~[spring-beans-7.0.5.jar:7.0.5]
	... 38 common frames omitted
Caused by: java.lang.NoClassDefFoundError: org/apache/pdfbox/pdmodel/font/PDFont
	at java.base/java.lang.Class.getDeclaredMethods0(Native Method) ~[na:na]
	at java.base/java.lang.Class.privateGetDeclaredMethods(Class.java:3010) ~[na:na]
	at java.base/java.lang.Class.getDeclaredMethods(Class.java:2329) ~[na:na]
	at org.springframework.util.ReflectionUtils.getDeclaredMethods(ReflectionUtils.java:465) ~[spring-core-7.0.5.jar:7.0.5]
	... 40 common frames omitted
Caused by: java.lang.ClassNotFoundException: org.apache.pdfbox.pdmodel.font.PDFont
	at java.base/jdk.internal.loader.BuiltinClassLoader.loadClass(BuiltinClassLoader.java:580) ~[na:na]
	at java.base/java.lang.ClassLoader.loadClass(ClassLoader.java:490) ~[na:na]
	at java.base/java.lang.Class.forName0(Native Method) ~[na:na]
	at java.base/java.lang.Class.forName(Class.java:547) ~[na:na]
	at org.springframework.boot.devtools.restart.classloader.RestartClassLoader.loadClass(RestartClassLoader.java:123) ~[spring-boot-devtools-4.0.3.jar:4.0.3]
	at java.base/java.lang.ClassLoader.loadClass(ClassLoader.java:490) ~[na:na]
	... 44 common frames omitted
2026-05-18 15:03:34 [STOQ] [restartedMain] INFO  com.Proyecto.stoq.StoqApplication - Starting StoqApplication using Java 25.0.2 with PID 15028 (C:\Proy_Taller\Stoq-backend\build\classes\java\main started by Harold in C:\Proy_Taller\Stoq-backend)
2026-05-18 15:03:34 [STOQ] [restartedMain] DEBUG com.Proyecto.stoq.StoqApplication - Running with Spring Boot v4.0.3, Spring v7.0.5
2026-05-18 15:03:34 [STOQ] [restartedMain] INFO  com.Proyecto.stoq.StoqApplication - No active profile set, falling back to 1 default profile: "default"
2026-05-18 15:03:34 [STOQ] [restartedMain] INFO  o.s.b.d.e.DevToolsPropertyDefaultsPostProcessor - Devtools property defaults active! Set 'spring.devtools.add-properties' to 'false' to disable
2026-05-18 15:03:34 [STOQ] [restartedMain] INFO  o.s.b.d.e.DevToolsPropertyDefaultsPostProcessor - For additional web related logging consider setting the 'logging.level.web' property to 'DEBUG'
2026-05-18 15:03:35 [STOQ] [restartedMain] INFO  o.s.d.r.c.RepositoryConfigurationDelegate - Bootstrapping Spring Data JPA repositories in DEFAULT mode.
2026-05-18 15:03:35 [STOQ] [restartedMain] INFO  o.s.d.r.c.RepositoryConfigurationDelegate - Finished Spring Data repository scanning in 83 ms. Found 9 JPA repository interfaces.
2026-05-18 15:03:36 [STOQ] [restartedMain] INFO  o.s.boot.tomcat.TomcatWebServer - Tomcat initialized with port 8080 (http)
2026-05-18 15:03:36 [STOQ] [restartedMain] INFO  o.a.catalina.core.StandardService - Starting service [Tomcat]
2026-05-18 15:03:36 [STOQ] [restartedMain] INFO  o.a.catalina.core.StandardEngine - Starting Servlet engine: [Apache Tomcat/11.0.18]
2026-05-18 15:03:36 [STOQ] [restartedMain] INFO  o.s.b.w.c.s.WebApplicationContextInitializer - Root WebApplicationContext: initialization completed in 1872 ms
2026-05-18 15:03:36 [STOQ] [restartedMain] INFO  org.hibernate.orm.jpa - HHH008540: Processing PersistenceUnitInfo [name: default]
2026-05-18 15:03:36 [STOQ] [restartedMain] INFO  org.hibernate.orm.core - HHH000001: Hibernate ORM core version 7.2.4.Final
2026-05-18 15:03:37 [STOQ] [restartedMain] INFO  o.s.o.j.p.SpringPersistenceUnitInfo - No LoadTimeWeaver setup: ignoring JPA class transformer
2026-05-18 15:03:37 [STOQ] [restartedMain] INFO  com.zaxxer.hikari.HikariDataSource - HikariPool-1 - Starting...
2026-05-18 15:03:40 [STOQ] [restartedMain] INFO  com.zaxxer.hikari.pool.HikariPool - HikariPool-1 - Added connection org.postgresql.jdbc.PgConnection@10788068
2026-05-18 15:03:40 [STOQ] [restartedMain] INFO  com.zaxxer.hikari.HikariDataSource - HikariPool-1 - Start completed.
2026-05-18 15:03:41 [STOQ] [restartedMain] WARN  org.hibernate.orm.deprecation - HHH90000025: PostgreSQLDialect does not need to be specified explicitly using 'hibernate.dialect' (remove the property setting and it will be selected by default)
2026-05-18 15:03:42 [STOQ] [restartedMain] INFO  o.hibernate.orm.connections.pooling - HHH10001005: Database info:
	Database JDBC URL [jdbc:postgresql://aws-0-us-west-2.pooler.supabase.com:5432/postgres?sslmode=require]
	Database driver: PostgreSQL JDBC Driver
	Database dialect: PostgreSQLDialect
	Database version: 17.6
	Default catalog/schema: postgres/public
	Autocommit mode: undefined/unknown
	Isolation level: READ_COMMITTED [default READ_COMMITTED]
	JDBC fetch size: none
	Pool: DataSourceConnectionProvider
	Minimum pool size: undefined/unknown
	Maximum pool size: undefined/unknown
2026-05-18 15:03:43 [STOQ] [restartedMain] INFO  org.hibernate.orm.core - HHH000489: No JTA platform available (set 'hibernate.transaction.jta.platform' to enable JTA platform integration)
2026-05-18 15:03:45 [STOQ] [restartedMain] INFO  o.s.o.j.LocalContainerEntityManagerFactoryBean - Initialized JPA EntityManagerFactory for persistence unit 'default'
2026-05-18 15:03:45 [STOQ] [restartedMain] INFO  o.s.d.j.r.q.QueryEnhancerFactories - Hibernate is in classpath; If applicable, HQL parser will be used.
2026-05-18 15:03:45 [STOQ] [restartedMain] DEBUG c.Proyecto.stoq.security.JwtFilter - Filter 'jwtFilter' configured for use
2026-05-18 15:03:47 [STOQ] [restartedMain] WARN  o.s.b.j.a.JpaBaseConfiguration$JpaWebConfiguration - spring.jpa.open-in-view is enabled by default. Therefore, database queries may be performed during view rendering. Explicitly configure spring.jpa.open-in-view to disable this warning
2026-05-18 15:03:47 [STOQ] [restartedMain] WARN  o.s.b.s.a.UserDetailsServiceAutoConfiguration - 

Using generated security password: 1165b96c-7746-4225-94f8-78d3270c8d4d

This generated password is for development use only. Your security configuration must be updated before running your application in production.

2026-05-18 15:03:47 [STOQ] [restartedMain] INFO  o.s.s.c.a.a.c.InitializeUserDetailsBeanManagerConfigurer$InitializeUserDetailsManagerConfigurer - Global AuthenticationManager configured with UserDetailsService bean with name inMemoryUserDetailsManager
2026-05-18 15:03:47 [STOQ] [restartedMain] DEBUG o.s.s.web.DefaultSecurityFilterChain - Will secure any request with filters: DisableEncodeUrlFilter, WebAsyncManagerIntegrationFilter, SecurityContextHolderFilter, HeaderWriterFilter, CorsFilter, LogoutFilter, JwtFilter, RequestCacheAwareFilter, SecurityContextHolderAwareRequestFilter, AnonymousAuthenticationFilter, ExceptionTranslationFilter, AuthorizationFilter
2026-05-18 15:03:48 [STOQ] [restartedMain] INFO  o.s.b.a.e.web.EndpointLinksResolver - Exposing 6 endpoints beneath base path '/actuator'
2026-05-18 15:03:48 [STOQ] [restartedMain] INFO  o.s.boot.tomcat.TomcatWebServer - Tomcat started on port 8080 (http) with context path '/'
2026-05-18 15:03:48 [STOQ] [restartedMain] INFO  com.Proyecto.stoq.StoqApplication - Started StoqApplication in 14.391 seconds (process running for 15.01)
2026-05-18 15:03:48 [STOQ] [restartedMain] DEBUG org.hibernate.SQL - 
    select
        r1_0.id,
        r1_0.descripcion,
        r1_0.nombre 
    from
        roles r1_0 
    where
        r1_0.nombre=?
2026-05-18 15:03:49 [STOQ] [restartedMain] DEBUG org.hibernate.SQL - 
    select
        r1_0.id,
        r1_0.descripcion,
        r1_0.nombre 
    from
        roles r1_0 
    where
        r1_0.id=?
2026-05-18 15:03:49 [STOQ] [restartedMain] INFO  c.P.s.i.config.DataInitializer - [STOQ-SEED] Rol sincronizado: ADMIN
2026-05-18 15:03:49 [STOQ] [restartedMain] DEBUG org.hibernate.SQL - 
    select
        r1_0.id,
        r1_0.descripcion,
        r1_0.nombre 
    from
        roles r1_0 
    where
        r1_0.nombre=?
2026-05-18 15:03:49 [STOQ] [restartedMain] DEBUG org.hibernate.SQL - 
    select
        r1_0.id,
        r1_0.descripcion,
        r1_0.nombre 
    from
        roles r1_0 
    where
        r1_0.id=?
2026-05-18 15:03:50 [STOQ] [restartedMain] INFO  c.P.s.i.config.DataInitializer - [STOQ-SEED] Rol sincronizado: OPERADOR
2026-05-18 15:03:50 [STOQ] [restartedMain] DEBUG org.hibernate.SQL - 
    select
        r1_0.id,
        r1_0.descripcion,
        r1_0.nombre 
    from
        roles r1_0 
    where
        r1_0.nombre=?
2026-05-18 15:03:50 [STOQ] [restartedMain] DEBUG org.hibernate.SQL - 
    select
        r1_0.id,
        r1_0.descripcion,
        r1_0.nombre 
    from
        roles r1_0 
    where
        r1_0.id=?
2026-05-18 15:03:51 [STOQ] [restartedMain] INFO  c.P.s.i.config.DataInitializer - [STOQ-SEED] Rol sincronizado: GERENTE
2026-05-18 15:04:27 [STOQ] [http-nio-8080-exec-1] INFO  o.a.c.c.C.[Tomcat].[localhost].[/] - Initializing Spring DispatcherServlet 'dispatcherServlet'
2026-05-18 15:04:27 [STOQ] [http-nio-8080-exec-1] INFO  o.s.web.servlet.DispatcherServlet - Initializing Servlet 'dispatcherServlet'
2026-05-18 15:04:27 [STOQ] [http-nio-8080-exec-1] INFO  o.s.web.servlet.DispatcherServlet - Completed initialization in 1 ms
2026-05-18 15:04:27 [STOQ] [http-nio-8080-exec-1] DEBUG o.s.security.web.FilterChainProxy - Securing GET /actuator/health
2026-05-18 15:04:27 [STOQ] [http-nio-8080-exec-1] DEBUG c.Proyecto.stoq.security.JwtFilter - No Authorization header present or not Bearer - path=/actuator/health
2026-05-18 15:04:27 [STOQ] [http-nio-8080-exec-1] DEBUG o.s.security.web.FilterChainProxy - Secured GET /actuator/health
2026-05-18 15:04:28 [STOQ] [http-nio-8080-exec-1] DEBUG o.s.s.w.a.AnonymousAuthenticationFilter - Set SecurityContextHolder to anonymous SecurityContext
2026-05-18 15:04:39 [STOQ] [http-nio-8080-exec-4] DEBUG o.s.security.web.FilterChainProxy - Securing GET /actuator/health
2026-05-18 15:04:39 [STOQ] [http-nio-8080-exec-4] DEBUG c.Proyecto.stoq.security.JwtFilter - No Authorization header present or not Bearer - path=/actuator/health
2026-05-18 15:04:39 [STOQ] [http-nio-8080-exec-4] DEBUG o.s.security.web.FilterChainProxy - Secured GET /actuator/health
2026-05-18 15:04:39 [STOQ] [http-nio-8080-exec-4] DEBUG o.s.s.w.a.AnonymousAuthenticationFilter - Set SecurityContextHolder to anonymous SecurityContext
2026-05-18 15:05:58 [STOQ] [http-nio-8080-exec-2] DEBUG o.s.security.web.FilterChainProxy - Securing OPTIONS /api/auth/login
2026-05-18 15:05:58 [STOQ] [http-nio-8080-exec-5] DEBUG o.s.security.web.FilterChainProxy - Securing POST /api/auth/login
2026-05-18 15:05:59 [STOQ] [http-nio-8080-exec-5] DEBUG org.hibernate.SQL - 
    select
        u1_0.id,
        u1_0.contrasena_hash,
        u1_0.correo,
        u1_0.empresa,
        u1_0.estado,
        u1_0.nombre,
        u1_0.rol_id 
    from
        usuarios u1_0 
    where
        u1_0.correo=?
2026-05-18 15:05:59 [STOQ] [http-nio-8080-exec-5] DEBUG org.hibernate.SQL - 
    select
        r1_0.id,
        r1_0.descripcion,
        r1_0.nombre 
    from
        roles r1_0 
    where
        r1_0.id=?
2026-05-18 15:05:59 [STOQ] [http-nio-8080-exec-5] INFO  c.Proyecto.stoq.security.JwtFilter - Authenticated request for email=gerente@gmail.com role=GERENTE path=/api/auth/login
2026-05-18 15:05:59 [STOQ] [http-nio-8080-exec-5] DEBUG o.s.security.web.FilterChainProxy - Secured POST /api/auth/login
2026-05-18 15:05:59 [STOQ] [http-nio-8080-exec-5] INFO  c.P.s.a.aspects.ApiLoggingAspect - [STOQ-MONITOR] ============================================================
2026-05-18 15:05:59 [STOQ] [http-nio-8080-exec-5] INFO  c.P.s.a.aspects.ApiLoggingAspect - [STOQ-MONITOR] IN  2026-05-18 15:05:59 | POST /api/auth/login | user=gerente@gmail.com | ip=0:0:0:0:0:0:0:1 | ua=Mozilla/5.0 (Windows NT 10.0; Win64; x64) AppleWebKit/537.36 (KHTML, like Gecko) Code/1.120.0 Chrome/142.0.7444.265 Electron/39.8.8 Safari/537.36
2026-05-18 15:05:59 [STOQ] [http-nio-8080-exec-5] DEBUG org.hibernate.SQL - 
    select
        u1_0.id,
        u1_0.contrasena_hash,
        u1_0.correo,
        u1_0.empresa,
        u1_0.estado,
        u1_0.nombre,
        u1_0.rol_id 
    from
        usuarios u1_0 
    where
        u1_0.correo=?
2026-05-18 15:06:00 [STOQ] [http-nio-8080-exec-5] DEBUG org.hibernate.SQL - 
    select
        r1_0.id,
        r1_0.descripcion,
        r1_0.nombre 
    from
        roles r1_0 
    where
        r1_0.id=?
2026-05-18 15:06:00 [STOQ] [http-nio-8080-exec-5] INFO  c.P.s.a.services.UsuarioServiceImpl - [STOQ-BIZ] LOGIN Usuario | correo=gerente@gmail.com | rol=GERENTE
2026-05-18 15:06:00 [STOQ] [http-nio-8080-exec-5] DEBUG org.hibernate.SQL - 
    insert 
    into
        audit_logs
        (cambios_anterior, cambios_nuevo, created_by, created_date, endpoint, entidad, id_registro, ip_origen, operacion, user_agent, id) 
    values
        (?, ?, ?, ?, ?, ?, ?, ?, ?, ?, ?)
2026-05-18 15:06:01 [STOQ] [http-nio-8080-exec-5] INFO  c.P.s.a.services.AuditService - [STOQ-AUDIT] SAVE | entity=Usuario | operation=LOGIN | record=05faf721-dbef-4f23-803b-8b3df1f17acf | user=gerente@gmail.com | endpoint=POST /api/auth/login | ip=0:0:0:0:0:0:0:1
2026-05-18 15:06:01 [STOQ] [http-nio-8080-exec-5] INFO  c.P.s.a.aspects.ApiLoggingAspect - [STOQ-MONITOR] OUT POST /api/auth/login | status=OK | time=1249 ms | endpoint=AuthController.login(..)
2026-05-18 15:06:01 [STOQ] [http-nio-8080-exec-5] INFO  c.P.s.a.aspects.ApiLoggingAspect - [STOQ-MONITOR] ============================================================
2026-05-18 15:06:01 [STOQ] [http-nio-8080-exec-6] DEBUG o.s.security.web.FilterChainProxy - Securing OPTIONS /api/usuarios/me
2026-05-18 15:06:01 [STOQ] [http-nio-8080-exec-7] DEBUG o.s.security.web.FilterChainProxy - Securing GET /api/usuarios/me
2026-05-18 15:06:01 [STOQ] [http-nio-8080-exec-7] DEBUG org.hibernate.SQL - 
    select
        u1_0.id,
        u1_0.contrasena_hash,
        u1_0.correo,
        u1_0.empresa,
        u1_0.estado,
        u1_0.nombre,
        u1_0.rol_id 
    from
        usuarios u1_0 
    where
        u1_0.correo=?
2026-05-18 15:06:01 [STOQ] [http-nio-8080-exec-7] DEBUG org.hibernate.SQL - 
    select
        r1_0.id,
        r1_0.descripcion,
        r1_0.nombre 
    from
        roles r1_0 
    where
        r1_0.id=?
2026-05-18 15:06:01 [STOQ] [http-nio-8080-exec-7] INFO  c.Proyecto.stoq.security.JwtFilter - Authenticated request for email=gerente@gmail.com role=GERENTE path=/api/usuarios/me
2026-05-18 15:06:01 [STOQ] [http-nio-8080-exec-7] DEBUG o.s.security.web.FilterChainProxy - Secured GET /api/usuarios/me
2026-05-18 15:06:01 [STOQ] [http-nio-8080-exec-7] INFO  c.P.s.a.aspects.ApiLoggingAspect - [STOQ-MONITOR] ============================================================
2026-05-18 15:06:01 [STOQ] [http-nio-8080-exec-7] INFO  c.P.s.a.aspects.ApiLoggingAspect - [STOQ-MONITOR] IN  2026-05-18 15:06:01 | GET /api/usuarios/me | user=gerente@gmail.com | ip=0:0:0:0:0:0:0:1 | ua=Mozilla/5.0 (Windows NT 10.0; Win64; x64) AppleWebKit/537.36 (KHTML, like Gecko) Code/1.120.0 Chrome/142.0.7444.265 Electron/39.8.8 Safari/537.36
2026-05-18 15:06:01 [STOQ] [http-nio-8080-exec-7] DEBUG org.hibernate.SQL - 
    select
        u1_0.id,
        u1_0.contrasena_hash,
        u1_0.correo,
        u1_0.empresa,
        u1_0.estado,
        u1_0.nombre,
        u1_0.rol_id 
    from
        usuarios u1_0 
    where
        u1_0.correo=?
2026-05-18 15:06:01 [STOQ] [http-nio-8080-exec-7] DEBUG org.hibernate.SQL - 
    select
        r1_0.id,
        r1_0.descripcion,
        r1_0.nombre 
    from
        roles r1_0 
    where
        r1_0.id=?
2026-05-18 15:06:02 [STOQ] [http-nio-8080-exec-7] INFO  c.P.s.a.aspects.ApiLoggingAspect - [STOQ-MONITOR] OUT GET /api/usuarios/me | status=OK | time=1155 ms | endpoint=UsuarioController.obtenerUsuarioAutenticado(..)
2026-05-18 15:06:02 [STOQ] [http-nio-8080-exec-7] INFO  c.P.s.a.aspects.ApiLoggingAspect - [STOQ-MONITOR] ============================================================
2026-05-18 15:06:02 [STOQ] [http-nio-8080-exec-8] DEBUG o.s.security.web.FilterChainProxy - Securing OPTIONS /api/alertas/resumen
2026-05-18 15:06:02 [STOQ] [http-nio-8080-exec-10] DEBUG o.s.security.web.FilterChainProxy - Securing OPTIONS /api/productos/criticos
2026-05-18 15:06:02 [STOQ] [http-nio-8080-exec-9] DEBUG o.s.security.web.FilterChainProxy - Securing GET /api/usuarios/me
2026-05-18 15:06:02 [STOQ] [http-nio-8080-exec-1] DEBUG o.s.security.web.FilterChainProxy - Securing OPTIONS /api/productos/criticos
2026-05-18 15:06:02 [STOQ] [http-nio-8080-exec-9] DEBUG org.hibernate.SQL - 
    select
        u1_0.id,
        u1_0.contrasena_hash,
        u1_0.correo,
        u1_0.empresa,
        u1_0.estado,
        u1_0.nombre,
        u1_0.rol_id 
    from
        usuarios u1_0 
    where
        u1_0.correo=?
2026-05-18 15:06:02 [STOQ] [http-nio-8080-exec-4] DEBUG o.s.security.web.FilterChainProxy - Securing GET /api/alertas/resumen
2026-05-18 15:06:02 [STOQ] [http-nio-8080-exec-3] DEBUG o.s.security.web.FilterChainProxy - Securing GET /api/productos/criticos
2026-05-18 15:06:02 [STOQ] [http-nio-8080-exec-4] DEBUG org.hibernate.SQL - 
    select
        u1_0.id,
        u1_0.contrasena_hash,
        u1_0.correo,
        u1_0.empresa,
        u1_0.estado,
        u1_0.nombre,
        u1_0.rol_id 
    from
        usuarios u1_0 
    where
        u1_0.correo=?
2026-05-18 15:06:02 [STOQ] [http-nio-8080-exec-3] DEBUG org.hibernate.SQL - 
    select
        u1_0.id,
        u1_0.contrasena_hash,
        u1_0.correo,
        u1_0.empresa,
        u1_0.estado,
        u1_0.nombre,
        u1_0.rol_id 
    from
        usuarios u1_0 
    where
        u1_0.correo=?
2026-05-18 15:06:03 [STOQ] [http-nio-8080-exec-9] DEBUG org.hibernate.SQL - 
    select
        r1_0.id,
        r1_0.descripcion,
        r1_0.nombre 
    from
        roles r1_0 
    where
        r1_0.id=?
2026-05-18 15:06:03 [STOQ] [http-nio-8080-exec-9] INFO  c.Proyecto.stoq.security.JwtFilter - Authenticated request for email=gerente@gmail.com role=GERENTE path=/api/usuarios/me
2026-05-18 15:06:03 [STOQ] [http-nio-8080-exec-9] DEBUG o.s.security.web.FilterChainProxy - Secured GET /api/usuarios/me
2026-05-18 15:06:03 [STOQ] [http-nio-8080-exec-9] INFO  c.P.s.a.aspects.ApiLoggingAspect - [STOQ-MONITOR] ============================================================
2026-05-18 15:06:03 [STOQ] [http-nio-8080-exec-9] INFO  c.P.s.a.aspects.ApiLoggingAspect - [STOQ-MONITOR] IN  2026-05-18 15:06:03 | GET /api/usuarios/me | user=gerente@gmail.com | ip=0:0:0:0:0:0:0:1 | ua=Mozilla/5.0 (Windows NT 10.0; Win64; x64) AppleWebKit/537.36 (KHTML, like Gecko) Code/1.120.0 Chrome/142.0.7444.265 Electron/39.8.8 Safari/537.36
2026-05-18 15:06:03 [STOQ] [http-nio-8080-exec-9] DEBUG org.hibernate.SQL - 
    select
        u1_0.id,
        u1_0.contrasena_hash,
        u1_0.correo,
        u1_0.empresa,
        u1_0.estado,
        u1_0.nombre,
        u1_0.rol_id 
    from
        usuarios u1_0 
    where
        u1_0.correo=?
2026-05-18 15:06:03 [STOQ] [http-nio-8080-exec-3] DEBUG org.hibernate.SQL - 
    select
        r1_0.id,
        r1_0.descripcion,
        r1_0.nombre 
    from
        roles r1_0 
    where
        r1_0.id=?
2026-05-18 15:06:03 [STOQ] [http-nio-8080-exec-4] DEBUG org.hibernate.SQL - 
    select
        r1_0.id,
        r1_0.descripcion,
        r1_0.nombre 
    from
        roles r1_0 
    where
        r1_0.id=?
2026-05-18 15:06:03 [STOQ] [http-nio-8080-exec-9] DEBUG org.hibernate.SQL - 
    select
        r1_0.id,
        r1_0.descripcion,
        r1_0.nombre 
    from
        roles r1_0 
    where
        r1_0.id=?
2026-05-18 15:06:03 [STOQ] [http-nio-8080-exec-4] INFO  c.Proyecto.stoq.security.JwtFilter - Authenticated request for email=gerente@gmail.com role=GERENTE path=/api/alertas/resumen
2026-05-18 15:06:03 [STOQ] [http-nio-8080-exec-3] INFO  c.Proyecto.stoq.security.JwtFilter - Authenticated request for email=gerente@gmail.com role=GERENTE path=/api/productos/criticos
2026-05-18 15:06:03 [STOQ] [http-nio-8080-exec-3] DEBUG o.s.security.web.FilterChainProxy - Secured GET /api/productos/criticos
2026-05-18 15:06:03 [STOQ] [http-nio-8080-exec-4] DEBUG o.s.security.web.FilterChainProxy - Secured GET /api/alertas/resumen
2026-05-18 15:06:03 [STOQ] [http-nio-8080-exec-3] DEBUG o.s.s.a.m.AuthorizationManagerBeforeMethodInterceptor - Authorizing method invocation ReflectiveMethodInvocation: public java.util.List com.Proyecto.stoq.adapters.controllers.ProductosController.obtenerProductosCriticos(); target is of class [com.Proyecto.stoq.adapters.controllers.ProductosController]
2026-05-18 15:06:03 [STOQ] [http-nio-8080-exec-4] INFO  c.P.s.a.aspects.ApiLoggingAspect - [STOQ-MONITOR] ============================================================
2026-05-18 15:06:03 [STOQ] [http-nio-8080-exec-4] INFO  c.P.s.a.aspects.ApiLoggingAspect - [STOQ-MONITOR] IN  2026-05-18 15:06:03 | GET /api/alertas/resumen | user=gerente@gmail.com | ip=0:0:0:0:0:0:0:1 | ua=Mozilla/5.0 (Windows NT 10.0; Win64; x64) AppleWebKit/537.36 (KHTML, like Gecko) Code/1.120.0 Chrome/142.0.7444.265 Electron/39.8.8 Safari/537.36
2026-05-18 15:06:03 [STOQ] [http-nio-8080-exec-4] DEBUG org.hibernate.SQL - 
    select
        u1_0.id,
        u1_0.contrasena_hash,
        u1_0.correo,
        u1_0.empresa,
        u1_0.estado,
        u1_0.nombre,
        u1_0.rol_id 
    from
        usuarios u1_0 
    where
        u1_0.correo=?
2026-05-18 15:06:03 [STOQ] [http-nio-8080-exec-3] DEBUG o.s.s.a.m.AuthorizationManagerBeforeMethodInterceptor - Authorized method invocation ReflectiveMethodInvocation: public java.util.List com.Proyecto.stoq.adapters.controllers.ProductosController.obtenerProductosCriticos(); target is of class [com.Proyecto.stoq.adapters.controllers.ProductosController]
2026-05-18 15:06:03 [STOQ] [http-nio-8080-exec-3] INFO  c.P.s.a.aspects.ApiLoggingAspect - [STOQ-MONITOR] ============================================================
2026-05-18 15:06:03 [STOQ] [http-nio-8080-exec-3] INFO  c.P.s.a.aspects.ApiLoggingAspect - [STOQ-MONITOR] IN  2026-05-18 15:06:03 | GET /api/productos/criticos | user=gerente@gmail.com | ip=0:0:0:0:0:0:0:1 | ua=Mozilla/5.0 (Windows NT 10.0; Win64; x64) AppleWebKit/537.36 (KHTML, like Gecko) Code/1.120.0 Chrome/142.0.7444.265 Electron/39.8.8 Safari/537.36
2026-05-18 15:06:03 [STOQ] [http-nio-8080-exec-3] DEBUG org.hibernate.SQL - 
    select
        u1_0.id,
        u1_0.contrasena_hash,
        u1_0.correo,
        u1_0.empresa,
        u1_0.estado,
        u1_0.nombre,
        u1_0.rol_id 
    from
        usuarios u1_0 
    where
        u1_0.correo=?
2026-05-18 15:06:03 [STOQ] [http-nio-8080-exec-9] INFO  c.P.s.a.aspects.ApiLoggingAspect - [STOQ-MONITOR] OUT GET /api/usuarios/me | status=OK | time=514 ms | endpoint=UsuarioController.obtenerUsuarioAutenticado(..)
2026-05-18 15:06:03 [STOQ] [http-nio-8080-exec-9] INFO  c.P.s.a.aspects.ApiLoggingAspect - [STOQ-MONITOR] ============================================================
2026-05-18 15:06:03 [STOQ] [http-nio-8080-exec-4] DEBUG org.hibernate.SQL - 
    select
        r1_0.id,
        r1_0.descripcion,
        r1_0.nombre 
    from
        roles r1_0 
    where
        r1_0.id=?
2026-05-18 15:06:03 [STOQ] [http-nio-8080-exec-3] DEBUG org.hibernate.SQL - 
    select
        r1_0.id,
        r1_0.descripcion,
        r1_0.nombre 
    from
        roles r1_0 
    where
        r1_0.id=?
2026-05-18 15:06:04 [STOQ] [http-nio-8080-exec-4] DEBUG org.hibernate.SQL - 
    select
        p1_0.id,
        p1_0.categoria_id,
        p1_0.codigo,
        p1_0.empresa,
        p1_0.estado,
        p1_0.fecha_actualizacion,
        p1_0.fecha_creacion,
        p1_0.nombre,
        p1_0.stock_actual,
        p1_0.stock_minimo,
        p1_0.ubicacion,
        p1_0.unidad_id 
    from
        productos p1_0
2026-05-18 15:06:04 [STOQ] [http-nio-8080-exec-3] DEBUG org.hibernate.SQL - 
    select
        p1_0.id,
        p1_0.categoria_id,
        p1_0.codigo,
        p1_0.empresa,
        p1_0.estado,
        p1_0.fecha_actualizacion,
        p1_0.fecha_creacion,
        p1_0.nombre,
        p1_0.stock_actual,
        p1_0.stock_minimo,
        p1_0.ubicacion,
        p1_0.unidad_id 
    from
        productos p1_0
2026-05-18 15:06:04 [STOQ] [http-nio-8080-exec-4] DEBUG org.hibernate.SQL - 
    select
        c1_0.id,
        c1_0.descripcion,
        c1_0.estado,
        c1_0.fecha_creacion,
        c1_0.nombre 
    from
        categorias c1_0 
    where
        c1_0.id=?
2026-05-18 15:06:04 [STOQ] [http-nio-8080-exec-3] DEBUG org.hibernate.SQL - 
    select
        c1_0.id,
        c1_0.descripcion,
        c1_0.estado,
        c1_0.fecha_creacion,
        c1_0.nombre 
    from
        categorias c1_0 
    where
        c1_0.id=?
2026-05-18 15:06:04 [STOQ] [http-nio-8080-exec-4] DEBUG org.hibernate.SQL - 
    select
        u1_0.id,
        u1_0.abreviatura,
        u1_0.estado,
        u1_0.nombre 
    from
        unidades u1_0 
    where
        u1_0.id=?
2026-05-18 15:06:04 [STOQ] [http-nio-8080-exec-3] DEBUG org.hibernate.SQL - 
    select
        u1_0.id,
        u1_0.abreviatura,
        u1_0.estado,
        u1_0.nombre 
    from
        unidades u1_0 
    where
        u1_0.id=?
2026-05-18 15:06:04 [STOQ] [http-nio-8080-exec-2] DEBUG o.s.security.web.FilterChainProxy - Securing OPTIONS /api/reportes/categorias?inicio=2026-04-19&fin=2026-05-18
2026-05-18 15:06:04 [STOQ] [http-nio-8080-exec-5] DEBUG o.s.security.web.FilterChainProxy - Securing GET /api/reportes/categorias?inicio=2026-04-19&fin=2026-05-18
2026-05-18 15:06:04 [STOQ] [http-nio-8080-exec-5] DEBUG org.hibernate.SQL - 
    select
        u1_0.id,
        u1_0.contrasena_hash,
        u1_0.correo,
        u1_0.empresa,
        u1_0.estado,
        u1_0.nombre,
        u1_0.rol_id 
    from
        usuarios u1_0 
    where
        u1_0.correo=?
2026-05-18 15:06:05 [STOQ] [http-nio-8080-exec-3] DEBUG org.hibernate.SQL - 
    select
        c1_0.id,
        c1_0.descripcion,
        c1_0.estado,
        c1_0.fecha_creacion,
        c1_0.nombre 
    from
        categorias c1_0 
    where
        c1_0.id=?
2026-05-18 15:06:05 [STOQ] [http-nio-8080-exec-4] DEBUG org.hibernate.SQL - 
    select
        c1_0.id,
        c1_0.descripcion,
        c1_0.estado,
        c1_0.fecha_creacion,
        c1_0.nombre 
    from
        categorias c1_0 
    where
        c1_0.id=?
2026-05-18 15:06:05 [STOQ] [http-nio-8080-exec-3] DEBUG org.hibernate.SQL - 
    select
        u1_0.id,
        u1_0.abreviatura,
        u1_0.estado,
        u1_0.nombre 
    from
        unidades u1_0 
    where
        u1_0.id=?
2026-05-18 15:06:05 [STOQ] [http-nio-8080-exec-4] DEBUG org.hibernate.SQL - 
    select
        u1_0.id,
        u1_0.abreviatura,
        u1_0.estado,
        u1_0.nombre 
    from
        unidades u1_0 
    where
        u1_0.id=?
2026-05-18 15:06:05 [STOQ] [http-nio-8080-exec-5] DEBUG org.hibernate.SQL - 
    select
        r1_0.id,
        r1_0.descripcion,
        r1_0.nombre 
    from
        roles r1_0 
    where
        r1_0.id=?
2026-05-18 15:06:05 [STOQ] [http-nio-8080-exec-3] DEBUG org.hibernate.SQL - 
    select
        u1_0.id,
        u1_0.abreviatura,
        u1_0.estado,
        u1_0.nombre 
    from
        unidades u1_0 
    where
        u1_0.id=?
2026-05-18 15:06:05 [STOQ] [http-nio-8080-exec-4] DEBUG org.hibernate.SQL - 
    select
        u1_0.id,
        u1_0.abreviatura,
        u1_0.estado,
        u1_0.nombre 
    from
        unidades u1_0 
    where
        u1_0.id=?
2026-05-18 15:06:05 [STOQ] [http-nio-8080-exec-5] INFO  c.Proyecto.stoq.security.JwtFilter - Authenticated request for email=gerente@gmail.com role=GERENTE path=/api/reportes/categorias
2026-05-18 15:06:05 [STOQ] [http-nio-8080-exec-5] DEBUG o.s.security.web.FilterChainProxy - Secured GET /api/reportes/categorias?inicio=2026-04-19&fin=2026-05-18
2026-05-18 15:06:05 [STOQ] [http-nio-8080-exec-5] INFO  c.P.s.a.aspects.ApiLoggingAspect - [STOQ-MONITOR] ============================================================
2026-05-18 15:06:05 [STOQ] [http-nio-8080-exec-5] INFO  c.P.s.a.aspects.ApiLoggingAspect - [STOQ-MONITOR] IN  2026-05-18 15:06:05 | GET /api/reportes/categorias | user=gerente@gmail.com | ip=0:0:0:0:0:0:0:1 | ua=Mozilla/5.0 (Windows NT 10.0; Win64; x64) AppleWebKit/537.36 (KHTML, like Gecko) Code/1.120.0 Chrome/142.0.7444.265 Electron/39.8.8 Safari/537.36
2026-05-18 15:06:05 [STOQ] [http-nio-8080-exec-5] DEBUG org.hibernate.SQL - 
    select
        u1_0.id,
        u1_0.contrasena_hash,
        u1_0.correo,
        u1_0.empresa,
        u1_0.estado,
        u1_0.nombre,
        u1_0.rol_id 
    from
        usuarios u1_0 
    where
        u1_0.correo=?
2026-05-18 15:06:05 [STOQ] [http-nio-8080-exec-3] DEBUG org.hibernate.SQL - 
    select
        c1_0.id,
        c1_0.descripcion,
        c1_0.estado,
        c1_0.fecha_creacion,
        c1_0.nombre 
    from
        categorias c1_0 
    where
        c1_0.id=?
2026-05-18 15:06:05 [STOQ] [http-nio-8080-exec-4] DEBUG org.hibernate.SQL - 
    select
        c1_0.id,
        c1_0.descripcion,
        c1_0.estado,
        c1_0.fecha_creacion,
        c1_0.nombre 
    from
        categorias c1_0 
    where
        c1_0.id=?
2026-05-18 15:06:05 [STOQ] [http-nio-8080-exec-5] DEBUG org.hibernate.SQL - 
    select
        r1_0.id,
        r1_0.descripcion,
        r1_0.nombre 
    from
        roles r1_0 
    where
        r1_0.id=?
2026-05-18 15:06:06 [STOQ] [http-nio-8080-exec-3] DEBUG org.hibernate.SQL - 
    select
        c1_0.id,
        c1_0.descripcion,
        c1_0.estado,
        c1_0.fecha_creacion,
        c1_0.nombre 
    from
        categorias c1_0 
    where
        c1_0.id=?
2026-05-18 15:06:06 [STOQ] [http-nio-8080-exec-4] DEBUG org.hibernate.SQL - 
    select
        c1_0.id,
        c1_0.descripcion,
        c1_0.estado,
        c1_0.fecha_creacion,
        c1_0.nombre 
    from
        categorias c1_0 
    where
        c1_0.id=?
2026-05-18 15:06:06 [STOQ] [http-nio-8080-exec-5] DEBUG org.hibernate.SQL - 
    select
        c1_0.id,
        c1_0.nombre,
        count(p1_0.id),
        coalesce(sum(coalesce(p1_0.stock_actual, 0)), cast(0 as bigint)),
        coalesce(sum(coalesce(p1_0.stock_minimo, 0)), cast(0 as bigint)),
        cast(0 as bigint),
        cast(0 as bigint),
        cast(0 as bigint),
        cast(0 as bigint),
        cast(0 as bigint),
        cast(0 as bigint) 
    from
        productos p1_0 
    join
        categorias c1_0 
            on c1_0.id=p1_0.categoria_id 
    where
        p1_0.empresa=? 
        and p1_0.estado=true 
    group by
        c1_0.id,
        c1_0.nombre 
    order by
        c1_0.nombre
2026-05-18 15:06:06 [STOQ] [http-nio-8080-exec-3] DEBUG org.hibernate.SQL - 
    select
        u1_0.id,
        u1_0.abreviatura,
        u1_0.estado,
        u1_0.nombre 
    from
        unidades u1_0 
    where
        u1_0.id=?
2026-05-18 15:06:06 [STOQ] [http-nio-8080-exec-4] DEBUG org.hibernate.SQL - 
    select
        u1_0.id,
        u1_0.abreviatura,
        u1_0.estado,
        u1_0.nombre 
    from
        unidades u1_0 
    where
        u1_0.id=?
2026-05-18 15:06:06 [STOQ] [http-nio-8080-exec-5] DEBUG org.hibernate.SQL - 
    select
        c1_0.id,
        c1_0.nombre,
        cast(0 as bigint),
        cast(0 as bigint),
        cast(0 as bigint),
        count(mi1_0.id),
        coalesce(sum(mi1_0.cantidad), cast(0 as bigint)),
        coalesce(sum(case 
            when upper(mi1_0.tipo_movimiento)='ENTRADA' 
                then 1 
            else 0 
    end), cast(0 as bigint)),
    coalesce(sum(case 
        when upper(mi1_0.tipo_movimiento)='SALIDA' 
            then 1 
        else 0 
end), cast(0 as bigint)),
coalesce(sum(case 
    when upper(mi1_0.tipo_movimiento)='ENTRADA' 
        then mi1_0.cantidad 
    else 0 
end), cast(0 as bigint)),
coalesce(sum(case 
    when upper(mi1_0.tipo_movimiento)='SALIDA' 
        then mi1_0.cantidad 
    else 0 
end), cast(0 as bigint)) 
from
    movimientos_inventario mi1_0 
join
    productos p1_0 
        on p1_0.id=mi1_0.producto_id 
join
    categorias c1_0 
        on c1_0.id=p1_0.categoria_id 
where
    p1_0.empresa=? 
    and mi1_0.fecha_movimiento between ? and ? 
group by
    c1_0.id,
    c1_0.nombre 
order by
    c1_0.nombre
2026-05-18 15:06:06 [STOQ] [http-nio-8080-exec-3] INFO  c.P.s.a.aspects.ApiLoggingAspect - [STOQ-MONITOR] OUT GET /api/productos/criticos | status=OK | time=3073 ms | endpoint=ProductosController.obtenerProductosCriticos()
2026-05-18 15:06:06 [STOQ] [http-nio-8080-exec-3] INFO  c.P.s.a.aspects.ApiLoggingAspect - [STOQ-MONITOR] ============================================================
2026-05-18 15:06:06 [STOQ] [http-nio-8080-exec-6] DEBUG o.s.security.web.FilterChainProxy - Securing GET /api/productos/criticos
2026-05-18 15:06:06 [STOQ] [http-nio-8080-exec-6] DEBUG org.hibernate.SQL - 
    select
        u1_0.id,
        u1_0.contrasena_hash,
        u1_0.correo,
        u1_0.empresa,
        u1_0.estado,
        u1_0.nombre,
        u1_0.rol_id 
    from
        usuarios u1_0 
    where
        u1_0.correo=?
2026-05-18 15:06:06 [STOQ] [http-nio-8080-exec-4] DEBUG org.hibernate.SQL - 
    select
        a1_0.id,
        a1_0.fecha,
        a1_0.leida,
        a1_0.mensaje,
        a1_0.producto_id,
        p1_0.id,
        p1_0.categoria_id,
        c1_0.id,
        c1_0.descripcion,
        c1_0.estado,
        c1_0.fecha_creacion,
        c1_0.nombre,
        p1_0.codigo,
        p1_0.empresa,
        p1_0.estado,
        p1_0.fecha_actualizacion,
        p1_0.fecha_creacion,
        p1_0.nombre,
        p1_0.stock_actual,
        p1_0.stock_minimo,
        p1_0.ubicacion,
        p1_0.unidad_id,
        a1_0.tipo 
    from
        alertas a1_0 
    join
        productos p1_0 
            on p1_0.id=a1_0.producto_id 
    join
        categorias c1_0 
            on c1_0.id=p1_0.categoria_id
2026-05-18 15:06:07 [STOQ] [http-nio-8080-exec-5] INFO  c.P.s.a.aspects.ApiLoggingAspect - [STOQ-MONITOR] OUT GET /api/reportes/categorias | status=OK | time=1324 ms | endpoint=ReportesController.obtenerReporteCategorias(..)
2026-05-18 15:06:07 [STOQ] [http-nio-8080-exec-5] INFO  c.P.s.a.aspects.ApiLoggingAspect - [STOQ-MONITOR] ============================================================
2026-05-18 15:06:07 [STOQ] [http-nio-8080-exec-6] DEBUG org.hibernate.SQL - 
    select
        r1_0.id,
        r1_0.descripcion,
        r1_0.nombre 
    from
        roles r1_0 
    where
        r1_0.id=?
2026-05-18 15:06:07 [STOQ] [http-nio-8080-exec-6] INFO  c.Proyecto.stoq.security.JwtFilter - Authenticated request for email=gerente@gmail.com role=GERENTE path=/api/productos/criticos
2026-05-18 15:06:07 [STOQ] [http-nio-8080-exec-6] DEBUG o.s.security.web.FilterChainProxy - Secured GET /api/productos/criticos
2026-05-18 15:06:07 [STOQ] [http-nio-8080-exec-6] DEBUG o.s.s.a.m.AuthorizationManagerBeforeMethodInterceptor - Authorizing method invocation ReflectiveMethodInvocation: public java.util.List com.Proyecto.stoq.adapters.controllers.ProductosController.obtenerProductosCriticos(); target is of class [com.Proyecto.stoq.adapters.controllers.ProductosController]
2026-05-18 15:06:07 [STOQ] [http-nio-8080-exec-6] DEBUG o.s.s.a.m.AuthorizationManagerBeforeMethodInterceptor - Authorized method invocation ReflectiveMethodInvocation: public java.util.List com.Proyecto.stoq.adapters.controllers.ProductosController.obtenerProductosCriticos(); target is of class [com.Proyecto.stoq.adapters.controllers.ProductosController]
2026-05-18 15:06:07 [STOQ] [http-nio-8080-exec-6] INFO  c.P.s.a.aspects.ApiLoggingAspect - [STOQ-MONITOR] ============================================================
2026-05-18 15:06:07 [STOQ] [http-nio-8080-exec-6] INFO  c.P.s.a.aspects.ApiLoggingAspect - [STOQ-MONITOR] IN  2026-05-18 15:06:07 | GET /api/productos/criticos | user=gerente@gmail.com | ip=0:0:0:0:0:0:0:1 | ua=Mozilla/5.0 (Windows NT 10.0; Win64; x64) AppleWebKit/537.36 (KHTML, like Gecko) Code/1.120.0 Chrome/142.0.7444.265 Electron/39.8.8 Safari/537.36
2026-05-18 15:06:07 [STOQ] [http-nio-8080-exec-6] DEBUG org.hibernate.SQL - 
    select
        u1_0.id,
        u1_0.contrasena_hash,
        u1_0.correo,
        u1_0.empresa,
        u1_0.estado,
        u1_0.nombre,
        u1_0.rol_id 
    from
        usuarios u1_0 
    where
        u1_0.correo=?
2026-05-18 15:06:07 [STOQ] [http-nio-8080-exec-4] DEBUG org.hibernate.SQL - 
    select
        a1_0.id,
        a1_0.fecha,
        a1_0.leida,
        a1_0.mensaje,
        a1_0.producto_id,
        p1_0.id,
        p1_0.categoria_id,
        c1_0.id,
        c1_0.descripcion,
        c1_0.estado,
        c1_0.fecha_creacion,
        c1_0.nombre,
        p1_0.codigo,
        p1_0.empresa,
        p1_0.estado,
        p1_0.fecha_actualizacion,
        p1_0.fecha_creacion,
        p1_0.nombre,
        p1_0.stock_actual,
        p1_0.stock_minimo,
        p1_0.ubicacion,
        p1_0.unidad_id,
        a1_0.tipo 
    from
        alertas a1_0 
    join
        productos p1_0 
            on p1_0.id=a1_0.producto_id 
    join
        categorias c1_0 
            on c1_0.id=p1_0.categoria_id
2026-05-18 15:06:07 [STOQ] [http-nio-8080-exec-6] DEBUG org.hibernate.SQL - 
    select
        r1_0.id,
        r1_0.descripcion,
        r1_0.nombre 
    from
        roles r1_0 
    where
        r1_0.id=?
2026-05-18 15:06:07 [STOQ] [http-nio-8080-exec-6] DEBUG org.hibernate.SQL - 
    select
        p1_0.id,
        p1_0.categoria_id,
        p1_0.codigo,
        p1_0.empresa,
        p1_0.estado,
        p1_0.fecha_actualizacion,
        p1_0.fecha_creacion,
        p1_0.nombre,
        p1_0.stock_actual,
        p1_0.stock_minimo,
        p1_0.ubicacion,
        p1_0.unidad_id 
    from
        productos p1_0
2026-05-18 15:06:07 [STOQ] [http-nio-8080-exec-4] INFO  c.P.s.a.aspects.ApiLoggingAspect - [STOQ-MONITOR] OUT GET /api/alertas/resumen | status=OK | time=4206 ms | endpoint=AlertaController.obtenerResumen()
2026-05-18 15:06:07 [STOQ] [http-nio-8080-exec-4] INFO  c.P.s.a.aspects.ApiLoggingAspect - [STOQ-MONITOR] ============================================================
2026-05-18 15:06:08 [STOQ] [http-nio-8080-exec-6] DEBUG org.hibernate.SQL - 
    select
        c1_0.id,
        c1_0.descripcion,
        c1_0.estado,
        c1_0.fecha_creacion,
        c1_0.nombre 
    from
        categorias c1_0 
    where
        c1_0.id=?
2026-05-18 15:06:08 [STOQ] [http-nio-8080-exec-6] DEBUG org.hibernate.SQL - 
    select
        u1_0.id,
        u1_0.abreviatura,
        u1_0.estado,
        u1_0.nombre 
    from
        unidades u1_0 
    where
        u1_0.id=?
2026-05-18 15:06:08 [STOQ] [http-nio-8080-exec-6] DEBUG org.hibernate.SQL - 
    select
        c1_0.id,
        c1_0.descripcion,
        c1_0.estado,
        c1_0.fecha_creacion,
        c1_0.nombre 
    from
        categorias c1_0 
    where
        c1_0.id=?
2026-05-18 15:06:08 [STOQ] [http-nio-8080-exec-6] DEBUG org.hibernate.SQL - 
    select
        u1_0.id,
        u1_0.abreviatura,
        u1_0.estado,
        u1_0.nombre 
    from
        unidades u1_0 
    where
        u1_0.id=?
2026-05-18 15:06:09 [STOQ] [http-nio-8080-exec-6] DEBUG org.hibernate.SQL - 
    select
        u1_0.id,
        u1_0.abreviatura,
        u1_0.estado,
        u1_0.nombre 
    from
        unidades u1_0 
    where
        u1_0.id=?
2026-05-18 15:06:09 [STOQ] [http-nio-8080-exec-6] DEBUG org.hibernate.SQL - 
    select
        c1_0.id,
        c1_0.descripcion,
        c1_0.estado,
        c1_0.fecha_creacion,
        c1_0.nombre 
    from
        categorias c1_0 
    where
        c1_0.id=?
2026-05-18 15:06:09 [STOQ] [http-nio-8080-exec-6] DEBUG org.hibernate.SQL - 
    select
        c1_0.id,
        c1_0.descripcion,
        c1_0.estado,
        c1_0.fecha_creacion,
        c1_0.nombre 
    from
        categorias c1_0 
    where
        c1_0.id=?
2026-05-18 15:06:09 [STOQ] [http-nio-8080-exec-6] DEBUG org.hibernate.SQL - 
    select
        u1_0.id,
        u1_0.abreviatura,
        u1_0.estado,
        u1_0.nombre 
    from
        unidades u1_0 
    where
        u1_0.id=?
2026-05-18 15:06:10 [STOQ] [http-nio-8080-exec-6] INFO  c.P.s.a.aspects.ApiLoggingAspect - [STOQ-MONITOR] OUT GET /api/productos/criticos | status=OK | time=3132 ms | endpoint=ProductosController.obtenerProductosCriticos()
2026-05-18 15:06:10 [STOQ] [http-nio-8080-exec-6] INFO  c.P.s.a.aspects.ApiLoggingAspect - [STOQ-MONITOR] ============================================================
2026-05-23 19:53:49 [STOQ] [restartedMain] INFO  com.Proyecto.stoq.StoqApplication - Starting StoqApplication using Java 25 with PID 18867 (/home/robert/Documents/TallerSisInfo/Stoq-backend/build/classes/java/main started by robert in /home/robert/Documents/TallerSisInfo/Stoq-backend)
2026-05-23 19:53:49 [STOQ] [restartedMain] DEBUG com.Proyecto.stoq.StoqApplication - Running with Spring Boot v4.0.3, Spring v7.0.5
2026-05-23 19:53:49 [STOQ] [restartedMain] INFO  com.Proyecto.stoq.StoqApplication - No active profile set, falling back to 1 default profile: "default"
2026-05-23 19:53:49 [STOQ] [restartedMain] INFO  o.s.b.d.e.DevToolsPropertyDefaultsPostProcessor - Devtools property defaults active! Set 'spring.devtools.add-properties' to 'false' to disable
2026-05-23 19:53:49 [STOQ] [restartedMain] INFO  o.s.b.d.e.DevToolsPropertyDefaultsPostProcessor - For additional web related logging consider setting the 'logging.level.web' property to 'DEBUG'
2026-05-23 19:54:03 [STOQ] [restartedMain] INFO  o.s.d.r.c.RepositoryConfigurationDelegate - Bootstrapping Spring Data JPA repositories in DEFAULT mode.
2026-05-23 19:54:04 [STOQ] [restartedMain] INFO  o.s.d.r.c.RepositoryConfigurationDelegate - Finished Spring Data repository scanning in 459 ms. Found 9 JPA repository interfaces.
2026-05-23 19:54:12 [STOQ] [restartedMain] INFO  o.s.boot.tomcat.TomcatWebServer - Tomcat initialized with port 8080 (http)
2026-05-23 19:54:12 [STOQ] [restartedMain] INFO  o.a.catalina.core.StandardService - Starting service [Tomcat]
2026-05-23 19:54:12 [STOQ] [restartedMain] INFO  o.a.catalina.core.StandardEngine - Starting Servlet engine: [Apache Tomcat/11.0.18]
2026-05-23 19:54:12 [STOQ] [restartedMain] INFO  o.s.b.w.c.s.WebApplicationContextInitializer - Root WebApplicationContext: initialization completed in 22889 ms
2026-05-23 19:54:15 [STOQ] [restartedMain] INFO  org.hibernate.orm.jpa - HHH008540: Processing PersistenceUnitInfo [name: default]
2026-05-23 19:54:15 [STOQ] [restartedMain] INFO  org.hibernate.orm.core - HHH000001: Hibernate ORM core version 7.2.4.Final
2026-05-23 19:54:21 [STOQ] [restartedMain] INFO  o.s.o.j.p.SpringPersistenceUnitInfo - No LoadTimeWeaver setup: ignoring JPA class transformer
2026-05-23 19:54:22 [STOQ] [restartedMain] INFO  com.zaxxer.hikari.HikariDataSource - HikariPool-1 - Starting...
2026-05-23 19:54:30 [STOQ] [restartedMain] INFO  com.zaxxer.hikari.pool.HikariPool - HikariPool-1 - Added connection org.postgresql.jdbc.PgConnection@12513a7
2026-05-23 19:54:30 [STOQ] [restartedMain] INFO  com.zaxxer.hikari.HikariDataSource - HikariPool-1 - Start completed.
2026-05-23 19:54:31 [STOQ] [restartedMain] WARN  org.hibernate.orm.deprecation - HHH90000025: PostgreSQLDialect does not need to be specified explicitly using 'hibernate.dialect' (remove the property setting and it will be selected by default)
2026-05-23 19:54:32 [STOQ] [restartedMain] INFO  o.hibernate.orm.connections.pooling - HHH10001005: Database info:
	Database JDBC URL [jdbc:postgresql://aws-0-us-west-2.pooler.supabase.com:5432/postgres?sslmode=require]
	Database driver: PostgreSQL JDBC Driver
	Database dialect: PostgreSQLDialect
	Database version: 17.6
	Default catalog/schema: postgres/public
	Autocommit mode: undefined/unknown
	Isolation level: READ_COMMITTED [default READ_COMMITTED]
	JDBC fetch size: none
	Pool: DataSourceConnectionProvider
	Minimum pool size: undefined/unknown
	Maximum pool size: undefined/unknown
2026-05-23 19:54:41 [STOQ] [restartedMain] INFO  org.hibernate.orm.core - HHH000489: No JTA platform available (set 'hibernate.transaction.jta.platform' to enable JTA platform integration)
2026-05-23 19:54:44 [STOQ] [restartedMain] INFO  o.s.o.j.LocalContainerEntityManagerFactoryBean - Initialized JPA EntityManagerFactory for persistence unit 'default'
2026-05-23 19:54:44 [STOQ] [restartedMain] INFO  o.s.d.j.r.q.QueryEnhancerFactories - Hibernate is in classpath; If applicable, HQL parser will be used.
2026-05-23 19:54:46 [STOQ] [restartedMain] DEBUG c.Proyecto.stoq.security.JwtFilter - Filter 'jwtFilter' configured for use
2026-05-23 19:54:53 [STOQ] [restartedMain] WARN  o.s.b.j.a.JpaBaseConfiguration$JpaWebConfiguration - spring.jpa.open-in-view is enabled by default. Therefore, database queries may be performed during view rendering. Explicitly configure spring.jpa.open-in-view to disable this warning
2026-05-23 19:54:53 [STOQ] [restartedMain] WARN  o.s.b.s.a.UserDetailsServiceAutoConfiguration - 

Using generated security password: 38366f09-ff9e-4c7e-8779-df7c0459de7e

This generated password is for development use only. Your security configuration must be updated before running your application in production.

2026-05-23 19:54:53 [STOQ] [restartedMain] INFO  o.s.s.c.a.a.c.InitializeUserDetailsBeanManagerConfigurer$InitializeUserDetailsManagerConfigurer - Global AuthenticationManager configured with UserDetailsService bean with name inMemoryUserDetailsManager
2026-05-23 19:54:54 [STOQ] [restartedMain] DEBUG o.s.s.web.DefaultSecurityFilterChain - Will secure any request with filters: DisableEncodeUrlFilter, WebAsyncManagerIntegrationFilter, SecurityContextHolderFilter, HeaderWriterFilter, CorsFilter, LogoutFilter, JwtFilter, RequestCacheAwareFilter, SecurityContextHolderAwareRequestFilter, AnonymousAuthenticationFilter, ExceptionTranslationFilter, AuthorizationFilter
2026-05-23 19:54:57 [STOQ] [restartedMain] INFO  o.s.b.a.e.web.EndpointLinksResolver - Exposing 6 endpoints beneath base path '/actuator'
2026-05-23 19:54:57 [STOQ] [restartedMain] INFO  o.s.boot.tomcat.TomcatWebServer - Tomcat started on port 8080 (http) with context path '/'
2026-05-23 19:54:57 [STOQ] [restartedMain] INFO  com.Proyecto.stoq.StoqApplication - Started StoqApplication in 73.413 seconds (process running for 79.621)
2026-05-23 19:54:58 [STOQ] [restartedMain] DEBUG org.hibernate.SQL - 
    select
        r1_0.id,
        r1_0.descripcion,
        r1_0.nombre 
    from
        roles r1_0 
    where
        r1_0.nombre=?
2026-05-23 19:54:59 [STOQ] [restartedMain] DEBUG org.hibernate.SQL - 
    select
        r1_0.id,
        r1_0.descripcion,
        r1_0.nombre 
    from
        roles r1_0 
    where
        r1_0.id=?
2026-05-23 19:55:00 [STOQ] [restartedMain] INFO  c.P.s.i.config.DataInitializer - [STOQ-SEED] Rol sincronizado: ADMIN
2026-05-23 19:55:00 [STOQ] [restartedMain] DEBUG org.hibernate.SQL - 
    select
        r1_0.id,
        r1_0.descripcion,
        r1_0.nombre 
    from
        roles r1_0 
    where
        r1_0.nombre=?
2026-05-23 19:55:00 [STOQ] [restartedMain] DEBUG org.hibernate.SQL - 
    select
        r1_0.id,
        r1_0.descripcion,
        r1_0.nombre 
    from
        roles r1_0 
    where
        r1_0.id=?
2026-05-23 19:55:00 [STOQ] [restartedMain] INFO  c.P.s.i.config.DataInitializer - [STOQ-SEED] Rol sincronizado: OPERADOR
2026-05-23 19:55:00 [STOQ] [restartedMain] DEBUG org.hibernate.SQL - 
    select
        r1_0.id,
        r1_0.descripcion,
        r1_0.nombre 
    from
        roles r1_0 
    where
        r1_0.nombre=?
2026-05-23 19:55:01 [STOQ] [restartedMain] DEBUG org.hibernate.SQL - 
    select
        r1_0.id,
        r1_0.descripcion,
        r1_0.nombre 
    from
        roles r1_0 
    where
        r1_0.id=?
2026-05-23 19:55:01 [STOQ] [restartedMain] INFO  c.P.s.i.config.DataInitializer - [STOQ-SEED] Rol sincronizado: GERENTE
2026-05-23 19:58:59 [STOQ] [http-nio-8080-exec-1] INFO  o.a.c.c.C.[Tomcat].[localhost].[/] - Initializing Spring DispatcherServlet 'dispatcherServlet'
2026-05-23 19:58:59 [STOQ] [http-nio-8080-exec-1] INFO  o.s.web.servlet.DispatcherServlet - Initializing Servlet 'dispatcherServlet'
2026-05-23 19:58:59 [STOQ] [http-nio-8080-exec-1] INFO  o.s.web.servlet.DispatcherServlet - Completed initialization in 7 ms
2026-05-23 19:58:59 [STOQ] [http-nio-8080-exec-1] DEBUG o.s.security.web.FilterChainProxy - Securing OPTIONS /api/auth/login
2026-05-23 19:58:59 [STOQ] [http-nio-8080-exec-2] DEBUG o.s.security.web.FilterChainProxy - Securing POST /api/auth/login
2026-05-23 19:58:59 [STOQ] [http-nio-8080-exec-2] DEBUG c.Proyecto.stoq.security.JwtFilter - No Authorization header present or not Bearer - path=/api/auth/login
2026-05-23 19:58:59 [STOQ] [http-nio-8080-exec-2] DEBUG o.s.security.web.FilterChainProxy - Secured POST /api/auth/login
2026-05-23 19:59:00 [STOQ] [http-nio-8080-exec-2] DEBUG o.s.s.w.a.AnonymousAuthenticationFilter - Set SecurityContextHolder to anonymous SecurityContext
2026-05-23 19:59:00 [STOQ] [http-nio-8080-exec-2] INFO  c.P.s.a.aspects.ApiLoggingAspect - [STOQ-MONITOR] ============================================================
2026-05-23 19:59:00 [STOQ] [http-nio-8080-exec-2] INFO  c.P.s.a.aspects.ApiLoggingAspect - [STOQ-MONITOR] IN  2026-05-23 19:59:00 | POST /api/auth/login | user=ANONYMOUS | ip=0:0:0:0:0:0:0:1 | ua=Mozilla/5.0 (X11; Linux x86_64) AppleWebKit/537.36 (KHTML, like Gecko) Chrome/148.0.0.0 Safari/537.36
2026-05-23 19:59:00 [STOQ] [http-nio-8080-exec-2] DEBUG org.hibernate.SQL - 
    select
        u1_0.id,
        u1_0.contrasena_hash,
        u1_0.correo,
        u1_0.empresa,
        u1_0.estado,
        u1_0.nombre,
        u1_0.rol_id 
    from
        usuarios u1_0 
    where
        u1_0.correo=?
2026-05-23 19:59:01 [STOQ] [http-nio-8080-exec-2] DEBUG org.hibernate.SQL - 
    select
        r1_0.id,
        r1_0.descripcion,
        r1_0.nombre 
    from
        roles r1_0 
    where
        r1_0.id=?
2026-05-23 19:59:01 [STOQ] [http-nio-8080-exec-2] INFO  c.P.s.a.services.UsuarioServiceImpl - [STOQ-BIZ] LOGIN Usuario | correo=gerente@gmail.com | rol=GERENTE
2026-05-23 19:59:02 [STOQ] [http-nio-8080-exec-2] DEBUG org.hibernate.SQL - 
    insert 
    into
        audit_logs
        (cambios_anterior, cambios_nuevo, created_by, created_date, endpoint, entidad, id_registro, ip_origen, operacion, user_agent, id) 
    values
        (?, ?, ?, ?, ?, ?, ?, ?, ?, ?, ?)
2026-05-23 19:59:02 [STOQ] [http-nio-8080-exec-2] INFO  c.P.s.a.services.AuditService - [STOQ-AUDIT] SAVE | entity=Usuario | operation=LOGIN | record=05faf721-dbef-4f23-803b-8b3df1f17acf | user=SYSTEM | endpoint=POST /api/auth/login | ip=0:0:0:0:0:0:0:1
2026-05-23 19:59:03 [STOQ] [http-nio-8080-exec-2] INFO  c.P.s.a.aspects.ApiLoggingAspect - [STOQ-MONITOR] OUT POST /api/auth/login | status=OK | time=2402 ms | endpoint=AuthController.login(..)
2026-05-23 19:59:03 [STOQ] [http-nio-8080-exec-2] INFO  c.P.s.a.aspects.ApiLoggingAspect - [STOQ-MONITOR] ============================================================
2026-05-23 19:59:03 [STOQ] [http-nio-8080-exec-3] DEBUG o.s.security.web.FilterChainProxy - Securing OPTIONS /api/usuarios/me
2026-05-23 19:59:03 [STOQ] [http-nio-8080-exec-4] DEBUG o.s.security.web.FilterChainProxy - Securing GET /api/usuarios/me
2026-05-23 19:59:03 [STOQ] [http-nio-8080-exec-4] DEBUG org.hibernate.SQL - 
    select
        u1_0.id,
        u1_0.contrasena_hash,
        u1_0.correo,
        u1_0.empresa,
        u1_0.estado,
        u1_0.nombre,
        u1_0.rol_id 
    from
        usuarios u1_0 
    where
        u1_0.correo=?
2026-05-23 19:59:03 [STOQ] [http-nio-8080-exec-4] DEBUG org.hibernate.SQL - 
    select
        r1_0.id,
        r1_0.descripcion,
        r1_0.nombre 
    from
        roles r1_0 
    where
        r1_0.id=?
2026-05-23 19:59:03 [STOQ] [http-nio-8080-exec-4] INFO  c.Proyecto.stoq.security.JwtFilter - Authenticated request for email=gerente@gmail.com role=GERENTE path=/api/usuarios/me
2026-05-23 19:59:03 [STOQ] [http-nio-8080-exec-4] DEBUG o.s.security.web.FilterChainProxy - Secured GET /api/usuarios/me
2026-05-23 19:59:03 [STOQ] [http-nio-8080-exec-4] INFO  c.P.s.a.aspects.ApiLoggingAspect - [STOQ-MONITOR] ============================================================
2026-05-23 19:59:03 [STOQ] [http-nio-8080-exec-4] INFO  c.P.s.a.aspects.ApiLoggingAspect - [STOQ-MONITOR] IN  2026-05-23 19:59:03 | GET /api/usuarios/me | user=gerente@gmail.com | ip=0:0:0:0:0:0:0:1 | ua=Mozilla/5.0 (X11; Linux x86_64) AppleWebKit/537.36 (KHTML, like Gecko) Chrome/148.0.0.0 Safari/537.36
2026-05-23 19:59:03 [STOQ] [http-nio-8080-exec-4] DEBUG org.hibernate.SQL - 
    select
        u1_0.id,
        u1_0.contrasena_hash,
        u1_0.correo,
        u1_0.empresa,
        u1_0.estado,
        u1_0.nombre,
        u1_0.rol_id 
    from
        usuarios u1_0 
    where
        u1_0.correo=?
2026-05-23 19:59:04 [STOQ] [http-nio-8080-exec-4] DEBUG org.hibernate.SQL - 
    select
        r1_0.id,
        r1_0.descripcion,
        r1_0.nombre 
    from
        roles r1_0 
    where
        r1_0.id=?
2026-05-23 19:59:04 [STOQ] [http-nio-8080-exec-4] INFO  c.P.s.a.aspects.ApiLoggingAspect - [STOQ-MONITOR] OUT GET /api/usuarios/me | status=OK | time=640 ms | endpoint=UsuarioController.obtenerUsuarioAutenticado(..)
2026-05-23 19:59:04 [STOQ] [http-nio-8080-exec-4] INFO  c.P.s.a.aspects.ApiLoggingAspect - [STOQ-MONITOR] ============================================================
2026-05-23 19:59:04 [STOQ] [http-nio-8080-exec-5] DEBUG o.s.security.web.FilterChainProxy - Securing GET /api/usuarios/me
2026-05-23 19:59:04 [STOQ] [http-nio-8080-exec-7] DEBUG o.s.security.web.FilterChainProxy - Securing OPTIONS /api/productos/criticos
2026-05-23 19:59:04 [STOQ] [http-nio-8080-exec-6] DEBUG o.s.security.web.FilterChainProxy - Securing OPTIONS /api/alertas/resumen
2026-05-23 19:59:04 [STOQ] [http-nio-8080-exec-8] DEBUG o.s.security.web.FilterChainProxy - Securing OPTIONS /api/productos/criticos
2026-05-23 19:59:04 [STOQ] [http-nio-8080-exec-5] DEBUG org.hibernate.SQL - 
    select
        u1_0.id,
        u1_0.contrasena_hash,
        u1_0.correo,
        u1_0.empresa,
        u1_0.estado,
        u1_0.nombre,
        u1_0.rol_id 
    from
        usuarios u1_0 
    where
        u1_0.correo=?
2026-05-23 19:59:04 [STOQ] [http-nio-8080-exec-6] DEBUG o.s.security.web.FilterChainProxy - Securing GET /api/productos/criticos
2026-05-23 19:59:04 [STOQ] [http-nio-8080-exec-6] DEBUG org.hibernate.SQL - 
    select
        u1_0.id,
        u1_0.contrasena_hash,
        u1_0.correo,
        u1_0.empresa,
        u1_0.estado,
        u1_0.nombre,
        u1_0.rol_id 
    from
        usuarios u1_0 
    where
        u1_0.correo=?
2026-05-23 19:59:04 [STOQ] [http-nio-8080-exec-10] DEBUG o.s.security.web.FilterChainProxy - Securing GET /api/alertas/resumen
2026-05-23 19:59:05 [STOQ] [http-nio-8080-exec-10] DEBUG org.hibernate.SQL - 
    select
        u1_0.id,
        u1_0.contrasena_hash,
        u1_0.correo,
        u1_0.empresa,
        u1_0.estado,
        u1_0.nombre,
        u1_0.rol_id 
    from
        usuarios u1_0 
    where
        u1_0.correo=?
2026-05-23 19:59:05 [STOQ] [http-nio-8080-exec-5] DEBUG org.hibernate.SQL - 
    select
        r1_0.id,
        r1_0.descripcion,
        r1_0.nombre 
    from
        roles r1_0 
    where
        r1_0.id=?
2026-05-23 19:59:05 [STOQ] [http-nio-8080-exec-5] INFO  c.Proyecto.stoq.security.JwtFilter - Authenticated request for email=gerente@gmail.com role=GERENTE path=/api/usuarios/me
2026-05-23 19:59:05 [STOQ] [http-nio-8080-exec-5] DEBUG o.s.security.web.FilterChainProxy - Secured GET /api/usuarios/me
2026-05-23 19:59:05 [STOQ] [http-nio-8080-exec-5] INFO  c.P.s.a.aspects.ApiLoggingAspect - [STOQ-MONITOR] ============================================================
2026-05-23 19:59:05 [STOQ] [http-nio-8080-exec-5] INFO  c.P.s.a.aspects.ApiLoggingAspect - [STOQ-MONITOR] IN  2026-05-23 19:59:05 | GET /api/usuarios/me | user=gerente@gmail.com | ip=0:0:0:0:0:0:0:1 | ua=Mozilla/5.0 (X11; Linux x86_64) AppleWebKit/537.36 (KHTML, like Gecko) Chrome/148.0.0.0 Safari/537.36
2026-05-23 19:59:05 [STOQ] [http-nio-8080-exec-5] DEBUG org.hibernate.SQL - 
    select
        u1_0.id,
        u1_0.contrasena_hash,
        u1_0.correo,
        u1_0.empresa,
        u1_0.estado,
        u1_0.nombre,
        u1_0.rol_id 
    from
        usuarios u1_0 
    where
        u1_0.correo=?
2026-05-23 19:59:05 [STOQ] [http-nio-8080-exec-6] DEBUG org.hibernate.SQL - 
    select
        r1_0.id,
        r1_0.descripcion,
        r1_0.nombre 
    from
        roles r1_0 
    where
        r1_0.id=?
2026-05-23 19:59:05 [STOQ] [http-nio-8080-exec-10] DEBUG org.hibernate.SQL - 
    select
        r1_0.id,
        r1_0.descripcion,
        r1_0.nombre 
    from
        roles r1_0 
    where
        r1_0.id=?
2026-05-23 19:59:05 [STOQ] [http-nio-8080-exec-5] DEBUG org.hibernate.SQL - 
    select
        r1_0.id,
        r1_0.descripcion,
        r1_0.nombre 
    from
        roles r1_0 
    where
        r1_0.id=?
2026-05-23 19:59:05 [STOQ] [http-nio-8080-exec-6] INFO  c.Proyecto.stoq.security.JwtFilter - Authenticated request for email=gerente@gmail.com role=GERENTE path=/api/productos/criticos
2026-05-23 19:59:05 [STOQ] [http-nio-8080-exec-6] DEBUG o.s.security.web.FilterChainProxy - Secured GET /api/productos/criticos
2026-05-23 19:59:05 [STOQ] [http-nio-8080-exec-10] INFO  c.Proyecto.stoq.security.JwtFilter - Authenticated request for email=gerente@gmail.com role=GERENTE path=/api/alertas/resumen
2026-05-23 19:59:05 [STOQ] [http-nio-8080-exec-6] DEBUG o.s.s.a.m.AuthorizationManagerBeforeMethodInterceptor - Authorizing method invocation ReflectiveMethodInvocation: public java.util.List com.Proyecto.stoq.adapters.controllers.ProductosController.obtenerProductosCriticos(); target is of class [com.Proyecto.stoq.adapters.controllers.ProductosController]
2026-05-23 19:59:05 [STOQ] [http-nio-8080-exec-10] DEBUG o.s.security.web.FilterChainProxy - Secured GET /api/alertas/resumen
2026-05-23 19:59:05 [STOQ] [http-nio-8080-exec-10] INFO  c.P.s.a.aspects.ApiLoggingAspect - [STOQ-MONITOR] ============================================================
2026-05-23 19:59:05 [STOQ] [http-nio-8080-exec-10] INFO  c.P.s.a.aspects.ApiLoggingAspect - [STOQ-MONITOR] IN  2026-05-23 19:59:05 | GET /api/alertas/resumen | user=gerente@gmail.com | ip=0:0:0:0:0:0:0:1 | ua=Mozilla/5.0 (X11; Linux x86_64) AppleWebKit/537.36 (KHTML, like Gecko) Chrome/148.0.0.0 Safari/537.36
2026-05-23 19:59:05 [STOQ] [http-nio-8080-exec-10] DEBUG org.hibernate.SQL - 
    select
        u1_0.id,
        u1_0.contrasena_hash,
        u1_0.correo,
        u1_0.empresa,
        u1_0.estado,
        u1_0.nombre,
        u1_0.rol_id 
    from
        usuarios u1_0 
    where
        u1_0.correo=?
2026-05-23 19:59:06 [STOQ] [http-nio-8080-exec-5] INFO  c.P.s.a.aspects.ApiLoggingAspect - [STOQ-MONITOR] OUT GET /api/usuarios/me | status=OK | time=534 ms | endpoint=UsuarioController.obtenerUsuarioAutenticado(..)
2026-05-23 19:59:06 [STOQ] [http-nio-8080-exec-5] INFO  c.P.s.a.aspects.ApiLoggingAspect - [STOQ-MONITOR] ============================================================
2026-05-23 19:59:06 [STOQ] [http-nio-8080-exec-10] DEBUG org.hibernate.SQL - 
    select
        r1_0.id,
        r1_0.descripcion,
        r1_0.nombre 
    from
        roles r1_0 
    where
        r1_0.id=?
2026-05-23 19:59:06 [STOQ] [http-nio-8080-exec-6] DEBUG o.s.s.a.m.AuthorizationManagerBeforeMethodInterceptor - Authorized method invocation ReflectiveMethodInvocation: public java.util.List com.Proyecto.stoq.adapters.controllers.ProductosController.obtenerProductosCriticos(); target is of class [com.Proyecto.stoq.adapters.controllers.ProductosController]
2026-05-23 19:59:06 [STOQ] [http-nio-8080-exec-6] INFO  c.P.s.a.aspects.ApiLoggingAspect - [STOQ-MONITOR] ============================================================
2026-05-23 19:59:06 [STOQ] [http-nio-8080-exec-6] INFO  c.P.s.a.aspects.ApiLoggingAspect - [STOQ-MONITOR] IN  2026-05-23 19:59:06 | GET /api/productos/criticos | user=gerente@gmail.com | ip=0:0:0:0:0:0:0:1 | ua=Mozilla/5.0 (X11; Linux x86_64) AppleWebKit/537.36 (KHTML, like Gecko) Chrome/148.0.0.0 Safari/537.36
2026-05-23 19:59:06 [STOQ] [http-nio-8080-exec-6] DEBUG org.hibernate.SQL - 
    select
        u1_0.id,
        u1_0.contrasena_hash,
        u1_0.correo,
        u1_0.empresa,
        u1_0.estado,
        u1_0.nombre,
        u1_0.rol_id 
    from
        usuarios u1_0 
    where
        u1_0.correo=?
2026-05-23 19:59:06 [STOQ] [http-nio-8080-exec-6] DEBUG org.hibernate.SQL - 
    select
        r1_0.id,
        r1_0.descripcion,
        r1_0.nombre 
    from
        roles r1_0 
    where
        r1_0.id=?
2026-05-23 19:59:06 [STOQ] [http-nio-8080-exec-10] DEBUG org.hibernate.SQL - 
    select
        p1_0.id,
        p1_0.categoria_id,
        p1_0.codigo,
        p1_0.empresa,
        p1_0.estado,
        p1_0.fecha_actualizacion,
        p1_0.fecha_creacion,
        p1_0.nombre,
        p1_0.stock_actual,
        p1_0.stock_minimo,
        p1_0.ubicacion,
        p1_0.unidad_id 
    from
        productos p1_0
2026-05-23 19:59:06 [STOQ] [http-nio-8080-exec-6] DEBUG org.hibernate.SQL - 
    select
        p1_0.id,
        p1_0.categoria_id,
        p1_0.codigo,
        p1_0.empresa,
        p1_0.estado,
        p1_0.fecha_actualizacion,
        p1_0.fecha_creacion,
        p1_0.nombre,
        p1_0.stock_actual,
        p1_0.stock_minimo,
        p1_0.ubicacion,
        p1_0.unidad_id 
    from
        productos p1_0
2026-05-23 19:59:06 [STOQ] [http-nio-8080-exec-10] DEBUG org.hibernate.SQL - 
    select
        c1_0.id,
        c1_0.descripcion,
        c1_0.estado,
        c1_0.fecha_creacion,
        c1_0.nombre 
    from
        categorias c1_0 
    where
        c1_0.id=?
2026-05-23 19:59:07 [STOQ] [http-nio-8080-exec-6] DEBUG org.hibernate.SQL - 
    select
        c1_0.id,
        c1_0.descripcion,
        c1_0.estado,
        c1_0.fecha_creacion,
        c1_0.nombre 
    from
        categorias c1_0 
    where
        c1_0.id=?
2026-05-23 19:59:07 [STOQ] [http-nio-8080-exec-10] DEBUG org.hibernate.SQL - 
    select
        u1_0.id,
        u1_0.abreviatura,
        u1_0.estado,
        u1_0.nombre 
    from
        unidades u1_0 
    where
        u1_0.id=?
2026-05-23 19:59:07 [STOQ] [http-nio-8080-exec-6] DEBUG org.hibernate.SQL - 
    select
        u1_0.id,
        u1_0.abreviatura,
        u1_0.estado,
        u1_0.nombre 
    from
        unidades u1_0 
    where
        u1_0.id=?
2026-05-23 19:59:07 [STOQ] [http-nio-8080-exec-10] DEBUG org.hibernate.SQL - 
    select
        u1_0.id,
        u1_0.abreviatura,
        u1_0.estado,
        u1_0.nombre 
    from
        unidades u1_0 
    where
        u1_0.id=?
2026-05-23 19:59:07 [STOQ] [http-nio-8080-exec-10] DEBUG org.hibernate.SQL - 
    select
        u1_0.id,
        u1_0.abreviatura,
        u1_0.estado,
        u1_0.nombre 
    from
        unidades u1_0 
    where
        u1_0.id=?
2026-05-23 19:59:07 [STOQ] [http-nio-8080-exec-6] DEBUG org.hibernate.SQL - 
    select
        u1_0.id,
        u1_0.abreviatura,
        u1_0.estado,
        u1_0.nombre 
    from
        unidades u1_0 
    where
        u1_0.id=?
2026-05-23 19:59:07 [STOQ] [http-nio-8080-exec-6] DEBUG org.hibernate.SQL - 
    select
        u1_0.id,
        u1_0.abreviatura,
        u1_0.estado,
        u1_0.nombre 
    from
        unidades u1_0 
    where
        u1_0.id=?
2026-05-23 19:59:07 [STOQ] [http-nio-8080-exec-10] DEBUG org.hibernate.SQL - 
    select
        u1_0.id,
        u1_0.abreviatura,
        u1_0.estado,
        u1_0.nombre 
    from
        unidades u1_0 
    where
        u1_0.id=?
2026-05-23 19:59:08 [STOQ] [http-nio-8080-exec-6] DEBUG org.hibernate.SQL - 
    select
        u1_0.id,
        u1_0.abreviatura,
        u1_0.estado,
        u1_0.nombre 
    from
        unidades u1_0 
    where
        u1_0.id=?
2026-05-23 19:59:08 [STOQ] [http-nio-8080-exec-10] DEBUG org.hibernate.SQL - 
    select
        c1_0.id,
        c1_0.descripcion,
        c1_0.estado,
        c1_0.fecha_creacion,
        c1_0.nombre 
    from
        categorias c1_0 
    where
        c1_0.id=?
2026-05-23 19:59:08 [STOQ] [http-nio-8080-exec-6] DEBUG org.hibernate.SQL - 
    select
        c1_0.id,
        c1_0.descripcion,
        c1_0.estado,
        c1_0.fecha_creacion,
        c1_0.nombre 
    from
        categorias c1_0 
    where
        c1_0.id=?
2026-05-23 19:59:08 [STOQ] [http-nio-8080-exec-10] DEBUG org.hibernate.SQL - 
    select
        c1_0.id,
        c1_0.descripcion,
        c1_0.estado,
        c1_0.fecha_creacion,
        c1_0.nombre 
    from
        categorias c1_0 
    where
        c1_0.id=?
2026-05-23 19:59:08 [STOQ] [http-nio-8080-exec-6] DEBUG org.hibernate.SQL - 
    select
        c1_0.id,
        c1_0.descripcion,
        c1_0.estado,
        c1_0.fecha_creacion,
        c1_0.nombre 
    from
        categorias c1_0 
    where
        c1_0.id=?
2026-05-23 19:59:08 [STOQ] [http-nio-8080-exec-10] DEBUG org.hibernate.SQL - 
    select
        c1_0.id,
        c1_0.descripcion,
        c1_0.estado,
        c1_0.fecha_creacion,
        c1_0.nombre 
    from
        categorias c1_0 
    where
        c1_0.id=?
2026-05-23 19:59:09 [STOQ] [http-nio-8080-exec-6] DEBUG org.hibernate.SQL - 
    select
        c1_0.id,
        c1_0.descripcion,
        c1_0.estado,
        c1_0.fecha_creacion,
        c1_0.nombre 
    from
        categorias c1_0 
    where
        c1_0.id=?
2026-05-23 19:59:09 [STOQ] [http-nio-8080-exec-10] DEBUG org.hibernate.SQL - 
    select
        a1_0.id,
        a1_0.fecha,
        a1_0.leida,
        a1_0.mensaje,
        a1_0.producto_id,
        p1_0.id,
        p1_0.categoria_id,
        c1_0.id,
        c1_0.descripcion,
        c1_0.estado,
        c1_0.fecha_creacion,
        c1_0.nombre,
        p1_0.codigo,
        p1_0.empresa,
        p1_0.estado,
        p1_0.fecha_actualizacion,
        p1_0.fecha_creacion,
        p1_0.nombre,
        p1_0.stock_actual,
        p1_0.stock_minimo,
        p1_0.ubicacion,
        p1_0.unidad_id,
        a1_0.tipo 
    from
        alertas a1_0 
    join
        productos p1_0 
            on p1_0.id=a1_0.producto_id 
    join
        categorias c1_0 
            on c1_0.id=p1_0.categoria_id
2026-05-23 19:59:09 [STOQ] [http-nio-8080-exec-6] INFO  c.P.s.a.aspects.ApiLoggingAspect - [STOQ-MONITOR] OUT GET /api/productos/criticos | status=OK | time=3549 ms | endpoint=ProductosController.obtenerProductosCriticos()
2026-05-23 19:59:09 [STOQ] [http-nio-8080-exec-6] INFO  c.P.s.a.aspects.ApiLoggingAspect - [STOQ-MONITOR] ============================================================
2026-05-23 19:59:09 [STOQ] [http-nio-8080-exec-1] DEBUG o.s.security.web.FilterChainProxy - Securing GET /api/productos/criticos
2026-05-23 19:59:09 [STOQ] [http-nio-8080-exec-1] DEBUG org.hibernate.SQL - 
    select
        u1_0.id,
        u1_0.contrasena_hash,
        u1_0.correo,
        u1_0.empresa,
        u1_0.estado,
        u1_0.nombre,
        u1_0.rol_id 
    from
        usuarios u1_0 
    where
        u1_0.correo=?
2026-05-23 19:59:10 [STOQ] [http-nio-8080-exec-10] DEBUG org.hibernate.SQL - 
    select
        a1_0.id,
        a1_0.fecha,
        a1_0.leida,
        a1_0.mensaje,
        a1_0.producto_id,
        p1_0.id,
        p1_0.categoria_id,
        c1_0.id,
        c1_0.descripcion,
        c1_0.estado,
        c1_0.fecha_creacion,
        c1_0.nombre,
        p1_0.codigo,
        p1_0.empresa,
        p1_0.estado,
        p1_0.fecha_actualizacion,
        p1_0.fecha_creacion,
        p1_0.nombre,
        p1_0.stock_actual,
        p1_0.stock_minimo,
        p1_0.ubicacion,
        p1_0.unidad_id,
        a1_0.tipo 
    from
        alertas a1_0 
    join
        productos p1_0 
            on p1_0.id=a1_0.producto_id 
    join
        categorias c1_0 
            on c1_0.id=p1_0.categoria_id
2026-05-23 19:59:10 [STOQ] [http-nio-8080-exec-1] DEBUG org.hibernate.SQL - 
    select
        r1_0.id,
        r1_0.descripcion,
        r1_0.nombre 
    from
        roles r1_0 
    where
        r1_0.id=?
2026-05-23 19:59:10 [STOQ] [http-nio-8080-exec-1] INFO  c.Proyecto.stoq.security.JwtFilter - Authenticated request for email=gerente@gmail.com role=GERENTE path=/api/productos/criticos
2026-05-23 19:59:10 [STOQ] [http-nio-8080-exec-10] INFO  c.P.s.a.aspects.ApiLoggingAspect - [STOQ-MONITOR] OUT GET /api/alertas/resumen | status=OK | time=4743 ms | endpoint=AlertaController.obtenerResumen()
2026-05-23 19:59:10 [STOQ] [http-nio-8080-exec-10] INFO  c.P.s.a.aspects.ApiLoggingAspect - [STOQ-MONITOR] ============================================================
2026-05-23 19:59:10 [STOQ] [http-nio-8080-exec-1] DEBUG o.s.security.web.FilterChainProxy - Secured GET /api/productos/criticos
2026-05-23 19:59:10 [STOQ] [http-nio-8080-exec-1] DEBUG o.s.s.a.m.AuthorizationManagerBeforeMethodInterceptor - Authorizing method invocation ReflectiveMethodInvocation: public java.util.List com.Proyecto.stoq.adapters.controllers.ProductosController.obtenerProductosCriticos(); target is of class [com.Proyecto.stoq.adapters.controllers.ProductosController]
2026-05-23 19:59:10 [STOQ] [http-nio-8080-exec-1] DEBUG o.s.s.a.m.AuthorizationManagerBeforeMethodInterceptor - Authorized method invocation ReflectiveMethodInvocation: public java.util.List com.Proyecto.stoq.adapters.controllers.ProductosController.obtenerProductosCriticos(); target is of class [com.Proyecto.stoq.adapters.controllers.ProductosController]
2026-05-23 19:59:10 [STOQ] [http-nio-8080-exec-1] INFO  c.P.s.a.aspects.ApiLoggingAspect - [STOQ-MONITOR] ============================================================
2026-05-23 19:59:10 [STOQ] [http-nio-8080-exec-1] INFO  c.P.s.a.aspects.ApiLoggingAspect - [STOQ-MONITOR] IN  2026-05-23 19:59:10 | GET /api/productos/criticos | user=gerente@gmail.com | ip=0:0:0:0:0:0:0:1 | ua=Mozilla/5.0 (X11; Linux x86_64) AppleWebKit/537.36 (KHTML, like Gecko) Chrome/148.0.0.0 Safari/537.36
2026-05-23 19:59:10 [STOQ] [http-nio-8080-exec-1] DEBUG org.hibernate.SQL - 
    select
        u1_0.id,
        u1_0.contrasena_hash,
        u1_0.correo,
        u1_0.empresa,
        u1_0.estado,
        u1_0.nombre,
        u1_0.rol_id 
    from
        usuarios u1_0 
    where
        u1_0.correo=?
2026-05-23 19:59:10 [STOQ] [http-nio-8080-exec-1] DEBUG org.hibernate.SQL - 
    select
        r1_0.id,
        r1_0.descripcion,
        r1_0.nombre 
    from
        roles r1_0 
    where
        r1_0.id=?
2026-05-23 19:59:11 [STOQ] [http-nio-8080-exec-1] DEBUG org.hibernate.SQL - 
    select
        p1_0.id,
        p1_0.categoria_id,
        p1_0.codigo,
        p1_0.empresa,
        p1_0.estado,
        p1_0.fecha_actualizacion,
        p1_0.fecha_creacion,
        p1_0.nombre,
        p1_0.stock_actual,
        p1_0.stock_minimo,
        p1_0.ubicacion,
        p1_0.unidad_id 
    from
        productos p1_0
2026-05-23 19:59:11 [STOQ] [http-nio-8080-exec-1] DEBUG org.hibernate.SQL - 
    select
        c1_0.id,
        c1_0.descripcion,
        c1_0.estado,
        c1_0.fecha_creacion,
        c1_0.nombre 
    from
        categorias c1_0 
    where
        c1_0.id=?
2026-05-23 19:59:11 [STOQ] [http-nio-8080-exec-1] DEBUG org.hibernate.SQL - 
    select
        u1_0.id,
        u1_0.abreviatura,
        u1_0.estado,
        u1_0.nombre 
    from
        unidades u1_0 
    where
        u1_0.id=?
2026-05-23 19:59:12 [STOQ] [http-nio-8080-exec-1] DEBUG org.hibernate.SQL - 
    select
        u1_0.id,
        u1_0.abreviatura,
        u1_0.estado,
        u1_0.nombre 
    from
        unidades u1_0 
    where
        u1_0.id=?
2026-05-23 19:59:12 [STOQ] [http-nio-8080-exec-1] DEBUG org.hibernate.SQL - 
    select
        u1_0.id,
        u1_0.abreviatura,
        u1_0.estado,
        u1_0.nombre 
    from
        unidades u1_0 
    where
        u1_0.id=?
2026-05-23 19:59:12 [STOQ] [http-nio-8080-exec-1] DEBUG org.hibernate.SQL - 
    select
        u1_0.id,
        u1_0.abreviatura,
        u1_0.estado,
        u1_0.nombre 
    from
        unidades u1_0 
    where
        u1_0.id=?
2026-05-23 19:59:12 [STOQ] [http-nio-8080-exec-1] DEBUG org.hibernate.SQL - 
    select
        c1_0.id,
        c1_0.descripcion,
        c1_0.estado,
        c1_0.fecha_creacion,
        c1_0.nombre 
    from
        categorias c1_0 
    where
        c1_0.id=?
2026-05-23 19:59:13 [STOQ] [http-nio-8080-exec-1] DEBUG org.hibernate.SQL - 
    select
        c1_0.id,
        c1_0.descripcion,
        c1_0.estado,
        c1_0.fecha_creacion,
        c1_0.nombre 
    from
        categorias c1_0 
    where
        c1_0.id=?
2026-05-23 19:59:13 [STOQ] [http-nio-8080-exec-1] DEBUG org.hibernate.SQL - 
    select
        c1_0.id,
        c1_0.descripcion,
        c1_0.estado,
        c1_0.fecha_creacion,
        c1_0.nombre 
    from
        categorias c1_0 
    where
        c1_0.id=?
2026-05-23 19:59:14 [STOQ] [http-nio-8080-exec-1] INFO  c.P.s.a.aspects.ApiLoggingAspect - [STOQ-MONITOR] OUT GET /api/productos/criticos | status=OK | time=3327 ms | endpoint=ProductosController.obtenerProductosCriticos()
2026-05-23 19:59:14 [STOQ] [http-nio-8080-exec-1] INFO  c.P.s.a.aspects.ApiLoggingAspect - [STOQ-MONITOR] ============================================================
2026-05-23 19:59:16 [STOQ] [http-nio-8080-exec-2] DEBUG o.s.security.web.FilterChainProxy - Securing OPTIONS /api/reportes/categorias?inicio=2026-04-24&fin=2026-05-23
2026-05-23 19:59:16 [STOQ] [http-nio-8080-exec-3] DEBUG o.s.security.web.FilterChainProxy - Securing GET /api/reportes/categorias?inicio=2026-04-24&fin=2026-05-23
2026-05-23 19:59:16 [STOQ] [http-nio-8080-exec-3] DEBUG org.hibernate.SQL - 
    select
        u1_0.id,
        u1_0.contrasena_hash,
        u1_0.correo,
        u1_0.empresa,
        u1_0.estado,
        u1_0.nombre,
        u1_0.rol_id 
    from
        usuarios u1_0 
    where
        u1_0.correo=?
2026-05-23 19:59:16 [STOQ] [http-nio-8080-exec-3] DEBUG org.hibernate.SQL - 
    select
        r1_0.id,
        r1_0.descripcion,
        r1_0.nombre 
    from
        roles r1_0 
    where
        r1_0.id=?
2026-05-23 19:59:17 [STOQ] [http-nio-8080-exec-3] INFO  c.Proyecto.stoq.security.JwtFilter - Authenticated request for email=gerente@gmail.com role=GERENTE path=/api/reportes/categorias
2026-05-23 19:59:17 [STOQ] [http-nio-8080-exec-3] DEBUG o.s.security.web.FilterChainProxy - Secured GET /api/reportes/categorias?inicio=2026-04-24&fin=2026-05-23
2026-05-23 19:59:17 [STOQ] [http-nio-8080-exec-3] INFO  c.P.s.a.aspects.ApiLoggingAspect - [STOQ-MONITOR] ============================================================
2026-05-23 19:59:17 [STOQ] [http-nio-8080-exec-3] INFO  c.P.s.a.aspects.ApiLoggingAspect - [STOQ-MONITOR] IN  2026-05-23 19:59:17 | GET /api/reportes/categorias | user=gerente@gmail.com | ip=0:0:0:0:0:0:0:1 | ua=Mozilla/5.0 (X11; Linux x86_64) AppleWebKit/537.36 (KHTML, like Gecko) Chrome/148.0.0.0 Safari/537.36
2026-05-23 19:59:17 [STOQ] [http-nio-8080-exec-3] DEBUG org.hibernate.SQL - 
    select
        u1_0.id,
        u1_0.contrasena_hash,
        u1_0.correo,
        u1_0.empresa,
        u1_0.estado,
        u1_0.nombre,
        u1_0.rol_id 
    from
        usuarios u1_0 
    where
        u1_0.correo=?
2026-05-23 19:59:17 [STOQ] [http-nio-8080-exec-3] DEBUG org.hibernate.SQL - 
    select
        r1_0.id,
        r1_0.descripcion,
        r1_0.nombre 
    from
        roles r1_0 
    where
        r1_0.id=?
2026-05-23 19:59:17 [STOQ] [http-nio-8080-exec-3] DEBUG org.hibernate.SQL - 
    select
        c1_0.id,
        c1_0.nombre,
        count(p1_0.id),
        coalesce(sum(coalesce(p1_0.stock_actual, 0)), cast(0 as bigint)),
        coalesce(sum(coalesce(p1_0.stock_minimo, 0)), cast(0 as bigint)),
        cast(0 as bigint),
        cast(0 as bigint),
        cast(0 as bigint),
        cast(0 as bigint),
        cast(0 as bigint),
        cast(0 as bigint) 
    from
        productos p1_0 
    join
        categorias c1_0 
            on c1_0.id=p1_0.categoria_id 
    where
        p1_0.empresa=? 
        and p1_0.estado=true 
    group by
        c1_0.id,
        c1_0.nombre 
    order by
        c1_0.nombre
2026-05-23 19:59:18 [STOQ] [http-nio-8080-exec-3] DEBUG org.hibernate.SQL - 
    select
        c1_0.id,
        c1_0.nombre,
        cast(0 as bigint),
        cast(0 as bigint),
        cast(0 as bigint),
        count(mi1_0.id),
        coalesce(sum(mi1_0.cantidad), cast(0 as bigint)),
        coalesce(sum(case 
            when upper(mi1_0.tipo_movimiento)='ENTRADA' 
                then 1 
            else 0 
    end), cast(0 as bigint)),
    coalesce(sum(case 
        when upper(mi1_0.tipo_movimiento)='SALIDA' 
            then 1 
        else 0 
end), cast(0 as bigint)),
coalesce(sum(case 
    when upper(mi1_0.tipo_movimiento)='ENTRADA' 
        then mi1_0.cantidad 
    else 0 
end), cast(0 as bigint)),
coalesce(sum(case 
    when upper(mi1_0.tipo_movimiento)='SALIDA' 
        then mi1_0.cantidad 
    else 0 
end), cast(0 as bigint)) 
from
    movimientos_inventario mi1_0 
join
    productos p1_0 
        on p1_0.id=mi1_0.producto_id 
join
    categorias c1_0 
        on c1_0.id=p1_0.categoria_id 
where
    p1_0.empresa=? 
    and mi1_0.fecha_movimiento between ? and ? 
group by
    c1_0.id,
    c1_0.nombre 
order by
    c1_0.nombre
2026-05-23 19:59:18 [STOQ] [http-nio-8080-exec-3] INFO  c.P.s.a.aspects.ApiLoggingAspect - [STOQ-MONITOR] OUT GET /api/reportes/categorias | status=OK | time=1516 ms | endpoint=ReportesController.obtenerReporteCategorias(..)
2026-05-23 19:59:18 [STOQ] [http-nio-8080-exec-3] INFO  c.P.s.a.aspects.ApiLoggingAspect - [STOQ-MONITOR] ============================================================
2026-05-23 19:59:40 [STOQ] [http-nio-8080-exec-4] DEBUG o.s.security.web.FilterChainProxy - Securing OPTIONS /api/auth/login
2026-05-23 19:59:40 [STOQ] [http-nio-8080-exec-7] DEBUG o.s.security.web.FilterChainProxy - Securing POST /api/auth/login
2026-05-23 19:59:40 [STOQ] [http-nio-8080-exec-7] DEBUG c.Proyecto.stoq.security.JwtFilter - No Authorization header present or not Bearer - path=/api/auth/login
2026-05-23 19:59:40 [STOQ] [http-nio-8080-exec-7] DEBUG o.s.security.web.FilterChainProxy - Secured POST /api/auth/login
2026-05-23 19:59:40 [STOQ] [http-nio-8080-exec-7] DEBUG o.s.s.w.a.AnonymousAuthenticationFilter - Set SecurityContextHolder to anonymous SecurityContext
2026-05-23 19:59:40 [STOQ] [http-nio-8080-exec-7] INFO  c.P.s.a.aspects.ApiLoggingAspect - [STOQ-MONITOR] ============================================================
2026-05-23 19:59:40 [STOQ] [http-nio-8080-exec-7] INFO  c.P.s.a.aspects.ApiLoggingAspect - [STOQ-MONITOR] IN  2026-05-23 19:59:40 | POST /api/auth/login | user=ANONYMOUS | ip=0:0:0:0:0:0:0:1 | ua=Mozilla/5.0 (X11; Linux x86_64) AppleWebKit/537.36 (KHTML, like Gecko) Chrome/148.0.0.0 Safari/537.36
2026-05-23 19:59:40 [STOQ] [http-nio-8080-exec-7] DEBUG org.hibernate.SQL - 
    select
        u1_0.id,
        u1_0.contrasena_hash,
        u1_0.correo,
        u1_0.empresa,
        u1_0.estado,
        u1_0.nombre,
        u1_0.rol_id 
    from
        usuarios u1_0 
    where
        u1_0.correo=?
2026-05-23 19:59:41 [STOQ] [http-nio-8080-exec-7] DEBUG org.hibernate.SQL - 
    select
        r1_0.id,
        r1_0.descripcion,
        r1_0.nombre 
    from
        roles r1_0 
    where
        r1_0.id=?
2026-05-23 19:59:42 [STOQ] [http-nio-8080-exec-7] INFO  c.P.s.a.services.UsuarioServiceImpl - [STOQ-BIZ] LOGIN Usuario | correo=david.laid@gmail.com | rol=OPERADOR
2026-05-23 19:59:42 [STOQ] [http-nio-8080-exec-7] DEBUG org.hibernate.SQL - 
    insert 
    into
        audit_logs
        (cambios_anterior, cambios_nuevo, created_by, created_date, endpoint, entidad, id_registro, ip_origen, operacion, user_agent, id) 
    values
        (?, ?, ?, ?, ?, ?, ?, ?, ?, ?, ?)
2026-05-23 19:59:42 [STOQ] [http-nio-8080-exec-7] INFO  c.P.s.a.services.AuditService - [STOQ-AUDIT] SAVE | entity=Usuario | operation=LOGIN | record=a83f1106-db64-4132-baec-ede2963c9f94 | user=SYSTEM | endpoint=POST /api/auth/login | ip=0:0:0:0:0:0:0:1
2026-05-23 19:59:42 [STOQ] [http-nio-8080-exec-7] INFO  c.P.s.a.aspects.ApiLoggingAspect - [STOQ-MONITOR] OUT POST /api/auth/login | status=OK | time=1863 ms | endpoint=AuthController.login(..)
2026-05-23 19:59:42 [STOQ] [http-nio-8080-exec-7] INFO  c.P.s.a.aspects.ApiLoggingAspect - [STOQ-MONITOR] ============================================================
2026-05-23 19:59:42 [STOQ] [http-nio-8080-exec-9] DEBUG o.s.security.web.FilterChainProxy - Securing OPTIONS /api/usuarios/me
2026-05-23 19:59:42 [STOQ] [http-nio-8080-exec-8] DEBUG o.s.security.web.FilterChainProxy - Securing GET /api/usuarios/me
2026-05-23 19:59:42 [STOQ] [http-nio-8080-exec-8] DEBUG org.hibernate.SQL - 
    select
        u1_0.id,
        u1_0.contrasena_hash,
        u1_0.correo,
        u1_0.empresa,
        u1_0.estado,
        u1_0.nombre,
        u1_0.rol_id 
    from
        usuarios u1_0 
    where
        u1_0.correo=?
2026-05-23 19:59:43 [STOQ] [http-nio-8080-exec-8] DEBUG org.hibernate.SQL - 
    select
        r1_0.id,
        r1_0.descripcion,
        r1_0.nombre 
    from
        roles r1_0 
    where
        r1_0.id=?
2026-05-23 19:59:43 [STOQ] [http-nio-8080-exec-8] INFO  c.Proyecto.stoq.security.JwtFilter - Authenticated request for email=david.laid@gmail.com role=OPERADOR path=/api/usuarios/me
2026-05-23 19:59:43 [STOQ] [http-nio-8080-exec-8] DEBUG o.s.security.web.FilterChainProxy - Secured GET /api/usuarios/me
2026-05-23 19:59:43 [STOQ] [http-nio-8080-exec-8] INFO  c.P.s.a.aspects.ApiLoggingAspect - [STOQ-MONITOR] ============================================================
2026-05-23 19:59:43 [STOQ] [http-nio-8080-exec-8] INFO  c.P.s.a.aspects.ApiLoggingAspect - [STOQ-MONITOR] IN  2026-05-23 19:59:43 | GET /api/usuarios/me | user=david.laid@gmail.com | ip=0:0:0:0:0:0:0:1 | ua=Mozilla/5.0 (X11; Linux x86_64) AppleWebKit/537.36 (KHTML, like Gecko) Chrome/148.0.0.0 Safari/537.36
2026-05-23 19:59:43 [STOQ] [http-nio-8080-exec-8] DEBUG org.hibernate.SQL - 
    select
        u1_0.id,
        u1_0.contrasena_hash,
        u1_0.correo,
        u1_0.empresa,
        u1_0.estado,
        u1_0.nombre,
        u1_0.rol_id 
    from
        usuarios u1_0 
    where
        u1_0.correo=?
2026-05-23 19:59:43 [STOQ] [http-nio-8080-exec-8] DEBUG org.hibernate.SQL - 
    select
        r1_0.id,
        r1_0.descripcion,
        r1_0.nombre 
    from
        roles r1_0 
    where
        r1_0.id=?
2026-05-23 19:59:44 [STOQ] [http-nio-8080-exec-8] INFO  c.P.s.a.aspects.ApiLoggingAspect - [STOQ-MONITOR] OUT GET /api/usuarios/me | status=OK | time=606 ms | endpoint=UsuarioController.obtenerUsuarioAutenticado(..)
2026-05-23 19:59:44 [STOQ] [http-nio-8080-exec-8] INFO  c.P.s.a.aspects.ApiLoggingAspect - [STOQ-MONITOR] ============================================================
2026-05-23 19:59:44 [STOQ] [http-nio-8080-exec-5] DEBUG o.s.security.web.FilterChainProxy - Securing GET /api/usuarios/me
2026-05-23 19:59:44 [STOQ] [http-nio-8080-exec-6] DEBUG o.s.security.web.FilterChainProxy - Securing OPTIONS /api/alertas/resumen
2026-05-23 19:59:44 [STOQ] [http-nio-8080-exec-10] DEBUG o.s.security.web.FilterChainProxy - Securing OPTIONS /api/productos/criticos
2026-05-23 19:59:44 [STOQ] [http-nio-8080-exec-5] DEBUG org.hibernate.SQL - 
    select
        u1_0.id,
        u1_0.contrasena_hash,
        u1_0.correo,
        u1_0.empresa,
        u1_0.estado,
        u1_0.nombre,
        u1_0.rol_id 
    from
        usuarios u1_0 
    where
        u1_0.correo=?
2026-05-23 19:59:44 [STOQ] [http-nio-8080-exec-2] DEBUG o.s.security.web.FilterChainProxy - Securing GET /api/productos/criticos
2026-05-23 19:59:44 [STOQ] [http-nio-8080-exec-1] DEBUG o.s.security.web.FilterChainProxy - Securing GET /api/alertas/resumen
2026-05-23 19:59:44 [STOQ] [http-nio-8080-exec-2] DEBUG org.hibernate.SQL - 
    select
        u1_0.id,
        u1_0.contrasena_hash,
        u1_0.correo,
        u1_0.empresa,
        u1_0.estado,
        u1_0.nombre,
        u1_0.rol_id 
    from
        usuarios u1_0 
    where
        u1_0.correo=?
2026-05-23 19:59:44 [STOQ] [http-nio-8080-exec-1] DEBUG org.hibernate.SQL - 
    select
        u1_0.id,
        u1_0.contrasena_hash,
        u1_0.correo,
        u1_0.empresa,
        u1_0.estado,
        u1_0.nombre,
        u1_0.rol_id 
    from
        usuarios u1_0 
    where
        u1_0.correo=?
2026-05-23 19:59:44 [STOQ] [http-nio-8080-exec-5] DEBUG org.hibernate.SQL - 
    select
        r1_0.id,
        r1_0.descripcion,
        r1_0.nombre 
    from
        roles r1_0 
    where
        r1_0.id=?
2026-05-23 19:59:44 [STOQ] [http-nio-8080-exec-5] INFO  c.Proyecto.stoq.security.JwtFilter - Authenticated request for email=david.laid@gmail.com role=OPERADOR path=/api/usuarios/me
2026-05-23 19:59:44 [STOQ] [http-nio-8080-exec-5] DEBUG o.s.security.web.FilterChainProxy - Secured GET /api/usuarios/me
2026-05-23 19:59:44 [STOQ] [http-nio-8080-exec-5] INFO  c.P.s.a.aspects.ApiLoggingAspect - [STOQ-MONITOR] ============================================================
2026-05-23 19:59:44 [STOQ] [http-nio-8080-exec-5] INFO  c.P.s.a.aspects.ApiLoggingAspect - [STOQ-MONITOR] IN  2026-05-23 19:59:44 | GET /api/usuarios/me | user=david.laid@gmail.com | ip=0:0:0:0:0:0:0:1 | ua=Mozilla/5.0 (X11; Linux x86_64) AppleWebKit/537.36 (KHTML, like Gecko) Chrome/148.0.0.0 Safari/537.36
2026-05-23 19:59:44 [STOQ] [http-nio-8080-exec-5] DEBUG org.hibernate.SQL - 
    select
        u1_0.id,
        u1_0.contrasena_hash,
        u1_0.correo,
        u1_0.empresa,
        u1_0.estado,
        u1_0.nombre,
        u1_0.rol_id 
    from
        usuarios u1_0 
    where
        u1_0.correo=?
2026-05-23 19:59:44 [STOQ] [http-nio-8080-exec-2] DEBUG org.hibernate.SQL - 
    select
        r1_0.id,
        r1_0.descripcion,
        r1_0.nombre 
    from
        roles r1_0 
    where
        r1_0.id=?
2026-05-23 19:59:44 [STOQ] [http-nio-8080-exec-1] DEBUG org.hibernate.SQL - 
    select
        r1_0.id,
        r1_0.descripcion,
        r1_0.nombre 
    from
        roles r1_0 
    where
        r1_0.id=?
2026-05-23 19:59:44 [STOQ] [http-nio-8080-exec-5] DEBUG org.hibernate.SQL - 
    select
        r1_0.id,
        r1_0.descripcion,
        r1_0.nombre 
    from
        roles r1_0 
    where
        r1_0.id=?
2026-05-23 19:59:45 [STOQ] [http-nio-8080-exec-2] INFO  c.Proyecto.stoq.security.JwtFilter - Authenticated request for email=david.laid@gmail.com role=OPERADOR path=/api/productos/criticos
2026-05-23 19:59:45 [STOQ] [http-nio-8080-exec-2] DEBUG o.s.security.web.FilterChainProxy - Secured GET /api/productos/criticos
2026-05-23 19:59:45 [STOQ] [http-nio-8080-exec-2] DEBUG o.s.s.a.m.AuthorizationManagerBeforeMethodInterceptor - Authorizing method invocation ReflectiveMethodInvocation: public java.util.List com.Proyecto.stoq.adapters.controllers.ProductosController.obtenerProductosCriticos(); target is of class [com.Proyecto.stoq.adapters.controllers.ProductosController]
2026-05-23 19:59:45 [STOQ] [http-nio-8080-exec-1] INFO  c.Proyecto.stoq.security.JwtFilter - Authenticated request for email=david.laid@gmail.com role=OPERADOR path=/api/alertas/resumen
2026-05-23 19:59:45 [STOQ] [http-nio-8080-exec-2] DEBUG o.s.s.a.m.AuthorizationManagerBeforeMethodInterceptor - Failed to authorize ReflectiveMethodInvocation: public java.util.List com.Proyecto.stoq.adapters.controllers.ProductosController.obtenerProductosCriticos(); target is of class [com.Proyecto.stoq.adapters.controllers.ProductosController] with authorization manager org.springframework.security.authorization.ObservationAuthorizationManager@69956963 and result ExpressionAuthorizationDecision [granted=false, expressionAttribute=hasAnyRole('ADMIN','GERENTE')]
2026-05-23 19:59:45 [STOQ] [http-nio-8080-exec-1] DEBUG o.s.s.w.a.AccessDeniedHandlerImpl - Responding with 403 status code
2026-05-23 19:59:45 [STOQ] [http-nio-8080-exec-1] DEBUG o.s.security.web.FilterChainProxy - Securing GET /error
2026-05-23 19:59:45 [STOQ] [http-nio-8080-exec-1] DEBUG o.s.s.w.a.AnonymousAuthenticationFilter - Set SecurityContextHolder to anonymous SecurityContext
2026-05-23 19:59:45 [STOQ] [http-nio-8080-exec-1] DEBUG o.s.s.w.a.Http403ForbiddenEntryPoint - Pre-authenticated entry point called. Rejecting access
2026-05-23 19:59:45 [STOQ] [http-nio-8080-exec-2] WARN  o.s.w.s.m.m.a.ExceptionHandlerExceptionResolver - Resolved [org.springframework.security.authorization.AuthorizationDeniedException: Access Denied]
2026-05-23 19:59:45 [STOQ] [http-nio-8080-exec-5] INFO  c.P.s.a.aspects.ApiLoggingAspect - [STOQ-MONITOR] OUT GET /api/usuarios/me | status=OK | time=554 ms | endpoint=UsuarioController.obtenerUsuarioAutenticado(..)
2026-05-23 19:59:45 [STOQ] [http-nio-8080-exec-5] INFO  c.P.s.a.aspects.ApiLoggingAspect - [STOQ-MONITOR] ============================================================
2026-05-23 19:59:55 [STOQ] [http-nio-8080-exec-3] DEBUG o.s.security.web.FilterChainProxy - Securing OPTIONS /api/auth/login
2026-05-23 19:59:55 [STOQ] [http-nio-8080-exec-4] DEBUG o.s.security.web.FilterChainProxy - Securing POST /api/auth/login
2026-05-23 19:59:55 [STOQ] [http-nio-8080-exec-4] DEBUG c.Proyecto.stoq.security.JwtFilter - No Authorization header present or not Bearer - path=/api/auth/login
2026-05-23 19:59:55 [STOQ] [http-nio-8080-exec-4] DEBUG o.s.security.web.FilterChainProxy - Secured POST /api/auth/login
2026-05-23 19:59:55 [STOQ] [http-nio-8080-exec-4] DEBUG o.s.s.w.a.AnonymousAuthenticationFilter - Set SecurityContextHolder to anonymous SecurityContext
2026-05-23 19:59:55 [STOQ] [http-nio-8080-exec-4] INFO  c.P.s.a.aspects.ApiLoggingAspect - [STOQ-MONITOR] ============================================================
2026-05-23 19:59:55 [STOQ] [http-nio-8080-exec-4] INFO  c.P.s.a.aspects.ApiLoggingAspect - [STOQ-MONITOR] IN  2026-05-23 19:59:55 | POST /api/auth/login | user=ANONYMOUS | ip=0:0:0:0:0:0:0:1 | ua=Mozilla/5.0 (X11; Linux x86_64) AppleWebKit/537.36 (KHTML, like Gecko) Chrome/148.0.0.0 Safari/537.36
2026-05-23 19:59:55 [STOQ] [http-nio-8080-exec-4] DEBUG org.hibernate.SQL - 
    select
        u1_0.id,
        u1_0.contrasena_hash,
        u1_0.correo,
        u1_0.empresa,
        u1_0.estado,
        u1_0.nombre,
        u1_0.rol_id 
    from
        usuarios u1_0 
    where
        u1_0.correo=?
2026-05-23 19:59:56 [STOQ] [http-nio-8080-exec-4] DEBUG org.hibernate.SQL - 
    select
        r1_0.id,
        r1_0.descripcion,
        r1_0.nombre 
    from
        roles r1_0 
    where
        r1_0.id=?
2026-05-23 19:59:56 [STOQ] [http-nio-8080-exec-4] INFO  c.P.s.a.services.UsuarioServiceImpl - [STOQ-BIZ] LOGIN Usuario | correo=harold.sejas@gmail.com | rol=ADMIN
2026-05-23 19:59:56 [STOQ] [http-nio-8080-exec-4] DEBUG org.hibernate.SQL - 
    insert 
    into
        audit_logs
        (cambios_anterior, cambios_nuevo, created_by, created_date, endpoint, entidad, id_registro, ip_origen, operacion, user_agent, id) 
    values
        (?, ?, ?, ?, ?, ?, ?, ?, ?, ?, ?)
2026-05-23 19:59:57 [STOQ] [http-nio-8080-exec-4] INFO  c.P.s.a.services.AuditService - [STOQ-AUDIT] SAVE | entity=Usuario | operation=LOGIN | record=3675be25-b088-455a-92c0-6ba855e217dd | user=SYSTEM | endpoint=POST /api/auth/login | ip=0:0:0:0:0:0:0:1
2026-05-23 19:59:57 [STOQ] [http-nio-8080-exec-4] INFO  c.P.s.a.aspects.ApiLoggingAspect - [STOQ-MONITOR] OUT POST /api/auth/login | status=OK | time=1832 ms | endpoint=AuthController.login(..)
2026-05-23 19:59:57 [STOQ] [http-nio-8080-exec-4] INFO  c.P.s.a.aspects.ApiLoggingAspect - [STOQ-MONITOR] ============================================================
2026-05-23 19:59:57 [STOQ] [http-nio-8080-exec-7] DEBUG o.s.security.web.FilterChainProxy - Securing OPTIONS /api/usuarios/me
2026-05-23 19:59:57 [STOQ] [http-nio-8080-exec-9] DEBUG o.s.security.web.FilterChainProxy - Securing GET /api/usuarios/me
2026-05-23 19:59:57 [STOQ] [http-nio-8080-exec-9] DEBUG org.hibernate.SQL - 
    select
        u1_0.id,
        u1_0.contrasena_hash,
        u1_0.correo,
        u1_0.empresa,
        u1_0.estado,
        u1_0.nombre,
        u1_0.rol_id 
    from
        usuarios u1_0 
    where
        u1_0.correo=?
2026-05-23 19:59:57 [STOQ] [http-nio-8080-exec-9] DEBUG org.hibernate.SQL - 
    select
        r1_0.id,
        r1_0.descripcion,
        r1_0.nombre 
    from
        roles r1_0 
    where
        r1_0.id=?
2026-05-23 19:59:57 [STOQ] [http-nio-8080-exec-9] INFO  c.Proyecto.stoq.security.JwtFilter - Authenticated request for email=harold.sejas@gmail.com role=ADMIN path=/api/usuarios/me
2026-05-23 19:59:57 [STOQ] [http-nio-8080-exec-9] DEBUG o.s.security.web.FilterChainProxy - Secured GET /api/usuarios/me
2026-05-23 19:59:57 [STOQ] [http-nio-8080-exec-9] INFO  c.P.s.a.aspects.ApiLoggingAspect - [STOQ-MONITOR] ============================================================
2026-05-23 19:59:57 [STOQ] [http-nio-8080-exec-9] INFO  c.P.s.a.aspects.ApiLoggingAspect - [STOQ-MONITOR] IN  2026-05-23 19:59:57 | GET /api/usuarios/me | user=harold.sejas@gmail.com | ip=0:0:0:0:0:0:0:1 | ua=Mozilla/5.0 (X11; Linux x86_64) AppleWebKit/537.36 (KHTML, like Gecko) Chrome/148.0.0.0 Safari/537.36
2026-05-23 19:59:58 [STOQ] [http-nio-8080-exec-9] DEBUG org.hibernate.SQL - 
    select
        u1_0.id,
        u1_0.contrasena_hash,
        u1_0.correo,
        u1_0.empresa,
        u1_0.estado,
        u1_0.nombre,
        u1_0.rol_id 
    from
        usuarios u1_0 
    where
        u1_0.correo=?
2026-05-23 19:59:58 [STOQ] [http-nio-8080-exec-9] DEBUG org.hibernate.SQL - 
    select
        r1_0.id,
        r1_0.descripcion,
        r1_0.nombre 
    from
        roles r1_0 
    where
        r1_0.id=?
2026-05-23 19:59:58 [STOQ] [http-nio-8080-exec-9] INFO  c.P.s.a.aspects.ApiLoggingAspect - [STOQ-MONITOR] OUT GET /api/usuarios/me | status=OK | time=666 ms | endpoint=UsuarioController.obtenerUsuarioAutenticado(..)
2026-05-23 19:59:58 [STOQ] [http-nio-8080-exec-9] INFO  c.P.s.a.aspects.ApiLoggingAspect - [STOQ-MONITOR] ============================================================
2026-05-23 19:59:58 [STOQ] [http-nio-8080-exec-8] DEBUG o.s.security.web.FilterChainProxy - Securing GET /api/usuarios/me
2026-05-23 19:59:58 [STOQ] [http-nio-8080-exec-10] DEBUG o.s.security.web.FilterChainProxy - Securing OPTIONS /api/productos/criticos
2026-05-23 19:59:58 [STOQ] [http-nio-8080-exec-6] DEBUG o.s.security.web.FilterChainProxy - Securing OPTIONS /api/alertas/resumen
2026-05-23 19:59:58 [STOQ] [http-nio-8080-exec-8] DEBUG org.hibernate.SQL - 
    select
        u1_0.id,
        u1_0.contrasena_hash,
        u1_0.correo,
        u1_0.empresa,
        u1_0.estado,
        u1_0.nombre,
        u1_0.rol_id 
    from
        usuarios u1_0 
    where
        u1_0.correo=?
2026-05-23 19:59:58 [STOQ] [http-nio-8080-exec-1] DEBUG o.s.security.web.FilterChainProxy - Securing OPTIONS /api/productos/criticos
2026-05-23 19:59:58 [STOQ] [http-nio-8080-exec-2] DEBUG o.s.security.web.FilterChainProxy - Securing GET /api/productos/criticos
2026-05-23 19:59:58 [STOQ] [http-nio-8080-exec-5] DEBUG o.s.security.web.FilterChainProxy - Securing GET /api/alertas/resumen
2026-05-23 19:59:58 [STOQ] [http-nio-8080-exec-5] DEBUG org.hibernate.SQL - 
    select
        u1_0.id,
        u1_0.contrasena_hash,
        u1_0.correo,
        u1_0.empresa,
        u1_0.estado,
        u1_0.nombre,
        u1_0.rol_id 
    from
        usuarios u1_0 
    where
        u1_0.correo=?
2026-05-23 19:59:58 [STOQ] [http-nio-8080-exec-2] DEBUG org.hibernate.SQL - 
    select
        u1_0.id,
        u1_0.contrasena_hash,
        u1_0.correo,
        u1_0.empresa,
        u1_0.estado,
        u1_0.nombre,
        u1_0.rol_id 
    from
        usuarios u1_0 
    where
        u1_0.correo=?
2026-05-23 19:59:59 [STOQ] [http-nio-8080-exec-8] DEBUG org.hibernate.SQL - 
    select
        r1_0.id,
        r1_0.descripcion,
        r1_0.nombre 
    from
        roles r1_0 
    where
        r1_0.id=?
2026-05-23 19:59:59 [STOQ] [http-nio-8080-exec-8] INFO  c.Proyecto.stoq.security.JwtFilter - Authenticated request for email=harold.sejas@gmail.com role=ADMIN path=/api/usuarios/me
2026-05-23 19:59:59 [STOQ] [http-nio-8080-exec-8] DEBUG o.s.security.web.FilterChainProxy - Secured GET /api/usuarios/me
2026-05-23 19:59:59 [STOQ] [http-nio-8080-exec-8] INFO  c.P.s.a.aspects.ApiLoggingAspect - [STOQ-MONITOR] ============================================================
2026-05-23 19:59:59 [STOQ] [http-nio-8080-exec-8] INFO  c.P.s.a.aspects.ApiLoggingAspect - [STOQ-MONITOR] IN  2026-05-23 19:59:59 | GET /api/usuarios/me | user=harold.sejas@gmail.com | ip=0:0:0:0:0:0:0:1 | ua=Mozilla/5.0 (X11; Linux x86_64) AppleWebKit/537.36 (KHTML, like Gecko) Chrome/148.0.0.0 Safari/537.36
2026-05-23 19:59:59 [STOQ] [http-nio-8080-exec-8] DEBUG org.hibernate.SQL - 
    select
        u1_0.id,
        u1_0.contrasena_hash,
        u1_0.correo,
        u1_0.empresa,
        u1_0.estado,
        u1_0.nombre,
        u1_0.rol_id 
    from
        usuarios u1_0 
    where
        u1_0.correo=?
2026-05-23 19:59:59 [STOQ] [http-nio-8080-exec-2] DEBUG org.hibernate.SQL - 
    select
        r1_0.id,
        r1_0.descripcion,
        r1_0.nombre 
    from
        roles r1_0 
    where
        r1_0.id=?
2026-05-23 19:59:59 [STOQ] [http-nio-8080-exec-5] DEBUG org.hibernate.SQL - 
    select
        r1_0.id,
        r1_0.descripcion,
        r1_0.nombre 
    from
        roles r1_0 
    where
        r1_0.id=?
2026-05-23 19:59:59 [STOQ] [http-nio-8080-exec-8] DEBUG org.hibernate.SQL - 
    select
        r1_0.id,
        r1_0.descripcion,
        r1_0.nombre 
    from
        roles r1_0 
    where
        r1_0.id=?
2026-05-23 19:59:59 [STOQ] [http-nio-8080-exec-5] INFO  c.Proyecto.stoq.security.JwtFilter - Authenticated request for email=harold.sejas@gmail.com role=ADMIN path=/api/alertas/resumen
2026-05-23 19:59:59 [STOQ] [http-nio-8080-exec-2] INFO  c.Proyecto.stoq.security.JwtFilter - Authenticated request for email=harold.sejas@gmail.com role=ADMIN path=/api/productos/criticos
2026-05-23 19:59:59 [STOQ] [http-nio-8080-exec-2] DEBUG o.s.security.web.FilterChainProxy - Secured GET /api/productos/criticos
2026-05-23 19:59:59 [STOQ] [http-nio-8080-exec-5] DEBUG o.s.security.web.FilterChainProxy - Secured GET /api/alertas/resumen
2026-05-23 19:59:59 [STOQ] [http-nio-8080-exec-2] DEBUG o.s.s.a.m.AuthorizationManagerBeforeMethodInterceptor - Authorizing method invocation ReflectiveMethodInvocation: public java.util.List com.Proyecto.stoq.adapters.controllers.ProductosController.obtenerProductosCriticos(); target is of class [com.Proyecto.stoq.adapters.controllers.ProductosController]
2026-05-23 19:59:59 [STOQ] [http-nio-8080-exec-5] INFO  c.P.s.a.aspects.ApiLoggingAspect - [STOQ-MONITOR] ============================================================
2026-05-23 19:59:59 [STOQ] [http-nio-8080-exec-5] INFO  c.P.s.a.aspects.ApiLoggingAspect - [STOQ-MONITOR] IN  2026-05-23 19:59:59 | GET /api/alertas/resumen | user=harold.sejas@gmail.com | ip=0:0:0:0:0:0:0:1 | ua=Mozilla/5.0 (X11; Linux x86_64) AppleWebKit/537.36 (KHTML, like Gecko) Chrome/148.0.0.0 Safari/537.36
2026-05-23 19:59:59 [STOQ] [http-nio-8080-exec-2] DEBUG o.s.s.a.m.AuthorizationManagerBeforeMethodInterceptor - Authorized method invocation ReflectiveMethodInvocation: public java.util.List com.Proyecto.stoq.adapters.controllers.ProductosController.obtenerProductosCriticos(); target is of class [com.Proyecto.stoq.adapters.controllers.ProductosController]
2026-05-23 19:59:59 [STOQ] [http-nio-8080-exec-2] INFO  c.P.s.a.aspects.ApiLoggingAspect - [STOQ-MONITOR] ============================================================
2026-05-23 19:59:59 [STOQ] [http-nio-8080-exec-2] INFO  c.P.s.a.aspects.ApiLoggingAspect - [STOQ-MONITOR] IN  2026-05-23 19:59:59 | GET /api/productos/criticos | user=harold.sejas@gmail.com | ip=0:0:0:0:0:0:0:1 | ua=Mozilla/5.0 (X11; Linux x86_64) AppleWebKit/537.36 (KHTML, like Gecko) Chrome/148.0.0.0 Safari/537.36
2026-05-23 19:59:59 [STOQ] [http-nio-8080-exec-5] DEBUG org.hibernate.SQL - 
    select
        u1_0.id,
        u1_0.contrasena_hash,
        u1_0.correo,
        u1_0.empresa,
        u1_0.estado,
        u1_0.nombre,
        u1_0.rol_id 
    from
        usuarios u1_0 
    where
        u1_0.correo=?
2026-05-23 19:59:59 [STOQ] [http-nio-8080-exec-2] DEBUG org.hibernate.SQL - 
    select
        u1_0.id,
        u1_0.contrasena_hash,
        u1_0.correo,
        u1_0.empresa,
        u1_0.estado,
        u1_0.nombre,
        u1_0.rol_id 
    from
        usuarios u1_0 
    where
        u1_0.correo=?
2026-05-23 19:59:59 [STOQ] [http-nio-8080-exec-8] INFO  c.P.s.a.aspects.ApiLoggingAspect - [STOQ-MONITOR] OUT GET /api/usuarios/me | status=OK | time=613 ms | endpoint=UsuarioController.obtenerUsuarioAutenticado(..)
2026-05-23 19:59:59 [STOQ] [http-nio-8080-exec-8] INFO  c.P.s.a.aspects.ApiLoggingAspect - [STOQ-MONITOR] ============================================================
2026-05-23 19:59:59 [STOQ] [http-nio-8080-exec-5] DEBUG org.hibernate.SQL - 
    select
        r1_0.id,
        r1_0.descripcion,
        r1_0.nombre 
    from
        roles r1_0 
    where
        r1_0.id=?
2026-05-23 19:59:59 [STOQ] [http-nio-8080-exec-2] DEBUG org.hibernate.SQL - 
    select
        r1_0.id,
        r1_0.descripcion,
        r1_0.nombre 
    from
        roles r1_0 
    where
        r1_0.id=?
2026-05-23 20:00:00 [STOQ] [http-nio-8080-exec-5] DEBUG org.hibernate.SQL - 
    select
        p1_0.id,
        p1_0.categoria_id,
        p1_0.codigo,
        p1_0.empresa,
        p1_0.estado,
        p1_0.fecha_actualizacion,
        p1_0.fecha_creacion,
        p1_0.nombre,
        p1_0.stock_actual,
        p1_0.stock_minimo,
        p1_0.ubicacion,
        p1_0.unidad_id 
    from
        productos p1_0
2026-05-23 20:00:00 [STOQ] [http-nio-8080-exec-2] DEBUG org.hibernate.SQL - 
    select
        p1_0.id,
        p1_0.categoria_id,
        p1_0.codigo,
        p1_0.empresa,
        p1_0.estado,
        p1_0.fecha_actualizacion,
        p1_0.fecha_creacion,
        p1_0.nombre,
        p1_0.stock_actual,
        p1_0.stock_minimo,
        p1_0.ubicacion,
        p1_0.unidad_id 
    from
        productos p1_0
2026-05-23 20:00:00 [STOQ] [http-nio-8080-exec-5] DEBUG org.hibernate.SQL - 
    select
        c1_0.id,
        c1_0.descripcion,
        c1_0.estado,
        c1_0.fecha_creacion,
        c1_0.nombre 
    from
        categorias c1_0 
    where
        c1_0.id=?
2026-05-23 20:00:00 [STOQ] [http-nio-8080-exec-2] DEBUG org.hibernate.SQL - 
    select
        c1_0.id,
        c1_0.descripcion,
        c1_0.estado,
        c1_0.fecha_creacion,
        c1_0.nombre 
    from
        categorias c1_0 
    where
        c1_0.id=?
2026-05-23 20:00:00 [STOQ] [http-nio-8080-exec-2] DEBUG org.hibernate.SQL - 
    select
        u1_0.id,
        u1_0.abreviatura,
        u1_0.estado,
        u1_0.nombre 
    from
        unidades u1_0 
    where
        u1_0.id=?
2026-05-23 20:00:00 [STOQ] [http-nio-8080-exec-5] DEBUG org.hibernate.SQL - 
    select
        u1_0.id,
        u1_0.abreviatura,
        u1_0.estado,
        u1_0.nombre 
    from
        unidades u1_0 
    where
        u1_0.id=?
2026-05-23 20:00:01 [STOQ] [http-nio-8080-exec-5] DEBUG org.hibernate.SQL - 
    select
        u1_0.id,
        u1_0.abreviatura,
        u1_0.estado,
        u1_0.nombre 
    from
        unidades u1_0 
    where
        u1_0.id=?
2026-05-23 20:00:01 [STOQ] [http-nio-8080-exec-2] DEBUG org.hibernate.SQL - 
    select
        u1_0.id,
        u1_0.abreviatura,
        u1_0.estado,
        u1_0.nombre 
    from
        unidades u1_0 
    where
        u1_0.id=?
2026-05-23 20:00:01 [STOQ] [http-nio-8080-exec-5] DEBUG org.hibernate.SQL - 
    select
        u1_0.id,
        u1_0.abreviatura,
        u1_0.estado,
        u1_0.nombre 
    from
        unidades u1_0 
    where
        u1_0.id=?
2026-05-23 20:00:01 [STOQ] [http-nio-8080-exec-2] DEBUG org.hibernate.SQL - 
    select
        u1_0.id,
        u1_0.abreviatura,
        u1_0.estado,
        u1_0.nombre 
    from
        unidades u1_0 
    where
        u1_0.id=?
2026-05-23 20:00:01 [STOQ] [http-nio-8080-exec-5] DEBUG org.hibernate.SQL - 
    select
        u1_0.id,
        u1_0.abreviatura,
        u1_0.estado,
        u1_0.nombre 
    from
        unidades u1_0 
    where
        u1_0.id=?
2026-05-23 20:00:01 [STOQ] [http-nio-8080-exec-2] DEBUG org.hibernate.SQL - 
    select
        u1_0.id,
        u1_0.abreviatura,
        u1_0.estado,
        u1_0.nombre 
    from
        unidades u1_0 
    where
        u1_0.id=?
2026-05-23 20:00:02 [STOQ] [http-nio-8080-exec-5] DEBUG org.hibernate.SQL - 
    select
        c1_0.id,
        c1_0.descripcion,
        c1_0.estado,
        c1_0.fecha_creacion,
        c1_0.nombre 
    from
        categorias c1_0 
    where
        c1_0.id=?
2026-05-23 20:00:02 [STOQ] [http-nio-8080-exec-2] DEBUG org.hibernate.SQL - 
    select
        c1_0.id,
        c1_0.descripcion,
        c1_0.estado,
        c1_0.fecha_creacion,
        c1_0.nombre 
    from
        categorias c1_0 
    where
        c1_0.id=?
2026-05-23 20:00:02 [STOQ] [http-nio-8080-exec-5] DEBUG org.hibernate.SQL - 
    select
        c1_0.id,
        c1_0.descripcion,
        c1_0.estado,
        c1_0.fecha_creacion,
        c1_0.nombre 
    from
        categorias c1_0 
    where
        c1_0.id=?
2026-05-23 20:00:02 [STOQ] [http-nio-8080-exec-2] DEBUG org.hibernate.SQL - 
    select
        c1_0.id,
        c1_0.descripcion,
        c1_0.estado,
        c1_0.fecha_creacion,
        c1_0.nombre 
    from
        categorias c1_0 
    where
        c1_0.id=?
2026-05-23 20:00:02 [STOQ] [http-nio-8080-exec-2] DEBUG org.hibernate.SQL - 
    select
        c1_0.id,
        c1_0.descripcion,
        c1_0.estado,
        c1_0.fecha_creacion,
        c1_0.nombre 
    from
        categorias c1_0 
    where
        c1_0.id=?
2026-05-23 20:00:02 [STOQ] [http-nio-8080-exec-5] DEBUG org.hibernate.SQL - 
    select
        c1_0.id,
        c1_0.descripcion,
        c1_0.estado,
        c1_0.fecha_creacion,
        c1_0.nombre 
    from
        categorias c1_0 
    where
        c1_0.id=?
2026-05-23 20:00:03 [STOQ] [http-nio-8080-exec-2] INFO  c.P.s.a.aspects.ApiLoggingAspect - [STOQ-MONITOR] OUT GET /api/productos/criticos | status=OK | time=3463 ms | endpoint=ProductosController.obtenerProductosCriticos()
2026-05-23 20:00:03 [STOQ] [http-nio-8080-exec-2] INFO  c.P.s.a.aspects.ApiLoggingAspect - [STOQ-MONITOR] ============================================================
2026-05-23 20:00:03 [STOQ] [http-nio-8080-exec-5] DEBUG org.hibernate.SQL - 
    select
        a1_0.id,
        a1_0.fecha,
        a1_0.leida,
        a1_0.mensaje,
        a1_0.producto_id,
        p1_0.id,
        p1_0.categoria_id,
        c1_0.id,
        c1_0.descripcion,
        c1_0.estado,
        c1_0.fecha_creacion,
        c1_0.nombre,
        p1_0.codigo,
        p1_0.empresa,
        p1_0.estado,
        p1_0.fecha_actualizacion,
        p1_0.fecha_creacion,
        p1_0.nombre,
        p1_0.stock_actual,
        p1_0.stock_minimo,
        p1_0.ubicacion,
        p1_0.unidad_id,
        a1_0.tipo 
    from
        alertas a1_0 
    join
        productos p1_0 
            on p1_0.id=a1_0.producto_id 
    join
        categorias c1_0 
            on c1_0.id=p1_0.categoria_id
2026-05-23 20:00:03 [STOQ] [http-nio-8080-exec-3] DEBUG o.s.security.web.FilterChainProxy - Securing GET /api/productos/criticos
2026-05-23 20:00:03 [STOQ] [http-nio-8080-exec-3] DEBUG org.hibernate.SQL - 
    select
        u1_0.id,
        u1_0.contrasena_hash,
        u1_0.correo,
        u1_0.empresa,
        u1_0.estado,
        u1_0.nombre,
        u1_0.rol_id 
    from
        usuarios u1_0 
    where
        u1_0.correo=?
2026-05-23 20:00:03 [STOQ] [http-nio-8080-exec-3] DEBUG org.hibernate.SQL - 
    select
        r1_0.id,
        r1_0.descripcion,
        r1_0.nombre 
    from
        roles r1_0 
    where
        r1_0.id=?
2026-05-23 20:00:03 [STOQ] [http-nio-8080-exec-5] DEBUG org.hibernate.SQL - 
    select
        a1_0.id,
        a1_0.fecha,
        a1_0.leida,
        a1_0.mensaje,
        a1_0.producto_id,
        p1_0.id,
        p1_0.categoria_id,
        c1_0.id,
        c1_0.descripcion,
        c1_0.estado,
        c1_0.fecha_creacion,
        c1_0.nombre,
        p1_0.codigo,
        p1_0.empresa,
        p1_0.estado,
        p1_0.fecha_actualizacion,
        p1_0.fecha_creacion,
        p1_0.nombre,
        p1_0.stock_actual,
        p1_0.stock_minimo,
        p1_0.ubicacion,
        p1_0.unidad_id,
        a1_0.tipo 
    from
        alertas a1_0 
    join
        productos p1_0 
            on p1_0.id=a1_0.producto_id 
    join
        categorias c1_0 
            on c1_0.id=p1_0.categoria_id
2026-05-23 20:00:04 [STOQ] [http-nio-8080-exec-3] INFO  c.Proyecto.stoq.security.JwtFilter - Authenticated request for email=harold.sejas@gmail.com role=ADMIN path=/api/productos/criticos
2026-05-23 20:00:04 [STOQ] [http-nio-8080-exec-3] DEBUG o.s.security.web.FilterChainProxy - Secured GET /api/productos/criticos
2026-05-23 20:00:04 [STOQ] [http-nio-8080-exec-3] DEBUG o.s.s.a.m.AuthorizationManagerBeforeMethodInterceptor - Authorizing method invocation ReflectiveMethodInvocation: public java.util.List com.Proyecto.stoq.adapters.controllers.ProductosController.obtenerProductosCriticos(); target is of class [com.Proyecto.stoq.adapters.controllers.ProductosController]
2026-05-23 20:00:04 [STOQ] [http-nio-8080-exec-3] DEBUG o.s.s.a.m.AuthorizationManagerBeforeMethodInterceptor - Authorized method invocation ReflectiveMethodInvocation: public java.util.List com.Proyecto.stoq.adapters.controllers.ProductosController.obtenerProductosCriticos(); target is of class [com.Proyecto.stoq.adapters.controllers.ProductosController]
2026-05-23 20:00:04 [STOQ] [http-nio-8080-exec-3] INFO  c.P.s.a.aspects.ApiLoggingAspect - [STOQ-MONITOR] ============================================================
2026-05-23 20:00:04 [STOQ] [http-nio-8080-exec-3] INFO  c.P.s.a.aspects.ApiLoggingAspect - [STOQ-MONITOR] IN  2026-05-23 20:00:04 | GET /api/productos/criticos | user=harold.sejas@gmail.com | ip=0:0:0:0:0:0:0:1 | ua=Mozilla/5.0 (X11; Linux x86_64) AppleWebKit/537.36 (KHTML, like Gecko) Chrome/148.0.0.0 Safari/537.36
2026-05-23 20:00:04 [STOQ] [http-nio-8080-exec-3] DEBUG org.hibernate.SQL - 
    select
        u1_0.id,
        u1_0.contrasena_hash,
        u1_0.correo,
        u1_0.empresa,
        u1_0.estado,
        u1_0.nombre,
        u1_0.rol_id 
    from
        usuarios u1_0 
    where
        u1_0.correo=?
2026-05-23 20:00:04 [STOQ] [http-nio-8080-exec-5] INFO  c.P.s.a.aspects.ApiLoggingAspect - [STOQ-MONITOR] OUT GET /api/alertas/resumen | status=OK | time=4690 ms | endpoint=AlertaController.obtenerResumen()
2026-05-23 20:00:04 [STOQ] [http-nio-8080-exec-5] INFO  c.P.s.a.aspects.ApiLoggingAspect - [STOQ-MONITOR] ============================================================
2026-05-23 20:00:04 [STOQ] [http-nio-8080-exec-3] DEBUG org.hibernate.SQL - 
    select
        r1_0.id,
        r1_0.descripcion,
        r1_0.nombre 
    from
        roles r1_0 
    where
        r1_0.id=?
2026-05-23 20:00:04 [STOQ] [http-nio-8080-exec-3] DEBUG org.hibernate.SQL - 
    select
        p1_0.id,
        p1_0.categoria_id,
        p1_0.codigo,
        p1_0.empresa,
        p1_0.estado,
        p1_0.fecha_actualizacion,
        p1_0.fecha_creacion,
        p1_0.nombre,
        p1_0.stock_actual,
        p1_0.stock_minimo,
        p1_0.ubicacion,
        p1_0.unidad_id 
    from
        productos p1_0
2026-05-23 20:00:05 [STOQ] [http-nio-8080-exec-3] DEBUG org.hibernate.SQL - 
    select
        c1_0.id,
        c1_0.descripcion,
        c1_0.estado,
        c1_0.fecha_creacion,
        c1_0.nombre 
    from
        categorias c1_0 
    where
        c1_0.id=?
2026-05-23 20:00:05 [STOQ] [http-nio-8080-exec-3] DEBUG org.hibernate.SQL - 
    select
        u1_0.id,
        u1_0.abreviatura,
        u1_0.estado,
        u1_0.nombre 
    from
        unidades u1_0 
    where
        u1_0.id=?
2026-05-23 20:00:05 [STOQ] [http-nio-8080-exec-3] DEBUG org.hibernate.SQL - 
    select
        u1_0.id,
        u1_0.abreviatura,
        u1_0.estado,
        u1_0.nombre 
    from
        unidades u1_0 
    where
        u1_0.id=?
2026-05-23 20:00:05 [STOQ] [http-nio-8080-exec-3] DEBUG org.hibernate.SQL - 
    select
        u1_0.id,
        u1_0.abreviatura,
        u1_0.estado,
        u1_0.nombre 
    from
        unidades u1_0 
    where
        u1_0.id=?
2026-05-23 20:00:06 [STOQ] [http-nio-8080-exec-3] DEBUG org.hibernate.SQL - 
    select
        u1_0.id,
        u1_0.abreviatura,
        u1_0.estado,
        u1_0.nombre 
    from
        unidades u1_0 
    where
        u1_0.id=?
2026-05-23 20:00:06 [STOQ] [http-nio-8080-exec-3] DEBUG org.hibernate.SQL - 
    select
        c1_0.id,
        c1_0.descripcion,
        c1_0.estado,
        c1_0.fecha_creacion,
        c1_0.nombre 
    from
        categorias c1_0 
    where
        c1_0.id=?
2026-05-23 20:00:06 [STOQ] [http-nio-8080-exec-3] DEBUG org.hibernate.SQL - 
    select
        c1_0.id,
        c1_0.descripcion,
        c1_0.estado,
        c1_0.fecha_creacion,
        c1_0.nombre 
    from
        categorias c1_0 
    where
        c1_0.id=?
2026-05-23 20:00:07 [STOQ] [http-nio-8080-exec-3] DEBUG org.hibernate.SQL - 
    select
        c1_0.id,
        c1_0.descripcion,
        c1_0.estado,
        c1_0.fecha_creacion,
        c1_0.nombre 
    from
        categorias c1_0 
    where
        c1_0.id=?
2026-05-23 20:00:07 [STOQ] [http-nio-8080-exec-3] INFO  c.P.s.a.aspects.ApiLoggingAspect - [STOQ-MONITOR] OUT GET /api/productos/criticos | status=OK | time=3585 ms | endpoint=ProductosController.obtenerProductosCriticos()
2026-05-23 20:00:07 [STOQ] [http-nio-8080-exec-3] INFO  c.P.s.a.aspects.ApiLoggingAspect - [STOQ-MONITOR] ============================================================
2026-05-23 20:00:14 [STOQ] [http-nio-8080-exec-4] DEBUG o.s.security.web.FilterChainProxy - Securing OPTIONS /api/auth/login
2026-05-23 20:00:14 [STOQ] [http-nio-8080-exec-7] DEBUG o.s.security.web.FilterChainProxy - Securing POST /api/auth/login
2026-05-23 20:00:14 [STOQ] [http-nio-8080-exec-7] DEBUG c.Proyecto.stoq.security.JwtFilter - No Authorization header present or not Bearer - path=/api/auth/login
2026-05-23 20:00:14 [STOQ] [http-nio-8080-exec-7] DEBUG o.s.security.web.FilterChainProxy - Secured POST /api/auth/login
2026-05-23 20:00:14 [STOQ] [http-nio-8080-exec-7] DEBUG o.s.s.w.a.AnonymousAuthenticationFilter - Set SecurityContextHolder to anonymous SecurityContext
2026-05-23 20:00:14 [STOQ] [http-nio-8080-exec-7] INFO  c.P.s.a.aspects.ApiLoggingAspect - [STOQ-MONITOR] ============================================================
2026-05-23 20:00:14 [STOQ] [http-nio-8080-exec-7] INFO  c.P.s.a.aspects.ApiLoggingAspect - [STOQ-MONITOR] IN  2026-05-23 20:00:14 | POST /api/auth/login | user=ANONYMOUS | ip=0:0:0:0:0:0:0:1 | ua=Mozilla/5.0 (X11; Linux x86_64) AppleWebKit/537.36 (KHTML, like Gecko) Chrome/148.0.0.0 Safari/537.36
2026-05-23 20:00:14 [STOQ] [http-nio-8080-exec-7] DEBUG org.hibernate.SQL - 
    select
        u1_0.id,
        u1_0.contrasena_hash,
        u1_0.correo,
        u1_0.empresa,
        u1_0.estado,
        u1_0.nombre,
        u1_0.rol_id 
    from
        usuarios u1_0 
    where
        u1_0.correo=?
2026-05-23 20:00:15 [STOQ] [http-nio-8080-exec-7] DEBUG org.hibernate.SQL - 
    select
        r1_0.id,
        r1_0.descripcion,
        r1_0.nombre 
    from
        roles r1_0 
    where
        r1_0.id=?
2026-05-23 20:00:16 [STOQ] [http-nio-8080-exec-7] INFO  c.P.s.a.services.UsuarioServiceImpl - [STOQ-BIZ] LOGIN Usuario | correo=gerente@gmail.com | rol=GERENTE
2026-05-23 20:00:16 [STOQ] [http-nio-8080-exec-7] DEBUG org.hibernate.SQL - 
    insert 
    into
        audit_logs
        (cambios_anterior, cambios_nuevo, created_by, created_date, endpoint, entidad, id_registro, ip_origen, operacion, user_agent, id) 
    values
        (?, ?, ?, ?, ?, ?, ?, ?, ?, ?, ?)
2026-05-23 20:00:16 [STOQ] [http-nio-8080-exec-7] INFO  c.P.s.a.services.AuditService - [STOQ-AUDIT] SAVE | entity=Usuario | operation=LOGIN | record=05faf721-dbef-4f23-803b-8b3df1f17acf | user=SYSTEM | endpoint=POST /api/auth/login | ip=0:0:0:0:0:0:0:1
2026-05-23 20:00:16 [STOQ] [http-nio-8080-exec-7] INFO  c.P.s.a.aspects.ApiLoggingAspect - [STOQ-MONITOR] OUT POST /api/auth/login | status=OK | time=1854 ms | endpoint=AuthController.login(..)
2026-05-23 20:00:16 [STOQ] [http-nio-8080-exec-7] INFO  c.P.s.a.aspects.ApiLoggingAspect - [STOQ-MONITOR] ============================================================
2026-05-23 20:00:16 [STOQ] [http-nio-8080-exec-9] DEBUG o.s.security.web.FilterChainProxy - Securing OPTIONS /api/usuarios/me
2026-05-23 20:00:16 [STOQ] [http-nio-8080-exec-6] DEBUG o.s.security.web.FilterChainProxy - Securing GET /api/usuarios/me
2026-05-23 20:00:16 [STOQ] [http-nio-8080-exec-6] DEBUG org.hibernate.SQL - 
    select
        u1_0.id,
        u1_0.contrasena_hash,
        u1_0.correo,
        u1_0.empresa,
        u1_0.estado,
        u1_0.nombre,
        u1_0.rol_id 
    from
        usuarios u1_0 
    where
        u1_0.correo=?
2026-05-23 20:00:17 [STOQ] [http-nio-8080-exec-6] DEBUG org.hibernate.SQL - 
    select
        r1_0.id,
        r1_0.descripcion,
        r1_0.nombre 
    from
        roles r1_0 
    where
        r1_0.id=?
2026-05-23 20:00:17 [STOQ] [http-nio-8080-exec-6] INFO  c.Proyecto.stoq.security.JwtFilter - Authenticated request for email=gerente@gmail.com role=GERENTE path=/api/usuarios/me
2026-05-23 20:00:17 [STOQ] [http-nio-8080-exec-6] DEBUG o.s.security.web.FilterChainProxy - Secured GET /api/usuarios/me
2026-05-23 20:00:17 [STOQ] [http-nio-8080-exec-6] INFO  c.P.s.a.aspects.ApiLoggingAspect - [STOQ-MONITOR] ============================================================
2026-05-23 20:00:17 [STOQ] [http-nio-8080-exec-6] INFO  c.P.s.a.aspects.ApiLoggingAspect - [STOQ-MONITOR] IN  2026-05-23 20:00:17 | GET /api/usuarios/me | user=gerente@gmail.com | ip=0:0:0:0:0:0:0:1 | ua=Mozilla/5.0 (X11; Linux x86_64) AppleWebKit/537.36 (KHTML, like Gecko) Chrome/148.0.0.0 Safari/537.36
2026-05-23 20:00:17 [STOQ] [http-nio-8080-exec-6] DEBUG org.hibernate.SQL - 
    select
        u1_0.id,
        u1_0.contrasena_hash,
        u1_0.correo,
        u1_0.empresa,
        u1_0.estado,
        u1_0.nombre,
        u1_0.rol_id 
    from
        usuarios u1_0 
    where
        u1_0.correo=?
2026-05-23 20:00:17 [STOQ] [http-nio-8080-exec-6] DEBUG org.hibernate.SQL - 
    select
        r1_0.id,
        r1_0.descripcion,
        r1_0.nombre 
    from
        roles r1_0 
    where
        r1_0.id=?
2026-05-23 20:00:18 [STOQ] [http-nio-8080-exec-6] INFO  c.P.s.a.aspects.ApiLoggingAspect - [STOQ-MONITOR] OUT GET /api/usuarios/me | status=OK | time=540 ms | endpoint=UsuarioController.obtenerUsuarioAutenticado(..)
2026-05-23 20:00:18 [STOQ] [http-nio-8080-exec-6] INFO  c.P.s.a.aspects.ApiLoggingAspect - [STOQ-MONITOR] ============================================================
2026-05-23 20:00:18 [STOQ] [http-nio-8080-exec-10] DEBUG o.s.security.web.FilterChainProxy - Securing GET /api/usuarios/me
2026-05-23 20:00:18 [STOQ] [http-nio-8080-exec-2] DEBUG o.s.security.web.FilterChainProxy - Securing OPTIONS /api/productos/criticos
2026-05-23 20:00:18 [STOQ] [http-nio-8080-exec-8] DEBUG o.s.security.web.FilterChainProxy - Securing OPTIONS /api/productos/criticos
2026-05-23 20:00:18 [STOQ] [http-nio-8080-exec-1] DEBUG o.s.security.web.FilterChainProxy - Securing OPTIONS /api/alertas/resumen
2026-05-23 20:00:18 [STOQ] [http-nio-8080-exec-10] DEBUG org.hibernate.SQL - 
    select
        u1_0.id,
        u1_0.contrasena_hash,
        u1_0.correo,
        u1_0.empresa,
        u1_0.estado,
        u1_0.nombre,
        u1_0.rol_id 
    from
        usuarios u1_0 
    where
        u1_0.correo=?
2026-05-23 20:00:18 [STOQ] [http-nio-8080-exec-5] DEBUG o.s.security.web.FilterChainProxy - Securing GET /api/productos/criticos
2026-05-23 20:00:18 [STOQ] [http-nio-8080-exec-3] DEBUG o.s.security.web.FilterChainProxy - Securing GET /api/alertas/resumen
2026-05-23 20:00:18 [STOQ] [http-nio-8080-exec-3] DEBUG org.hibernate.SQL - 
    select
        u1_0.id,
        u1_0.contrasena_hash,
        u1_0.correo,
        u1_0.empresa,
        u1_0.estado,
        u1_0.nombre,
        u1_0.rol_id 
    from
        usuarios u1_0 
    where
        u1_0.correo=?
2026-05-23 20:00:18 [STOQ] [http-nio-8080-exec-5] DEBUG org.hibernate.SQL - 
    select
        u1_0.id,
        u1_0.contrasena_hash,
        u1_0.correo,
        u1_0.empresa,
        u1_0.estado,
        u1_0.nombre,
        u1_0.rol_id 
    from
        usuarios u1_0 
    where
        u1_0.correo=?
2026-05-23 20:00:18 [STOQ] [http-nio-8080-exec-5] DEBUG org.hibernate.SQL - 
    select
        r1_0.id,
        r1_0.descripcion,
        r1_0.nombre 
    from
        roles r1_0 
    where
        r1_0.id=?
2026-05-23 20:00:18 [STOQ] [http-nio-8080-exec-10] DEBUG org.hibernate.SQL - 
    select
        r1_0.id,
        r1_0.descripcion,
        r1_0.nombre 
    from
        roles r1_0 
    where
        r1_0.id=?
2026-05-23 20:00:18 [STOQ] [http-nio-8080-exec-3] DEBUG org.hibernate.SQL - 
    select
        r1_0.id,
        r1_0.descripcion,
        r1_0.nombre 
    from
        roles r1_0 
    where
        r1_0.id=?
2026-05-23 20:00:19 [STOQ] [http-nio-8080-exec-5] INFO  c.Proyecto.stoq.security.JwtFilter - Authenticated request for email=gerente@gmail.com role=GERENTE path=/api/productos/criticos
2026-05-23 20:00:19 [STOQ] [http-nio-8080-exec-5] DEBUG o.s.security.web.FilterChainProxy - Secured GET /api/productos/criticos
2026-05-23 20:00:19 [STOQ] [http-nio-8080-exec-5] DEBUG o.s.s.a.m.AuthorizationManagerBeforeMethodInterceptor - Authorizing method invocation ReflectiveMethodInvocation: public java.util.List com.Proyecto.stoq.adapters.controllers.ProductosController.obtenerProductosCriticos(); target is of class [com.Proyecto.stoq.adapters.controllers.ProductosController]
2026-05-23 20:00:19 [STOQ] [http-nio-8080-exec-5] DEBUG o.s.s.a.m.AuthorizationManagerBeforeMethodInterceptor - Authorized method invocation ReflectiveMethodInvocation: public java.util.List com.Proyecto.stoq.adapters.controllers.ProductosController.obtenerProductosCriticos(); target is of class [com.Proyecto.stoq.adapters.controllers.ProductosController]
2026-05-23 20:00:19 [STOQ] [http-nio-8080-exec-5] INFO  c.P.s.a.aspects.ApiLoggingAspect - [STOQ-MONITOR] ============================================================
2026-05-23 20:00:19 [STOQ] [http-nio-8080-exec-5] INFO  c.P.s.a.aspects.ApiLoggingAspect - [STOQ-MONITOR] IN  2026-05-23 20:00:19 | GET /api/productos/criticos | user=gerente@gmail.com | ip=0:0:0:0:0:0:0:1 | ua=Mozilla/5.0 (X11; Linux x86_64) AppleWebKit/537.36 (KHTML, like Gecko) Chrome/148.0.0.0 Safari/537.36
2026-05-23 20:00:19 [STOQ] [http-nio-8080-exec-5] DEBUG org.hibernate.SQL - 
    select
        u1_0.id,
        u1_0.contrasena_hash,
        u1_0.correo,
        u1_0.empresa,
        u1_0.estado,
        u1_0.nombre,
        u1_0.rol_id 
    from
        usuarios u1_0 
    where
        u1_0.correo=?
2026-05-23 20:00:19 [STOQ] [http-nio-8080-exec-10] INFO  c.Proyecto.stoq.security.JwtFilter - Authenticated request for email=gerente@gmail.com role=GERENTE path=/api/usuarios/me
2026-05-23 20:00:19 [STOQ] [http-nio-8080-exec-10] DEBUG o.s.security.web.FilterChainProxy - Secured GET /api/usuarios/me
2026-05-23 20:00:19 [STOQ] [http-nio-8080-exec-10] INFO  c.P.s.a.aspects.ApiLoggingAspect - [STOQ-MONITOR] ============================================================
2026-05-23 20:00:19 [STOQ] [http-nio-8080-exec-10] INFO  c.P.s.a.aspects.ApiLoggingAspect - [STOQ-MONITOR] IN  2026-05-23 20:00:19 | GET /api/usuarios/me | user=gerente@gmail.com | ip=0:0:0:0:0:0:0:1 | ua=Mozilla/5.0 (X11; Linux x86_64) AppleWebKit/537.36 (KHTML, like Gecko) Chrome/148.0.0.0 Safari/537.36
2026-05-23 20:00:19 [STOQ] [http-nio-8080-exec-10] DEBUG org.hibernate.SQL - 
    select
        u1_0.id,
        u1_0.contrasena_hash,
        u1_0.correo,
        u1_0.empresa,
        u1_0.estado,
        u1_0.nombre,
        u1_0.rol_id 
    from
        usuarios u1_0 
    where
        u1_0.correo=?
2026-05-23 20:00:19 [STOQ] [http-nio-8080-exec-3] INFO  c.Proyecto.stoq.security.JwtFilter - Authenticated request for email=gerente@gmail.com role=GERENTE path=/api/alertas/resumen
2026-05-23 20:00:19 [STOQ] [http-nio-8080-exec-3] DEBUG o.s.security.web.FilterChainProxy - Secured GET /api/alertas/resumen
2026-05-23 20:00:19 [STOQ] [http-nio-8080-exec-3] INFO  c.P.s.a.aspects.ApiLoggingAspect - [STOQ-MONITOR] ============================================================
2026-05-23 20:00:19 [STOQ] [http-nio-8080-exec-3] INFO  c.P.s.a.aspects.ApiLoggingAspect - [STOQ-MONITOR] IN  2026-05-23 20:00:19 | GET /api/alertas/resumen | user=gerente@gmail.com | ip=0:0:0:0:0:0:0:1 | ua=Mozilla/5.0 (X11; Linux x86_64) AppleWebKit/537.36 (KHTML, like Gecko) Chrome/148.0.0.0 Safari/537.36
2026-05-23 20:00:19 [STOQ] [http-nio-8080-exec-3] DEBUG org.hibernate.SQL - 
    select
        u1_0.id,
        u1_0.contrasena_hash,
        u1_0.correo,
        u1_0.empresa,
        u1_0.estado,
        u1_0.nombre,
        u1_0.rol_id 
    from
        usuarios u1_0 
    where
        u1_0.correo=?
2026-05-23 20:00:19 [STOQ] [http-nio-8080-exec-5] DEBUG org.hibernate.SQL - 
    select
        r1_0.id,
        r1_0.descripcion,
        r1_0.nombre 
    from
        roles r1_0 
    where
        r1_0.id=?
2026-05-23 20:00:19 [STOQ] [http-nio-8080-exec-10] DEBUG org.hibernate.SQL - 
    select
        r1_0.id,
        r1_0.descripcion,
        r1_0.nombre 
    from
        roles r1_0 
    where
        r1_0.id=?
2026-05-23 20:00:19 [STOQ] [http-nio-8080-exec-3] DEBUG org.hibernate.SQL - 
    select
        r1_0.id,
        r1_0.descripcion,
        r1_0.nombre 
    from
        roles r1_0 
    where
        r1_0.id=?
2026-05-23 20:00:19 [STOQ] [http-nio-8080-exec-5] DEBUG org.hibernate.SQL - 
    select
        p1_0.id,
        p1_0.categoria_id,
        p1_0.codigo,
        p1_0.empresa,
        p1_0.estado,
        p1_0.fecha_actualizacion,
        p1_0.fecha_creacion,
        p1_0.nombre,
        p1_0.stock_actual,
        p1_0.stock_minimo,
        p1_0.ubicacion,
        p1_0.unidad_id 
    from
        productos p1_0
2026-05-23 20:00:19 [STOQ] [http-nio-8080-exec-10] INFO  c.P.s.a.aspects.ApiLoggingAspect - [STOQ-MONITOR] OUT GET /api/usuarios/me | status=OK | time=566 ms | endpoint=UsuarioController.obtenerUsuarioAutenticado(..)
2026-05-23 20:00:19 [STOQ] [http-nio-8080-exec-10] INFO  c.P.s.a.aspects.ApiLoggingAspect - [STOQ-MONITOR] ============================================================
2026-05-23 20:00:19 [STOQ] [http-nio-8080-exec-3] DEBUG org.hibernate.SQL - 
    select
        p1_0.id,
        p1_0.categoria_id,
        p1_0.codigo,
        p1_0.empresa,
        p1_0.estado,
        p1_0.fecha_actualizacion,
        p1_0.fecha_creacion,
        p1_0.nombre,
        p1_0.stock_actual,
        p1_0.stock_minimo,
        p1_0.ubicacion,
        p1_0.unidad_id 
    from
        productos p1_0
2026-05-23 20:00:19 [STOQ] [http-nio-8080-exec-5] DEBUG org.hibernate.SQL - 
    select
        c1_0.id,
        c1_0.descripcion,
        c1_0.estado,
        c1_0.fecha_creacion,
        c1_0.nombre 
    from
        categorias c1_0 
    where
        c1_0.id=?
2026-05-23 20:00:20 [STOQ] [http-nio-8080-exec-3] DEBUG org.hibernate.SQL - 
    select
        c1_0.id,
        c1_0.descripcion,
        c1_0.estado,
        c1_0.fecha_creacion,
        c1_0.nombre 
    from
        categorias c1_0 
    where
        c1_0.id=?
2026-05-23 20:00:20 [STOQ] [http-nio-8080-exec-5] DEBUG org.hibernate.SQL - 
    select
        u1_0.id,
        u1_0.abreviatura,
        u1_0.estado,
        u1_0.nombre 
    from
        unidades u1_0 
    where
        u1_0.id=?
2026-05-23 20:00:20 [STOQ] [http-nio-8080-exec-3] DEBUG org.hibernate.SQL - 
    select
        u1_0.id,
        u1_0.abreviatura,
        u1_0.estado,
        u1_0.nombre 
    from
        unidades u1_0 
    where
        u1_0.id=?
2026-05-23 20:00:20 [STOQ] [http-nio-8080-exec-5] DEBUG org.hibernate.SQL - 
    select
        u1_0.id,
        u1_0.abreviatura,
        u1_0.estado,
        u1_0.nombre 
    from
        unidades u1_0 
    where
        u1_0.id=?
2026-05-23 20:00:20 [STOQ] [http-nio-8080-exec-3] DEBUG org.hibernate.SQL - 
    select
        u1_0.id,
        u1_0.abreviatura,
        u1_0.estado,
        u1_0.nombre 
    from
        unidades u1_0 
    where
        u1_0.id=?
2026-05-23 20:00:20 [STOQ] [http-nio-8080-exec-5] DEBUG org.hibernate.SQL - 
    select
        u1_0.id,
        u1_0.abreviatura,
        u1_0.estado,
        u1_0.nombre 
    from
        unidades u1_0 
    where
        u1_0.id=?
2026-05-23 20:00:20 [STOQ] [http-nio-8080-exec-3] DEBUG org.hibernate.SQL - 
    select
        u1_0.id,
        u1_0.abreviatura,
        u1_0.estado,
        u1_0.nombre 
    from
        unidades u1_0 
    where
        u1_0.id=?
2026-05-23 20:00:20 [STOQ] [http-nio-8080-exec-5] DEBUG org.hibernate.SQL - 
    select
        u1_0.id,
        u1_0.abreviatura,
        u1_0.estado,
        u1_0.nombre 
    from
        unidades u1_0 
    where
        u1_0.id=?
2026-05-23 20:00:21 [STOQ] [http-nio-8080-exec-3] DEBUG org.hibernate.SQL - 
    select
        u1_0.id,
        u1_0.abreviatura,
        u1_0.estado,
        u1_0.nombre 
    from
        unidades u1_0 
    where
        u1_0.id=?
2026-05-23 20:00:21 [STOQ] [http-nio-8080-exec-5] DEBUG org.hibernate.SQL - 
    select
        c1_0.id,
        c1_0.descripcion,
        c1_0.estado,
        c1_0.fecha_creacion,
        c1_0.nombre 
    from
        categorias c1_0 
    where
        c1_0.id=?
2026-05-23 20:00:21 [STOQ] [http-nio-8080-exec-3] DEBUG org.hibernate.SQL - 
    select
        c1_0.id,
        c1_0.descripcion,
        c1_0.estado,
        c1_0.fecha_creacion,
        c1_0.nombre 
    from
        categorias c1_0 
    where
        c1_0.id=?
2026-05-23 20:00:21 [STOQ] [http-nio-8080-exec-5] DEBUG org.hibernate.SQL - 
    select
        c1_0.id,
        c1_0.descripcion,
        c1_0.estado,
        c1_0.fecha_creacion,
        c1_0.nombre 
    from
        categorias c1_0 
    where
        c1_0.id=?
2026-05-23 20:00:21 [STOQ] [http-nio-8080-exec-3] DEBUG org.hibernate.SQL - 
    select
        c1_0.id,
        c1_0.descripcion,
        c1_0.estado,
        c1_0.fecha_creacion,
        c1_0.nombre 
    from
        categorias c1_0 
    where
        c1_0.id=?
2026-05-23 20:00:21 [STOQ] [http-nio-8080-exec-5] DEBUG org.hibernate.SQL - 
    select
        c1_0.id,
        c1_0.descripcion,
        c1_0.estado,
        c1_0.fecha_creacion,
        c1_0.nombre 
    from
        categorias c1_0 
    where
        c1_0.id=?
2026-05-23 20:00:22 [STOQ] [http-nio-8080-exec-3] DEBUG org.hibernate.SQL - 
    select
        c1_0.id,
        c1_0.descripcion,
        c1_0.estado,
        c1_0.fecha_creacion,
        c1_0.nombre 
    from
        categorias c1_0 
    where
        c1_0.id=?
2026-05-23 20:00:22 [STOQ] [http-nio-8080-exec-5] INFO  c.P.s.a.aspects.ApiLoggingAspect - [STOQ-MONITOR] OUT GET /api/productos/criticos | status=OK | time=3247 ms | endpoint=ProductosController.obtenerProductosCriticos()
2026-05-23 20:00:22 [STOQ] [http-nio-8080-exec-5] INFO  c.P.s.a.aspects.ApiLoggingAspect - [STOQ-MONITOR] ============================================================
2026-05-23 20:00:22 [STOQ] [http-nio-8080-exec-4] DEBUG o.s.security.web.FilterChainProxy - Securing GET /api/productos/criticos
2026-05-23 20:00:22 [STOQ] [http-nio-8080-exec-4] DEBUG org.hibernate.SQL - 
    select
        u1_0.id,
        u1_0.contrasena_hash,
        u1_0.correo,
        u1_0.empresa,
        u1_0.estado,
        u1_0.nombre,
        u1_0.rol_id 
    from
        usuarios u1_0 
    where
        u1_0.correo=?
2026-05-23 20:00:22 [STOQ] [http-nio-8080-exec-4] DEBUG org.hibernate.SQL - 
    select
        r1_0.id,
        r1_0.descripcion,
        r1_0.nombre 
    from
        roles r1_0 
    where
        r1_0.id=?
2026-05-23 20:00:22 [STOQ] [http-nio-8080-exec-3] DEBUG org.hibernate.SQL - 
    select
        a1_0.id,
        a1_0.fecha,
        a1_0.leida,
        a1_0.mensaje,
        a1_0.producto_id,
        p1_0.id,
        p1_0.categoria_id,
        c1_0.id,
        c1_0.descripcion,
        c1_0.estado,
        c1_0.fecha_creacion,
        c1_0.nombre,
        p1_0.codigo,
        p1_0.empresa,
        p1_0.estado,
        p1_0.fecha_actualizacion,
        p1_0.fecha_creacion,
        p1_0.nombre,
        p1_0.stock_actual,
        p1_0.stock_minimo,
        p1_0.ubicacion,
        p1_0.unidad_id,
        a1_0.tipo 
    from
        alertas a1_0 
    join
        productos p1_0 
            on p1_0.id=a1_0.producto_id 
    join
        categorias c1_0 
            on c1_0.id=p1_0.categoria_id
2026-05-23 20:00:22 [STOQ] [http-nio-8080-exec-4] INFO  c.Proyecto.stoq.security.JwtFilter - Authenticated request for email=gerente@gmail.com role=GERENTE path=/api/productos/criticos
2026-05-23 20:00:22 [STOQ] [http-nio-8080-exec-4] DEBUG o.s.security.web.FilterChainProxy - Secured GET /api/productos/criticos
2026-05-23 20:00:22 [STOQ] [http-nio-8080-exec-4] DEBUG o.s.s.a.m.AuthorizationManagerBeforeMethodInterceptor - Authorizing method invocation ReflectiveMethodInvocation: public java.util.List com.Proyecto.stoq.adapters.controllers.ProductosController.obtenerProductosCriticos(); target is of class [com.Proyecto.stoq.adapters.controllers.ProductosController]
2026-05-23 20:00:22 [STOQ] [http-nio-8080-exec-4] DEBUG o.s.s.a.m.AuthorizationManagerBeforeMethodInterceptor - Authorized method invocation ReflectiveMethodInvocation: public java.util.List com.Proyecto.stoq.adapters.controllers.ProductosController.obtenerProductosCriticos(); target is of class [com.Proyecto.stoq.adapters.controllers.ProductosController]
2026-05-23 20:00:22 [STOQ] [http-nio-8080-exec-4] INFO  c.P.s.a.aspects.ApiLoggingAspect - [STOQ-MONITOR] ============================================================
2026-05-23 20:00:22 [STOQ] [http-nio-8080-exec-4] INFO  c.P.s.a.aspects.ApiLoggingAspect - [STOQ-MONITOR] IN  2026-05-23 20:00:22 | GET /api/productos/criticos | user=gerente@gmail.com | ip=0:0:0:0:0:0:0:1 | ua=Mozilla/5.0 (X11; Linux x86_64) AppleWebKit/537.36 (KHTML, like Gecko) Chrome/148.0.0.0 Safari/537.36
2026-05-23 20:00:22 [STOQ] [http-nio-8080-exec-4] DEBUG org.hibernate.SQL - 
    select
        u1_0.id,
        u1_0.contrasena_hash,
        u1_0.correo,
        u1_0.empresa,
        u1_0.estado,
        u1_0.nombre,
        u1_0.rol_id 
    from
        usuarios u1_0 
    where
        u1_0.correo=?
2026-05-23 20:00:23 [STOQ] [http-nio-8080-exec-4] DEBUG org.hibernate.SQL - 
    select
        r1_0.id,
        r1_0.descripcion,
        r1_0.nombre 
    from
        roles r1_0 
    where
        r1_0.id=?
2026-05-23 20:00:23 [STOQ] [http-nio-8080-exec-3] DEBUG org.hibernate.SQL - 
    select
        a1_0.id,
        a1_0.fecha,
        a1_0.leida,
        a1_0.mensaje,
        a1_0.producto_id,
        p1_0.id,
        p1_0.categoria_id,
        c1_0.id,
        c1_0.descripcion,
        c1_0.estado,
        c1_0.fecha_creacion,
        c1_0.nombre,
        p1_0.codigo,
        p1_0.empresa,
        p1_0.estado,
        p1_0.fecha_actualizacion,
        p1_0.fecha_creacion,
        p1_0.nombre,
        p1_0.stock_actual,
        p1_0.stock_minimo,
        p1_0.ubicacion,
        p1_0.unidad_id,
        a1_0.tipo 
    from
        alertas a1_0 
    join
        productos p1_0 
            on p1_0.id=a1_0.producto_id 
    join
        categorias c1_0 
            on c1_0.id=p1_0.categoria_id
2026-05-23 20:00:23 [STOQ] [http-nio-8080-exec-4] DEBUG org.hibernate.SQL - 
    select
        p1_0.id,
        p1_0.categoria_id,
        p1_0.codigo,
        p1_0.empresa,
        p1_0.estado,
        p1_0.fecha_actualizacion,
        p1_0.fecha_creacion,
        p1_0.nombre,
        p1_0.stock_actual,
        p1_0.stock_minimo,
        p1_0.ubicacion,
        p1_0.unidad_id 
    from
        productos p1_0
2026-05-23 20:00:23 [STOQ] [http-nio-8080-exec-3] INFO  c.P.s.a.aspects.ApiLoggingAspect - [STOQ-MONITOR] OUT GET /api/alertas/resumen | status=OK | time=4541 ms | endpoint=AlertaController.obtenerResumen()
2026-05-23 20:00:23 [STOQ] [http-nio-8080-exec-3] INFO  c.P.s.a.aspects.ApiLoggingAspect - [STOQ-MONITOR] ============================================================
2026-05-23 20:00:23 [STOQ] [http-nio-8080-exec-4] DEBUG org.hibernate.SQL - 
    select
        c1_0.id,
        c1_0.descripcion,
        c1_0.estado,
        c1_0.fecha_creacion,
        c1_0.nombre 
    from
        categorias c1_0 
    where
        c1_0.id=?
2026-05-23 20:00:24 [STOQ] [http-nio-8080-exec-4] DEBUG org.hibernate.SQL - 
    select
        u1_0.id,
        u1_0.abreviatura,
        u1_0.estado,
        u1_0.nombre 
    from
        unidades u1_0 
    where
        u1_0.id=?
2026-05-23 20:00:24 [STOQ] [http-nio-8080-exec-4] DEBUG org.hibernate.SQL - 
    select
        u1_0.id,
        u1_0.abreviatura,
        u1_0.estado,
        u1_0.nombre 
    from
        unidades u1_0 
    where
        u1_0.id=?
2026-05-23 20:00:24 [STOQ] [http-nio-8080-exec-4] DEBUG org.hibernate.SQL - 
    select
        u1_0.id,
        u1_0.abreviatura,
        u1_0.estado,
        u1_0.nombre 
    from
        unidades u1_0 
    where
        u1_0.id=?
2026-05-23 20:00:24 [STOQ] [http-nio-8080-exec-4] DEBUG org.hibernate.SQL - 
    select
        u1_0.id,
        u1_0.abreviatura,
        u1_0.estado,
        u1_0.nombre 
    from
        unidades u1_0 
    where
        u1_0.id=?
2026-05-23 20:00:25 [STOQ] [http-nio-8080-exec-4] DEBUG org.hibernate.SQL - 
    select
        c1_0.id,
        c1_0.descripcion,
        c1_0.estado,
        c1_0.fecha_creacion,
        c1_0.nombre 
    from
        categorias c1_0 
    where
        c1_0.id=?
2026-05-23 20:00:25 [STOQ] [http-nio-8080-exec-4] DEBUG org.hibernate.SQL - 
    select
        c1_0.id,
        c1_0.descripcion,
        c1_0.estado,
        c1_0.fecha_creacion,
        c1_0.nombre 
    from
        categorias c1_0 
    where
        c1_0.id=?
2026-05-23 20:00:25 [STOQ] [http-nio-8080-exec-4] DEBUG org.hibernate.SQL - 
    select
        c1_0.id,
        c1_0.descripcion,
        c1_0.estado,
        c1_0.fecha_creacion,
        c1_0.nombre 
    from
        categorias c1_0 
    where
        c1_0.id=?
2026-05-23 20:00:26 [STOQ] [http-nio-8080-exec-4] INFO  c.P.s.a.aspects.ApiLoggingAspect - [STOQ-MONITOR] OUT GET /api/productos/criticos | status=OK | time=3531 ms | endpoint=ProductosController.obtenerProductosCriticos()
2026-05-23 20:00:26 [STOQ] [http-nio-8080-exec-4] INFO  c.P.s.a.aspects.ApiLoggingAspect - [STOQ-MONITOR] ============================================================
2026-05-23 20:01:33 [STOQ] [http-nio-8080-exec-2] DEBUG o.s.security.web.FilterChainProxy - Securing OPTIONS /api/reportes/categorias?inicio=2026-04-24&fin=2026-05-23
2026-05-23 20:01:33 [STOQ] [http-nio-8080-exec-1] DEBUG o.s.security.web.FilterChainProxy - Securing GET /api/reportes/categorias?inicio=2026-04-24&fin=2026-05-23
2026-05-23 20:01:33 [STOQ] [http-nio-8080-exec-1] DEBUG org.hibernate.SQL - 
    select
        u1_0.id,
        u1_0.contrasena_hash,
        u1_0.correo,
        u1_0.empresa,
        u1_0.estado,
        u1_0.nombre,
        u1_0.rol_id 
    from
        usuarios u1_0 
    where
        u1_0.correo=?
2026-05-23 20:01:34 [STOQ] [http-nio-8080-exec-1] DEBUG org.hibernate.SQL - 
    select
        r1_0.id,
        r1_0.descripcion,
        r1_0.nombre 
    from
        roles r1_0 
    where
        r1_0.id=?
2026-05-23 20:01:34 [STOQ] [http-nio-8080-exec-1] INFO  c.Proyecto.stoq.security.JwtFilter - Authenticated request for email=gerente@gmail.com role=GERENTE path=/api/reportes/categorias
2026-05-23 20:01:34 [STOQ] [http-nio-8080-exec-1] DEBUG o.s.security.web.FilterChainProxy - Secured GET /api/reportes/categorias?inicio=2026-04-24&fin=2026-05-23
2026-05-23 20:01:34 [STOQ] [http-nio-8080-exec-1] INFO  c.P.s.a.aspects.ApiLoggingAspect - [STOQ-MONITOR] ============================================================
2026-05-23 20:01:34 [STOQ] [http-nio-8080-exec-1] INFO  c.P.s.a.aspects.ApiLoggingAspect - [STOQ-MONITOR] IN  2026-05-23 20:01:34 | GET /api/reportes/categorias | user=gerente@gmail.com | ip=0:0:0:0:0:0:0:1 | ua=Mozilla/5.0 (X11; Linux x86_64) AppleWebKit/537.36 (KHTML, like Gecko) Chrome/148.0.0.0 Safari/537.36
2026-05-23 20:01:34 [STOQ] [http-nio-8080-exec-1] DEBUG org.hibernate.SQL - 
    select
        u1_0.id,
        u1_0.contrasena_hash,
        u1_0.correo,
        u1_0.empresa,
        u1_0.estado,
        u1_0.nombre,
        u1_0.rol_id 
    from
        usuarios u1_0 
    where
        u1_0.correo=?
2026-05-23 20:01:34 [STOQ] [http-nio-8080-exec-1] DEBUG org.hibernate.SQL - 
    select
        r1_0.id,
        r1_0.descripcion,
        r1_0.nombre 
    from
        roles r1_0 
    where
        r1_0.id=?
2026-05-23 20:01:35 [STOQ] [http-nio-8080-exec-1] DEBUG org.hibernate.SQL - 
    select
        c1_0.id,
        c1_0.nombre,
        count(p1_0.id),
        coalesce(sum(coalesce(p1_0.stock_actual, 0)), cast(0 as bigint)),
        coalesce(sum(coalesce(p1_0.stock_minimo, 0)), cast(0 as bigint)),
        cast(0 as bigint),
        cast(0 as bigint),
        cast(0 as bigint),
        cast(0 as bigint),
        cast(0 as bigint),
        cast(0 as bigint) 
    from
        productos p1_0 
    join
        categorias c1_0 
            on c1_0.id=p1_0.categoria_id 
    where
        p1_0.empresa=? 
        and p1_0.estado=true 
    group by
        c1_0.id,
        c1_0.nombre 
    order by
        c1_0.nombre
2026-05-23 20:01:35 [STOQ] [http-nio-8080-exec-1] DEBUG org.hibernate.SQL - 
    select
        c1_0.id,
        c1_0.nombre,
        cast(0 as bigint),
        cast(0 as bigint),
        cast(0 as bigint),
        count(mi1_0.id),
        coalesce(sum(mi1_0.cantidad), cast(0 as bigint)),
        coalesce(sum(case 
            when upper(mi1_0.tipo_movimiento)='ENTRADA' 
                then 1 
            else 0 
    end), cast(0 as bigint)),
    coalesce(sum(case 
        when upper(mi1_0.tipo_movimiento)='SALIDA' 
            then 1 
        else 0 
end), cast(0 as bigint)),
coalesce(sum(case 
    when upper(mi1_0.tipo_movimiento)='ENTRADA' 
        then mi1_0.cantidad 
    else 0 
end), cast(0 as bigint)),
coalesce(sum(case 
    when upper(mi1_0.tipo_movimiento)='SALIDA' 
        then mi1_0.cantidad 
    else 0 
end), cast(0 as bigint)) 
from
    movimientos_inventario mi1_0 
join
    productos p1_0 
        on p1_0.id=mi1_0.producto_id 
join
    categorias c1_0 
        on c1_0.id=p1_0.categoria_id 
where
    p1_0.empresa=? 
    and mi1_0.fecha_movimiento between ? and ? 
group by
    c1_0.id,
    c1_0.nombre 
order by
    c1_0.nombre
2026-05-23 20:01:35 [STOQ] [http-nio-8080-exec-1] INFO  c.P.s.a.aspects.ApiLoggingAspect - [STOQ-MONITOR] OUT GET /api/reportes/categorias | status=OK | time=1483 ms | endpoint=ReportesController.obtenerReporteCategorias(..)
2026-05-23 20:01:35 [STOQ] [http-nio-8080-exec-1] INFO  c.P.s.a.aspects.ApiLoggingAspect - [STOQ-MONITOR] ============================================================
2026-05-23 20:02:49 [STOQ] [http-nio-8080-exec-5] DEBUG o.s.security.web.FilterChainProxy - Securing OPTIONS /api/usuarios/me
2026-05-23 20:02:49 [STOQ] [http-nio-8080-exec-3] DEBUG o.s.security.web.FilterChainProxy - Securing GET /api/usuarios/me
2026-05-23 20:02:49 [STOQ] [http-nio-8080-exec-3] DEBUG org.hibernate.SQL - 
    select
        u1_0.id,
        u1_0.contrasena_hash,
        u1_0.correo,
        u1_0.empresa,
        u1_0.estado,
        u1_0.nombre,
        u1_0.rol_id 
    from
        usuarios u1_0 
    where
        u1_0.correo=?
2026-05-23 20:02:49 [STOQ] [http-nio-8080-exec-4] DEBUG o.s.security.web.FilterChainProxy - Securing OPTIONS /api/alertas/resumen
2026-05-23 20:02:49 [STOQ] [http-nio-8080-exec-7] DEBUG o.s.security.web.FilterChainProxy - Securing OPTIONS /api/productos/criticos
2026-05-23 20:02:49 [STOQ] [http-nio-8080-exec-9] DEBUG o.s.security.web.FilterChainProxy - Securing OPTIONS /api/productos/criticos
2026-05-23 20:02:49 [STOQ] [http-nio-8080-exec-6] DEBUG o.s.security.web.FilterChainProxy - Securing GET /api/alertas/resumen
2026-05-23 20:02:49 [STOQ] [http-nio-8080-exec-8] DEBUG o.s.security.web.FilterChainProxy - Securing GET /api/productos/criticos
2026-05-23 20:02:49 [STOQ] [http-nio-8080-exec-6] DEBUG org.hibernate.SQL - 
    select
        u1_0.id,
        u1_0.contrasena_hash,
        u1_0.correo,
        u1_0.empresa,
        u1_0.estado,
        u1_0.nombre,
        u1_0.rol_id 
    from
        usuarios u1_0 
    where
        u1_0.correo=?
2026-05-23 20:02:49 [STOQ] [http-nio-8080-exec-8] DEBUG org.hibernate.SQL - 
    select
        u1_0.id,
        u1_0.contrasena_hash,
        u1_0.correo,
        u1_0.empresa,
        u1_0.estado,
        u1_0.nombre,
        u1_0.rol_id 
    from
        usuarios u1_0 
    where
        u1_0.correo=?
2026-05-23 20:02:50 [STOQ] [http-nio-8080-exec-3] DEBUG org.hibernate.SQL - 
    select
        r1_0.id,
        r1_0.descripcion,
        r1_0.nombre 
    from
        roles r1_0 
    where
        r1_0.id=?
2026-05-23 20:02:50 [STOQ] [http-nio-8080-exec-8] DEBUG org.hibernate.SQL - 
    select
        r1_0.id,
        r1_0.descripcion,
        r1_0.nombre 
    from
        roles r1_0 
    where
        r1_0.id=?
2026-05-23 20:02:50 [STOQ] [http-nio-8080-exec-6] DEBUG org.hibernate.SQL - 
    select
        r1_0.id,
        r1_0.descripcion,
        r1_0.nombre 
    from
        roles r1_0 
    where
        r1_0.id=?
2026-05-23 20:02:50 [STOQ] [http-nio-8080-exec-3] INFO  c.Proyecto.stoq.security.JwtFilter - Authenticated request for email=gerente@gmail.com role=GERENTE path=/api/usuarios/me
2026-05-23 20:02:50 [STOQ] [http-nio-8080-exec-3] DEBUG o.s.security.web.FilterChainProxy - Secured GET /api/usuarios/me
2026-05-23 20:02:50 [STOQ] [http-nio-8080-exec-3] INFO  c.P.s.a.aspects.ApiLoggingAspect - [STOQ-MONITOR] ============================================================
2026-05-23 20:02:50 [STOQ] [http-nio-8080-exec-3] INFO  c.P.s.a.aspects.ApiLoggingAspect - [STOQ-MONITOR] IN  2026-05-23 20:02:50 | GET /api/usuarios/me | user=gerente@gmail.com | ip=0:0:0:0:0:0:0:1 | ua=Mozilla/5.0 (X11; Linux x86_64) AppleWebKit/537.36 (KHTML, like Gecko) Chrome/148.0.0.0 Safari/537.36
2026-05-23 20:02:50 [STOQ] [http-nio-8080-exec-3] DEBUG org.hibernate.SQL - 
    select
        u1_0.id,
        u1_0.contrasena_hash,
        u1_0.correo,
        u1_0.empresa,
        u1_0.estado,
        u1_0.nombre,
        u1_0.rol_id 
    from
        usuarios u1_0 
    where
        u1_0.correo=?
2026-05-23 20:02:50 [STOQ] [http-nio-8080-exec-6] INFO  c.Proyecto.stoq.security.JwtFilter - Authenticated request for email=gerente@gmail.com role=GERENTE path=/api/alertas/resumen
2026-05-23 20:02:50 [STOQ] [http-nio-8080-exec-8] INFO  c.Proyecto.stoq.security.JwtFilter - Authenticated request for email=gerente@gmail.com role=GERENTE path=/api/productos/criticos
2026-05-23 20:02:50 [STOQ] [http-nio-8080-exec-3] DEBUG org.hibernate.SQL - 
    select
        r1_0.id,
        r1_0.descripcion,
        r1_0.nombre 
    from
        roles r1_0 
    where
        r1_0.id=?
2026-05-23 20:02:50 [STOQ] [http-nio-8080-exec-6] DEBUG o.s.security.web.FilterChainProxy - Secured GET /api/alertas/resumen
2026-05-23 20:02:50 [STOQ] [http-nio-8080-exec-6] INFO  c.P.s.a.aspects.ApiLoggingAspect - [STOQ-MONITOR] ============================================================
2026-05-23 20:02:50 [STOQ] [http-nio-8080-exec-6] INFO  c.P.s.a.aspects.ApiLoggingAspect - [STOQ-MONITOR] IN  2026-05-23 20:02:50 | GET /api/alertas/resumen | user=gerente@gmail.com | ip=0:0:0:0:0:0:0:1 | ua=Mozilla/5.0 (X11; Linux x86_64) AppleWebKit/537.36 (KHTML, like Gecko) Chrome/148.0.0.0 Safari/537.36
2026-05-23 20:02:50 [STOQ] [http-nio-8080-exec-8] DEBUG o.s.security.web.FilterChainProxy - Secured GET /api/productos/criticos
2026-05-23 20:02:50 [STOQ] [http-nio-8080-exec-6] DEBUG org.hibernate.SQL - 
    select
        u1_0.id,
        u1_0.contrasena_hash,
        u1_0.correo,
        u1_0.empresa,
        u1_0.estado,
        u1_0.nombre,
        u1_0.rol_id 
    from
        usuarios u1_0 
    where
        u1_0.correo=?
2026-05-23 20:02:50 [STOQ] [http-nio-8080-exec-8] DEBUG o.s.s.a.m.AuthorizationManagerBeforeMethodInterceptor - Authorizing method invocation ReflectiveMethodInvocation: public java.util.List com.Proyecto.stoq.adapters.controllers.ProductosController.obtenerProductosCriticos(); target is of class [com.Proyecto.stoq.adapters.controllers.ProductosController]
2026-05-23 20:02:50 [STOQ] [http-nio-8080-exec-8] DEBUG o.s.s.a.m.AuthorizationManagerBeforeMethodInterceptor - Authorized method invocation ReflectiveMethodInvocation: public java.util.List com.Proyecto.stoq.adapters.controllers.ProductosController.obtenerProductosCriticos(); target is of class [com.Proyecto.stoq.adapters.controllers.ProductosController]
2026-05-23 20:02:50 [STOQ] [http-nio-8080-exec-8] INFO  c.P.s.a.aspects.ApiLoggingAspect - [STOQ-MONITOR] ============================================================
2026-05-23 20:02:50 [STOQ] [http-nio-8080-exec-8] INFO  c.P.s.a.aspects.ApiLoggingAspect - [STOQ-MONITOR] IN  2026-05-23 20:02:50 | GET /api/productos/criticos | user=gerente@gmail.com | ip=0:0:0:0:0:0:0:1 | ua=Mozilla/5.0 (X11; Linux x86_64) AppleWebKit/537.36 (KHTML, like Gecko) Chrome/148.0.0.0 Safari/537.36
2026-05-23 20:02:50 [STOQ] [http-nio-8080-exec-8] DEBUG org.hibernate.SQL - 
    select
        u1_0.id,
        u1_0.contrasena_hash,
        u1_0.correo,
        u1_0.empresa,
        u1_0.estado,
        u1_0.nombre,
        u1_0.rol_id 
    from
        usuarios u1_0 
    where
        u1_0.correo=?
2026-05-23 20:02:51 [STOQ] [http-nio-8080-exec-3] INFO  c.P.s.a.aspects.ApiLoggingAspect - [STOQ-MONITOR] OUT GET /api/usuarios/me | status=OK | time=561 ms | endpoint=UsuarioController.obtenerUsuarioAutenticado(..)
2026-05-23 20:02:51 [STOQ] [http-nio-8080-exec-3] INFO  c.P.s.a.aspects.ApiLoggingAspect - [STOQ-MONITOR] ============================================================
2026-05-23 20:02:51 [STOQ] [http-nio-8080-exec-6] DEBUG org.hibernate.SQL - 
    select
        r1_0.id,
        r1_0.descripcion,
        r1_0.nombre 
    from
        roles r1_0 
    where
        r1_0.id=?
2026-05-23 20:02:51 [STOQ] [http-nio-8080-exec-8] DEBUG org.hibernate.SQL - 
    select
        r1_0.id,
        r1_0.descripcion,
        r1_0.nombre 
    from
        roles r1_0 
    where
        r1_0.id=?
2026-05-23 20:02:51 [STOQ] [http-nio-8080-exec-8] DEBUG org.hibernate.SQL - 
    select
        p1_0.id,
        p1_0.categoria_id,
        p1_0.codigo,
        p1_0.empresa,
        p1_0.estado,
        p1_0.fecha_actualizacion,
        p1_0.fecha_creacion,
        p1_0.nombre,
        p1_0.stock_actual,
        p1_0.stock_minimo,
        p1_0.ubicacion,
        p1_0.unidad_id 
    from
        productos p1_0
2026-05-23 20:02:51 [STOQ] [http-nio-8080-exec-6] DEBUG org.hibernate.SQL - 
    select
        p1_0.id,
        p1_0.categoria_id,
        p1_0.codigo,
        p1_0.empresa,
        p1_0.estado,
        p1_0.fecha_actualizacion,
        p1_0.fecha_creacion,
        p1_0.nombre,
        p1_0.stock_actual,
        p1_0.stock_minimo,
        p1_0.ubicacion,
        p1_0.unidad_id 
    from
        productos p1_0
2026-05-23 20:02:51 [STOQ] [http-nio-8080-exec-8] DEBUG org.hibernate.SQL - 
    select
        c1_0.id,
        c1_0.descripcion,
        c1_0.estado,
        c1_0.fecha_creacion,
        c1_0.nombre 
    from
        categorias c1_0 
    where
        c1_0.id=?
2026-05-23 20:02:51 [STOQ] [http-nio-8080-exec-6] DEBUG org.hibernate.SQL - 
    select
        c1_0.id,
        c1_0.descripcion,
        c1_0.estado,
        c1_0.fecha_creacion,
        c1_0.nombre 
    from
        categorias c1_0 
    where
        c1_0.id=?
2026-05-23 20:02:52 [STOQ] [http-nio-8080-exec-8] DEBUG org.hibernate.SQL - 
    select
        u1_0.id,
        u1_0.abreviatura,
        u1_0.estado,
        u1_0.nombre 
    from
        unidades u1_0 
    where
        u1_0.id=?
2026-05-23 20:02:52 [STOQ] [http-nio-8080-exec-6] DEBUG org.hibernate.SQL - 
    select
        u1_0.id,
        u1_0.abreviatura,
        u1_0.estado,
        u1_0.nombre 
    from
        unidades u1_0 
    where
        u1_0.id=?
2026-05-23 20:02:52 [STOQ] [http-nio-8080-exec-8] DEBUG org.hibernate.SQL - 
    select
        u1_0.id,
        u1_0.abreviatura,
        u1_0.estado,
        u1_0.nombre 
    from
        unidades u1_0 
    where
        u1_0.id=?
2026-05-23 20:02:52 [STOQ] [http-nio-8080-exec-6] DEBUG org.hibernate.SQL - 
    select
        u1_0.id,
        u1_0.abreviatura,
        u1_0.estado,
        u1_0.nombre 
    from
        unidades u1_0 
    where
        u1_0.id=?
2026-05-23 20:02:52 [STOQ] [http-nio-8080-exec-8] DEBUG org.hibernate.SQL - 
    select
        u1_0.id,
        u1_0.abreviatura,
        u1_0.estado,
        u1_0.nombre 
    from
        unidades u1_0 
    where
        u1_0.id=?
2026-05-23 20:02:52 [STOQ] [http-nio-8080-exec-6] DEBUG org.hibernate.SQL - 
    select
        u1_0.id,
        u1_0.abreviatura,
        u1_0.estado,
        u1_0.nombre 
    from
        unidades u1_0 
    where
        u1_0.id=?
2026-05-23 20:02:53 [STOQ] [http-nio-8080-exec-6] DEBUG org.hibernate.SQL - 
    select
        u1_0.id,
        u1_0.abreviatura,
        u1_0.estado,
        u1_0.nombre 
    from
        unidades u1_0 
    where
        u1_0.id=?
2026-05-23 20:02:53 [STOQ] [http-nio-8080-exec-8] DEBUG org.hibernate.SQL - 
    select
        u1_0.id,
        u1_0.abreviatura,
        u1_0.estado,
        u1_0.nombre 
    from
        unidades u1_0 
    where
        u1_0.id=?
2026-05-23 20:02:53 [STOQ] [http-nio-8080-exec-6] DEBUG org.hibernate.SQL - 
    select
        c1_0.id,
        c1_0.descripcion,
        c1_0.estado,
        c1_0.fecha_creacion,
        c1_0.nombre 
    from
        categorias c1_0 
    where
        c1_0.id=?
2026-05-23 20:02:53 [STOQ] [http-nio-8080-exec-8] DEBUG org.hibernate.SQL - 
    select
        c1_0.id,
        c1_0.descripcion,
        c1_0.estado,
        c1_0.fecha_creacion,
        c1_0.nombre 
    from
        categorias c1_0 
    where
        c1_0.id=?
2026-05-23 20:02:53 [STOQ] [http-nio-8080-exec-2] DEBUG o.s.security.web.FilterChainProxy - Securing OPTIONS /api/reportes/categorias?inicio=2026-04-24&fin=2026-05-23
2026-05-23 20:02:53 [STOQ] [http-nio-8080-exec-1] DEBUG o.s.security.web.FilterChainProxy - Securing GET /api/reportes/categorias?inicio=2026-04-24&fin=2026-05-23
2026-05-23 20:02:53 [STOQ] [http-nio-8080-exec-1] DEBUG org.hibernate.SQL - 
    select
        u1_0.id,
        u1_0.contrasena_hash,
        u1_0.correo,
        u1_0.empresa,
        u1_0.estado,
        u1_0.nombre,
        u1_0.rol_id 
    from
        usuarios u1_0 
    where
        u1_0.correo=?
2026-05-23 20:02:53 [STOQ] [http-nio-8080-exec-6] DEBUG org.hibernate.SQL - 
    select
        c1_0.id,
        c1_0.descripcion,
        c1_0.estado,
        c1_0.fecha_creacion,
        c1_0.nombre 
    from
        categorias c1_0 
    where
        c1_0.id=?
2026-05-23 20:02:53 [STOQ] [http-nio-8080-exec-8] DEBUG org.hibernate.SQL - 
    select
        c1_0.id,
        c1_0.descripcion,
        c1_0.estado,
        c1_0.fecha_creacion,
        c1_0.nombre 
    from
        categorias c1_0 
    where
        c1_0.id=?
2026-05-23 20:02:53 [STOQ] [http-nio-8080-exec-6] DEBUG org.hibernate.SQL - 
    select
        c1_0.id,
        c1_0.descripcion,
        c1_0.estado,
        c1_0.fecha_creacion,
        c1_0.nombre 
    from
        categorias c1_0 
    where
        c1_0.id=?
2026-05-23 20:02:53 [STOQ] [http-nio-8080-exec-8] DEBUG org.hibernate.SQL - 
    select
        c1_0.id,
        c1_0.descripcion,
        c1_0.estado,
        c1_0.fecha_creacion,
        c1_0.nombre 
    from
        categorias c1_0 
    where
        c1_0.id=?
2026-05-23 20:02:54 [STOQ] [http-nio-8080-exec-1] DEBUG org.hibernate.SQL - 
    select
        r1_0.id,
        r1_0.descripcion,
        r1_0.nombre 
    from
        roles r1_0 
    where
        r1_0.id=?
2026-05-23 20:02:54 [STOQ] [http-nio-8080-exec-1] INFO  c.Proyecto.stoq.security.JwtFilter - Authenticated request for email=gerente@gmail.com role=GERENTE path=/api/reportes/categorias
2026-05-23 20:02:54 [STOQ] [http-nio-8080-exec-1] DEBUG o.s.security.web.FilterChainProxy - Secured GET /api/reportes/categorias?inicio=2026-04-24&fin=2026-05-23
2026-05-23 20:02:54 [STOQ] [http-nio-8080-exec-1] INFO  c.P.s.a.aspects.ApiLoggingAspect - [STOQ-MONITOR] ============================================================
2026-05-23 20:02:54 [STOQ] [http-nio-8080-exec-1] INFO  c.P.s.a.aspects.ApiLoggingAspect - [STOQ-MONITOR] IN  2026-05-23 20:02:54 | GET /api/reportes/categorias | user=gerente@gmail.com | ip=0:0:0:0:0:0:0:1 | ua=Mozilla/5.0 (X11; Linux x86_64) AppleWebKit/537.36 (KHTML, like Gecko) Chrome/148.0.0.0 Safari/537.36
2026-05-23 20:02:54 [STOQ] [http-nio-8080-exec-1] DEBUG org.hibernate.SQL - 
    select
        u1_0.id,
        u1_0.contrasena_hash,
        u1_0.correo,
        u1_0.empresa,
        u1_0.estado,
        u1_0.nombre,
        u1_0.rol_id 
    from
        usuarios u1_0 
    where
        u1_0.correo=?
2026-05-23 20:02:54 [STOQ] [http-nio-8080-exec-8] INFO  c.P.s.a.aspects.ApiLoggingAspect - [STOQ-MONITOR] OUT GET /api/productos/criticos | status=OK | time=3486 ms | endpoint=ProductosController.obtenerProductosCriticos()
2026-05-23 20:02:54 [STOQ] [http-nio-8080-exec-8] INFO  c.P.s.a.aspects.ApiLoggingAspect - [STOQ-MONITOR] ============================================================
2026-05-23 20:02:54 [STOQ] [http-nio-8080-exec-6] DEBUG org.hibernate.SQL - 
    select
        a1_0.id,
        a1_0.fecha,
        a1_0.leida,
        a1_0.mensaje,
        a1_0.producto_id,
        p1_0.id,
        p1_0.categoria_id,
        c1_0.id,
        c1_0.descripcion,
        c1_0.estado,
        c1_0.fecha_creacion,
        c1_0.nombre,
        p1_0.codigo,
        p1_0.empresa,
        p1_0.estado,
        p1_0.fecha_actualizacion,
        p1_0.fecha_creacion,
        p1_0.nombre,
        p1_0.stock_actual,
        p1_0.stock_minimo,
        p1_0.ubicacion,
        p1_0.unidad_id,
        a1_0.tipo 
    from
        alertas a1_0 
    join
        productos p1_0 
            on p1_0.id=a1_0.producto_id 
    join
        categorias c1_0 
            on c1_0.id=p1_0.categoria_id
2026-05-23 20:02:54 [STOQ] [http-nio-8080-exec-10] DEBUG o.s.security.web.FilterChainProxy - Securing GET /api/productos/criticos
2026-05-23 20:02:54 [STOQ] [http-nio-8080-exec-10] DEBUG org.hibernate.SQL - 
    select
        u1_0.id,
        u1_0.contrasena_hash,
        u1_0.correo,
        u1_0.empresa,
        u1_0.estado,
        u1_0.nombre,
        u1_0.rol_id 
    from
        usuarios u1_0 
    where
        u1_0.correo=?
2026-05-23 20:02:54 [STOQ] [http-nio-8080-exec-1] DEBUG org.hibernate.SQL - 
    select
        r1_0.id,
        r1_0.descripcion,
        r1_0.nombre 
    from
        roles r1_0 
    where
        r1_0.id=?
2026-05-23 20:02:54 [STOQ] [http-nio-8080-exec-10] DEBUG org.hibernate.SQL - 
    select
        r1_0.id,
        r1_0.descripcion,
        r1_0.nombre 
    from
        roles r1_0 
    where
        r1_0.id=?
2026-05-23 20:02:54 [STOQ] [http-nio-8080-exec-1] DEBUG org.hibernate.SQL - 
    select
        c1_0.id,
        c1_0.nombre,
        count(p1_0.id),
        coalesce(sum(coalesce(p1_0.stock_actual, 0)), cast(0 as bigint)),
        coalesce(sum(coalesce(p1_0.stock_minimo, 0)), cast(0 as bigint)),
        cast(0 as bigint),
        cast(0 as bigint),
        cast(0 as bigint),
        cast(0 as bigint),
        cast(0 as bigint),
        cast(0 as bigint) 
    from
        productos p1_0 
    join
        categorias c1_0 
            on c1_0.id=p1_0.categoria_id 
    where
        p1_0.empresa=? 
        and p1_0.estado=true 
    group by
        c1_0.id,
        c1_0.nombre 
    order by
        c1_0.nombre
2026-05-23 20:02:55 [STOQ] [http-nio-8080-exec-6] DEBUG org.hibernate.SQL - 
    select
        a1_0.id,
        a1_0.fecha,
        a1_0.leida,
        a1_0.mensaje,
        a1_0.producto_id,
        p1_0.id,
        p1_0.categoria_id,
        c1_0.id,
        c1_0.descripcion,
        c1_0.estado,
        c1_0.fecha_creacion,
        c1_0.nombre,
        p1_0.codigo,
        p1_0.empresa,
        p1_0.estado,
        p1_0.fecha_actualizacion,
        p1_0.fecha_creacion,
        p1_0.nombre,
        p1_0.stock_actual,
        p1_0.stock_minimo,
        p1_0.ubicacion,
        p1_0.unidad_id,
        a1_0.tipo 
    from
        alertas a1_0 
    join
        productos p1_0 
            on p1_0.id=a1_0.producto_id 
    join
        categorias c1_0 
            on c1_0.id=p1_0.categoria_id
2026-05-23 20:02:55 [STOQ] [http-nio-8080-exec-10] INFO  c.Proyecto.stoq.security.JwtFilter - Authenticated request for email=gerente@gmail.com role=GERENTE path=/api/productos/criticos
2026-05-23 20:02:55 [STOQ] [http-nio-8080-exec-10] DEBUG o.s.security.web.FilterChainProxy - Secured GET /api/productos/criticos
2026-05-23 20:02:55 [STOQ] [http-nio-8080-exec-10] DEBUG o.s.s.a.m.AuthorizationManagerBeforeMethodInterceptor - Authorizing method invocation ReflectiveMethodInvocation: public java.util.List com.Proyecto.stoq.adapters.controllers.ProductosController.obtenerProductosCriticos(); target is of class [com.Proyecto.stoq.adapters.controllers.ProductosController]
2026-05-23 20:02:55 [STOQ] [http-nio-8080-exec-10] DEBUG o.s.s.a.m.AuthorizationManagerBeforeMethodInterceptor - Authorized method invocation ReflectiveMethodInvocation: public java.util.List com.Proyecto.stoq.adapters.controllers.ProductosController.obtenerProductosCriticos(); target is of class [com.Proyecto.stoq.adapters.controllers.ProductosController]
2026-05-23 20:02:55 [STOQ] [http-nio-8080-exec-10] INFO  c.P.s.a.aspects.ApiLoggingAspect - [STOQ-MONITOR] ============================================================
2026-05-23 20:02:55 [STOQ] [http-nio-8080-exec-10] INFO  c.P.s.a.aspects.ApiLoggingAspect - [STOQ-MONITOR] IN  2026-05-23 20:02:55 | GET /api/productos/criticos | user=gerente@gmail.com | ip=0:0:0:0:0:0:0:1 | ua=Mozilla/5.0 (X11; Linux x86_64) AppleWebKit/537.36 (KHTML, like Gecko) Chrome/148.0.0.0 Safari/537.36
2026-05-23 20:02:55 [STOQ] [http-nio-8080-exec-10] DEBUG org.hibernate.SQL - 
    select
        u1_0.id,
        u1_0.contrasena_hash,
        u1_0.correo,
        u1_0.empresa,
        u1_0.estado,
        u1_0.nombre,
        u1_0.rol_id 
    from
        usuarios u1_0 
    where
        u1_0.correo=?
2026-05-23 20:02:55 [STOQ] [http-nio-8080-exec-1] DEBUG org.hibernate.SQL - 
    select
        c1_0.id,
        c1_0.nombre,
        cast(0 as bigint),
        cast(0 as bigint),
        cast(0 as bigint),
        count(mi1_0.id),
        coalesce(sum(mi1_0.cantidad), cast(0 as bigint)),
        coalesce(sum(case 
            when upper(mi1_0.tipo_movimiento)='ENTRADA' 
                then 1 
            else 0 
    end), cast(0 as bigint)),
    coalesce(sum(case 
        when upper(mi1_0.tipo_movimiento)='SALIDA' 
            then 1 
        else 0 
end), cast(0 as bigint)),
coalesce(sum(case 
    when upper(mi1_0.tipo_movimiento)='ENTRADA' 
        then mi1_0.cantidad 
    else 0 
end), cast(0 as bigint)),
coalesce(sum(case 
    when upper(mi1_0.tipo_movimiento)='SALIDA' 
        then mi1_0.cantidad 
    else 0 
end), cast(0 as bigint)) 
from
    movimientos_inventario mi1_0 
join
    productos p1_0 
        on p1_0.id=mi1_0.producto_id 
join
    categorias c1_0 
        on c1_0.id=p1_0.categoria_id 
where
    p1_0.empresa=? 
    and mi1_0.fecha_movimiento between ? and ? 
group by
    c1_0.id,
    c1_0.nombre 
order by
    c1_0.nombre
2026-05-23 20:02:55 [STOQ] [http-nio-8080-exec-10] DEBUG org.hibernate.SQL - 
    select
        r1_0.id,
        r1_0.descripcion,
        r1_0.nombre 
    from
        roles r1_0 
    where
        r1_0.id=?
2026-05-23 20:02:55 [STOQ] [http-nio-8080-exec-6] INFO  c.P.s.a.aspects.ApiLoggingAspect - [STOQ-MONITOR] OUT GET /api/alertas/resumen | status=OK | time=4690 ms | endpoint=AlertaController.obtenerResumen()
2026-05-23 20:02:55 [STOQ] [http-nio-8080-exec-6] INFO  c.P.s.a.aspects.ApiLoggingAspect - [STOQ-MONITOR] ============================================================
2026-05-23 20:02:55 [STOQ] [http-nio-8080-exec-10] DEBUG org.hibernate.SQL - 
    select
        p1_0.id,
        p1_0.categoria_id,
        p1_0.codigo,
        p1_0.empresa,
        p1_0.estado,
        p1_0.fecha_actualizacion,
        p1_0.fecha_creacion,
        p1_0.nombre,
        p1_0.stock_actual,
        p1_0.stock_minimo,
        p1_0.ubicacion,
        p1_0.unidad_id 
    from
        productos p1_0
2026-05-23 20:02:55 [STOQ] [http-nio-8080-exec-1] INFO  c.P.s.a.aspects.ApiLoggingAspect - [STOQ-MONITOR] OUT GET /api/reportes/categorias | status=OK | time=1517 ms | endpoint=ReportesController.obtenerReporteCategorias(..)
2026-05-23 20:02:55 [STOQ] [http-nio-8080-exec-1] INFO  c.P.s.a.aspects.ApiLoggingAspect - [STOQ-MONITOR] ============================================================
2026-05-23 20:02:55 [STOQ] [http-nio-8080-exec-10] DEBUG org.hibernate.SQL - 
    select
        c1_0.id,
        c1_0.descripcion,
        c1_0.estado,
        c1_0.fecha_creacion,
        c1_0.nombre 
    from
        categorias c1_0 
    where
        c1_0.id=?
2026-05-23 20:02:56 [STOQ] [http-nio-8080-exec-10] DEBUG org.hibernate.SQL - 
    select
        u1_0.id,
        u1_0.abreviatura,
        u1_0.estado,
        u1_0.nombre 
    from
        unidades u1_0 
    where
        u1_0.id=?
2026-05-23 20:02:56 [STOQ] [http-nio-8080-exec-10] DEBUG org.hibernate.SQL - 
    select
        u1_0.id,
        u1_0.abreviatura,
        u1_0.estado,
        u1_0.nombre 
    from
        unidades u1_0 
    where
        u1_0.id=?
2026-05-23 20:02:56 [STOQ] [http-nio-8080-exec-10] DEBUG org.hibernate.SQL - 
    select
        u1_0.id,
        u1_0.abreviatura,
        u1_0.estado,
        u1_0.nombre 
    from
        unidades u1_0 
    where
        u1_0.id=?
2026-05-23 20:02:57 [STOQ] [http-nio-8080-exec-10] DEBUG org.hibernate.SQL - 
    select
        u1_0.id,
        u1_0.abreviatura,
        u1_0.estado,
        u1_0.nombre 
    from
        unidades u1_0 
    where
        u1_0.id=?
2026-05-23 20:02:57 [STOQ] [http-nio-8080-exec-10] DEBUG org.hibernate.SQL - 
    select
        c1_0.id,
        c1_0.descripcion,
        c1_0.estado,
        c1_0.fecha_creacion,
        c1_0.nombre 
    from
        categorias c1_0 
    where
        c1_0.id=?
2026-05-23 20:02:57 [STOQ] [http-nio-8080-exec-10] DEBUG org.hibernate.SQL - 
    select
        c1_0.id,
        c1_0.descripcion,
        c1_0.estado,
        c1_0.fecha_creacion,
        c1_0.nombre 
    from
        categorias c1_0 
    where
        c1_0.id=?
2026-05-23 20:02:58 [STOQ] [http-nio-8080-exec-10] DEBUG org.hibernate.SQL - 
    select
        c1_0.id,
        c1_0.descripcion,
        c1_0.estado,
        c1_0.fecha_creacion,
        c1_0.nombre 
    from
        categorias c1_0 
    where
        c1_0.id=?
2026-05-23 20:02:58 [STOQ] [http-nio-8080-exec-10] INFO  c.P.s.a.aspects.ApiLoggingAspect - [STOQ-MONITOR] OUT GET /api/productos/criticos | status=OK | time=3692 ms | endpoint=ProductosController.obtenerProductosCriticos()
2026-05-23 20:02:58 [STOQ] [http-nio-8080-exec-10] INFO  c.P.s.a.aspects.ApiLoggingAspect - [STOQ-MONITOR] ============================================================
2026-05-23 20:06:20 [STOQ] [http-nio-8080-exec-3] DEBUG o.s.security.web.FilterChainProxy - Securing OPTIONS /api/reportes/categorias?inicio=2026-04-24&fin=2026-05-23
2026-05-23 20:06:20 [STOQ] [http-nio-8080-exec-2] DEBUG o.s.security.web.FilterChainProxy - Securing GET /api/reportes/categorias?inicio=2026-04-24&fin=2026-05-23
2026-05-23 20:06:20 [STOQ] [http-nio-8080-exec-2] DEBUG org.hibernate.SQL - 
    select
        u1_0.id,
        u1_0.contrasena_hash,
        u1_0.correo,
        u1_0.empresa,
        u1_0.estado,
        u1_0.nombre,
        u1_0.rol_id 
    from
        usuarios u1_0 
    where
        u1_0.correo=?
2026-05-23 20:06:20 [STOQ] [http-nio-8080-exec-2] DEBUG org.hibernate.SQL - 
    select
        r1_0.id,
        r1_0.descripcion,
        r1_0.nombre 
    from
        roles r1_0 
    where
        r1_0.id=?
2026-05-23 20:06:21 [STOQ] [http-nio-8080-exec-2] INFO  c.Proyecto.stoq.security.JwtFilter - Authenticated request for email=gerente@gmail.com role=GERENTE path=/api/reportes/categorias
2026-05-23 20:06:21 [STOQ] [http-nio-8080-exec-2] DEBUG o.s.security.web.FilterChainProxy - Secured GET /api/reportes/categorias?inicio=2026-04-24&fin=2026-05-23
2026-05-23 20:06:21 [STOQ] [http-nio-8080-exec-2] INFO  c.P.s.a.aspects.ApiLoggingAspect - [STOQ-MONITOR] ============================================================
2026-05-23 20:06:21 [STOQ] [http-nio-8080-exec-2] INFO  c.P.s.a.aspects.ApiLoggingAspect - [STOQ-MONITOR] IN  2026-05-23 20:06:21 | GET /api/reportes/categorias | user=gerente@gmail.com | ip=0:0:0:0:0:0:0:1 | ua=Mozilla/5.0 (X11; Linux x86_64) AppleWebKit/537.36 (KHTML, like Gecko) Chrome/148.0.0.0 Safari/537.36
2026-05-23 20:06:21 [STOQ] [http-nio-8080-exec-2] DEBUG org.hibernate.SQL - 
    select
        u1_0.id,
        u1_0.contrasena_hash,
        u1_0.correo,
        u1_0.empresa,
        u1_0.estado,
        u1_0.nombre,
        u1_0.rol_id 
    from
        usuarios u1_0 
    where
        u1_0.correo=?
2026-05-23 20:06:21 [STOQ] [http-nio-8080-exec-2] DEBUG org.hibernate.SQL - 
    select
        r1_0.id,
        r1_0.descripcion,
        r1_0.nombre 
    from
        roles r1_0 
    where
        r1_0.id=?
2026-05-23 20:06:21 [STOQ] [http-nio-8080-exec-2] DEBUG org.hibernate.SQL - 
    select
        c1_0.id,
        c1_0.nombre,
        count(p1_0.id),
        coalesce(sum(coalesce(p1_0.stock_actual, 0)), cast(0 as bigint)),
        coalesce(sum(coalesce(p1_0.stock_minimo, 0)), cast(0 as bigint)),
        cast(0 as bigint),
        cast(0 as bigint),
        cast(0 as bigint),
        cast(0 as bigint),
        cast(0 as bigint),
        cast(0 as bigint) 
    from
        productos p1_0 
    join
        categorias c1_0 
            on c1_0.id=p1_0.categoria_id 
    where
        p1_0.empresa=? 
        and p1_0.estado=true 
    group by
        c1_0.id,
        c1_0.nombre 
    order by
        c1_0.nombre
2026-05-23 20:06:22 [STOQ] [http-nio-8080-exec-2] DEBUG org.hibernate.SQL - 
    select
        c1_0.id,
        c1_0.nombre,
        cast(0 as bigint),
        cast(0 as bigint),
        cast(0 as bigint),
        count(mi1_0.id),
        coalesce(sum(mi1_0.cantidad), cast(0 as bigint)),
        coalesce(sum(case 
            when upper(mi1_0.tipo_movimiento)='ENTRADA' 
                then 1 
            else 0 
    end), cast(0 as bigint)),
    coalesce(sum(case 
        when upper(mi1_0.tipo_movimiento)='SALIDA' 
            then 1 
        else 0 
end), cast(0 as bigint)),
coalesce(sum(case 
    when upper(mi1_0.tipo_movimiento)='ENTRADA' 
        then mi1_0.cantidad 
    else 0 
end), cast(0 as bigint)),
coalesce(sum(case 
    when upper(mi1_0.tipo_movimiento)='SALIDA' 
        then mi1_0.cantidad 
    else 0 
end), cast(0 as bigint)) 
from
    movimientos_inventario mi1_0 
join
    productos p1_0 
        on p1_0.id=mi1_0.producto_id 
join
    categorias c1_0 
        on c1_0.id=p1_0.categoria_id 
where
    p1_0.empresa=? 
    and mi1_0.fecha_movimiento between ? and ? 
group by
    c1_0.id,
    c1_0.nombre 
order by
    c1_0.nombre
2026-05-23 20:06:22 [STOQ] [http-nio-8080-exec-2] INFO  c.P.s.a.aspects.ApiLoggingAspect - [STOQ-MONITOR] OUT GET /api/reportes/categorias | status=OK | time=1589 ms | endpoint=ReportesController.obtenerReporteCategorias(..)
2026-05-23 20:06:22 [STOQ] [http-nio-8080-exec-2] INFO  c.P.s.a.aspects.ApiLoggingAspect - [STOQ-MONITOR] ============================================================
2026-05-23 20:07:46 [STOQ] [http-nio-8080-exec-6] DEBUG o.s.security.web.FilterChainProxy - Securing OPTIONS /api/reportes/categorias?inicio=2026-04-24&fin=2026-05-23
2026-05-23 20:07:46 [STOQ] [http-nio-8080-exec-1] DEBUG o.s.security.web.FilterChainProxy - Securing GET /api/reportes/categorias?inicio=2026-04-24&fin=2026-05-23
2026-05-23 20:07:46 [STOQ] [http-nio-8080-exec-1] DEBUG org.hibernate.SQL - 
    select
        u1_0.id,
        u1_0.contrasena_hash,
        u1_0.correo,
        u1_0.empresa,
        u1_0.estado,
        u1_0.nombre,
        u1_0.rol_id 
    from
        usuarios u1_0 
    where
        u1_0.correo=?
2026-05-23 20:07:46 [STOQ] [http-nio-8080-exec-1] DEBUG org.hibernate.SQL - 
    select
        r1_0.id,
        r1_0.descripcion,
        r1_0.nombre 
    from
        roles r1_0 
    where
        r1_0.id=?
2026-05-23 20:07:47 [STOQ] [http-nio-8080-exec-1] INFO  c.Proyecto.stoq.security.JwtFilter - Authenticated request for email=gerente@gmail.com role=GERENTE path=/api/reportes/categorias
2026-05-23 20:07:47 [STOQ] [http-nio-8080-exec-1] DEBUG o.s.security.web.FilterChainProxy - Secured GET /api/reportes/categorias?inicio=2026-04-24&fin=2026-05-23
2026-05-23 20:07:47 [STOQ] [http-nio-8080-exec-1] INFO  c.P.s.a.aspects.ApiLoggingAspect - [STOQ-MONITOR] ============================================================
2026-05-23 20:07:47 [STOQ] [http-nio-8080-exec-1] INFO  c.P.s.a.aspects.ApiLoggingAspect - [STOQ-MONITOR] IN  2026-05-23 20:07:47 | GET /api/reportes/categorias | user=gerente@gmail.com | ip=0:0:0:0:0:0:0:1 | ua=Mozilla/5.0 (X11; Linux x86_64) AppleWebKit/537.36 (KHTML, like Gecko) Chrome/148.0.0.0 Safari/537.36
2026-05-23 20:07:47 [STOQ] [http-nio-8080-exec-1] DEBUG org.hibernate.SQL - 
    select
        u1_0.id,
        u1_0.contrasena_hash,
        u1_0.correo,
        u1_0.empresa,
        u1_0.estado,
        u1_0.nombre,
        u1_0.rol_id 
    from
        usuarios u1_0 
    where
        u1_0.correo=?
2026-05-23 20:07:47 [STOQ] [http-nio-8080-exec-1] DEBUG org.hibernate.SQL - 
    select
        r1_0.id,
        r1_0.descripcion,
        r1_0.nombre 
    from
        roles r1_0 
    where
        r1_0.id=?
2026-05-23 20:07:47 [STOQ] [http-nio-8080-exec-1] DEBUG org.hibernate.SQL - 
    select
        c1_0.id,
        c1_0.nombre,
        count(p1_0.id),
        coalesce(sum(coalesce(p1_0.stock_actual, 0)), cast(0 as bigint)),
        coalesce(sum(coalesce(p1_0.stock_minimo, 0)), cast(0 as bigint)),
        cast(0 as bigint),
        cast(0 as bigint),
        cast(0 as bigint),
        cast(0 as bigint),
        cast(0 as bigint),
        cast(0 as bigint) 
    from
        productos p1_0 
    join
        categorias c1_0 
            on c1_0.id=p1_0.categoria_id 
    where
        p1_0.empresa=? 
        and p1_0.estado=true 
    group by
        c1_0.id,
        c1_0.nombre 
    order by
        c1_0.nombre
2026-05-23 20:07:48 [STOQ] [http-nio-8080-exec-1] DEBUG org.hibernate.SQL - 
    select
        c1_0.id,
        c1_0.nombre,
        cast(0 as bigint),
        cast(0 as bigint),
        cast(0 as bigint),
        count(mi1_0.id),
        coalesce(sum(mi1_0.cantidad), cast(0 as bigint)),
        coalesce(sum(case 
            when upper(mi1_0.tipo_movimiento)='ENTRADA' 
                then 1 
            else 0 
    end), cast(0 as bigint)),
    coalesce(sum(case 
        when upper(mi1_0.tipo_movimiento)='SALIDA' 
            then 1 
        else 0 
end), cast(0 as bigint)),
coalesce(sum(case 
    when upper(mi1_0.tipo_movimiento)='ENTRADA' 
        then mi1_0.cantidad 
    else 0 
end), cast(0 as bigint)),
coalesce(sum(case 
    when upper(mi1_0.tipo_movimiento)='SALIDA' 
        then mi1_0.cantidad 
    else 0 
end), cast(0 as bigint)) 
from
    movimientos_inventario mi1_0 
join
    productos p1_0 
        on p1_0.id=mi1_0.producto_id 
join
    categorias c1_0 
        on c1_0.id=p1_0.categoria_id 
where
    p1_0.empresa=? 
    and mi1_0.fecha_movimiento between ? and ? 
group by
    c1_0.id,
    c1_0.nombre 
order by
    c1_0.nombre
2026-05-23 20:07:48 [STOQ] [http-nio-8080-exec-1] INFO  c.P.s.a.aspects.ApiLoggingAspect - [STOQ-MONITOR] OUT GET /api/reportes/categorias | status=OK | time=1606 ms | endpoint=ReportesController.obtenerReporteCategorias(..)
2026-05-23 20:07:48 [STOQ] [http-nio-8080-exec-1] INFO  c.P.s.a.aspects.ApiLoggingAspect - [STOQ-MONITOR] ============================================================
2026-05-23 20:11:50 [STOQ] [http-nio-8080-exec-5] DEBUG o.s.security.web.FilterChainProxy - Securing OPTIONS /api/reportes/categorias?inicio=2026-04-24&fin=2026-05-23
2026-05-23 20:11:50 [STOQ] [http-nio-8080-exec-4] DEBUG o.s.security.web.FilterChainProxy - Securing GET /api/reportes/categorias?inicio=2026-04-24&fin=2026-05-23
2026-05-23 20:11:50 [STOQ] [http-nio-8080-exec-4] DEBUG org.hibernate.SQL - 
    select
        u1_0.id,
        u1_0.contrasena_hash,
        u1_0.correo,
        u1_0.empresa,
        u1_0.estado,
        u1_0.nombre,
        u1_0.rol_id 
    from
        usuarios u1_0 
    where
        u1_0.correo=?
2026-05-23 20:11:50 [STOQ] [http-nio-8080-exec-4] DEBUG org.hibernate.SQL - 
    select
        r1_0.id,
        r1_0.descripcion,
        r1_0.nombre 
    from
        roles r1_0 
    where
        r1_0.id=?
2026-05-23 20:11:51 [STOQ] [http-nio-8080-exec-4] INFO  c.Proyecto.stoq.security.JwtFilter - Authenticated request for email=gerente@gmail.com role=GERENTE path=/api/reportes/categorias
2026-05-23 20:11:51 [STOQ] [http-nio-8080-exec-4] DEBUG o.s.security.web.FilterChainProxy - Secured GET /api/reportes/categorias?inicio=2026-04-24&fin=2026-05-23
2026-05-23 20:11:51 [STOQ] [http-nio-8080-exec-4] INFO  c.P.s.a.aspects.ApiLoggingAspect - [STOQ-MONITOR] ============================================================
2026-05-23 20:11:51 [STOQ] [http-nio-8080-exec-4] INFO  c.P.s.a.aspects.ApiLoggingAspect - [STOQ-MONITOR] IN  2026-05-23 20:11:51 | GET /api/reportes/categorias | user=gerente@gmail.com | ip=0:0:0:0:0:0:0:1 | ua=Mozilla/5.0 (X11; Linux x86_64) AppleWebKit/537.36 (KHTML, like Gecko) Chrome/148.0.0.0 Safari/537.36
2026-05-23 20:11:51 [STOQ] [http-nio-8080-exec-4] DEBUG org.hibernate.SQL - 
    select
        u1_0.id,
        u1_0.contrasena_hash,
        u1_0.correo,
        u1_0.empresa,
        u1_0.estado,
        u1_0.nombre,
        u1_0.rol_id 
    from
        usuarios u1_0 
    where
        u1_0.correo=?
2026-05-23 20:11:51 [STOQ] [http-nio-8080-exec-4] DEBUG org.hibernate.SQL - 
    select
        r1_0.id,
        r1_0.descripcion,
        r1_0.nombre 
    from
        roles r1_0 
    where
        r1_0.id=?
2026-05-23 20:11:51 [STOQ] [http-nio-8080-exec-4] DEBUG org.hibernate.SQL - 
    select
        c1_0.id,
        c1_0.nombre,
        count(p1_0.id),
        coalesce(sum(coalesce(p1_0.stock_actual, 0)), cast(0 as bigint)),
        coalesce(sum(coalesce(p1_0.stock_minimo, 0)), cast(0 as bigint)),
        cast(0 as bigint),
        cast(0 as bigint),
        cast(0 as bigint),
        cast(0 as bigint),
        cast(0 as bigint),
        cast(0 as bigint) 
    from
        productos p1_0 
    join
        categorias c1_0 
            on c1_0.id=p1_0.categoria_id 
    where
        p1_0.empresa=? 
        and p1_0.estado=true 
    group by
        c1_0.id,
        c1_0.nombre 
    order by
        c1_0.nombre
2026-05-23 20:11:52 [STOQ] [http-nio-8080-exec-4] DEBUG org.hibernate.SQL - 
    select
        c1_0.id,
        c1_0.nombre,
        cast(0 as bigint),
        cast(0 as bigint),
        cast(0 as bigint),
        count(mi1_0.id),
        coalesce(sum(mi1_0.cantidad), cast(0 as bigint)),
        coalesce(sum(case 
            when upper(mi1_0.tipo_movimiento)='ENTRADA' 
                then 1 
            else 0 
    end), cast(0 as bigint)),
    coalesce(sum(case 
        when upper(mi1_0.tipo_movimiento)='SALIDA' 
            then 1 
        else 0 
end), cast(0 as bigint)),
coalesce(sum(case 
    when upper(mi1_0.tipo_movimiento)='ENTRADA' 
        then mi1_0.cantidad 
    else 0 
end), cast(0 as bigint)),
coalesce(sum(case 
    when upper(mi1_0.tipo_movimiento)='SALIDA' 
        then mi1_0.cantidad 
    else 0 
end), cast(0 as bigint)) 
from
    movimientos_inventario mi1_0 
join
    productos p1_0 
        on p1_0.id=mi1_0.producto_id 
join
    categorias c1_0 
        on c1_0.id=p1_0.categoria_id 
where
    p1_0.empresa=? 
    and mi1_0.fecha_movimiento between ? and ? 
group by
    c1_0.id,
    c1_0.nombre 
order by
    c1_0.nombre
2026-05-23 20:11:52 [STOQ] [http-nio-8080-exec-4] INFO  c.P.s.a.aspects.ApiLoggingAspect - [STOQ-MONITOR] OUT GET /api/reportes/categorias | status=OK | time=1663 ms | endpoint=ReportesController.obtenerReporteCategorias(..)
2026-05-23 20:11:52 [STOQ] [http-nio-8080-exec-4] INFO  c.P.s.a.aspects.ApiLoggingAspect - [STOQ-MONITOR] ============================================================
2026-05-23 20:36:38 [STOQ] [http-nio-8080-exec-9] DEBUG o.s.security.web.FilterChainProxy - Securing OPTIONS /api/reportes/categorias?inicio=2026-04-24&fin=2026-05-23
2026-05-23 20:36:38 [STOQ] [http-nio-8080-exec-3] DEBUG o.s.security.web.FilterChainProxy - Securing GET /api/reportes/categorias?inicio=2026-04-24&fin=2026-05-23
2026-05-23 20:36:38 [STOQ] [http-nio-8080-exec-3] DEBUG org.hibernate.SQL - 
    select
        u1_0.id,
        u1_0.contrasena_hash,
        u1_0.correo,
        u1_0.empresa,
        u1_0.estado,
        u1_0.nombre,
        u1_0.rol_id 
    from
        usuarios u1_0 
    where
        u1_0.correo=?
2026-05-23 20:36:39 [STOQ] [http-nio-8080-exec-3] DEBUG org.hibernate.SQL - 
    select
        r1_0.id,
        r1_0.descripcion,
        r1_0.nombre 
    from
        roles r1_0 
    where
        r1_0.id=?
2026-05-23 20:36:39 [STOQ] [http-nio-8080-exec-3] INFO  c.Proyecto.stoq.security.JwtFilter - Authenticated request for email=gerente@gmail.com role=GERENTE path=/api/reportes/categorias
2026-05-23 20:36:39 [STOQ] [http-nio-8080-exec-3] DEBUG o.s.security.web.FilterChainProxy - Secured GET /api/reportes/categorias?inicio=2026-04-24&fin=2026-05-23
2026-05-23 20:36:39 [STOQ] [http-nio-8080-exec-3] INFO  c.P.s.a.aspects.ApiLoggingAspect - [STOQ-MONITOR] ============================================================
2026-05-23 20:36:39 [STOQ] [http-nio-8080-exec-3] INFO  c.P.s.a.aspects.ApiLoggingAspect - [STOQ-MONITOR] IN  2026-05-23 20:36:39 | GET /api/reportes/categorias | user=gerente@gmail.com | ip=0:0:0:0:0:0:0:1 | ua=Mozilla/5.0 (X11; Linux x86_64) AppleWebKit/537.36 (KHTML, like Gecko) Chrome/148.0.0.0 Safari/537.36
2026-05-23 20:36:39 [STOQ] [http-nio-8080-exec-3] DEBUG org.hibernate.SQL - 
    select
        u1_0.id,
        u1_0.contrasena_hash,
        u1_0.correo,
        u1_0.empresa,
        u1_0.estado,
        u1_0.nombre,
        u1_0.rol_id 
    from
        usuarios u1_0 
    where
        u1_0.correo=?
2026-05-23 20:36:40 [STOQ] [http-nio-8080-exec-3] DEBUG org.hibernate.SQL - 
    select
        r1_0.id,
        r1_0.descripcion,
        r1_0.nombre 
    from
        roles r1_0 
    where
        r1_0.id=?
2026-05-23 20:36:40 [STOQ] [http-nio-8080-exec-3] DEBUG org.hibernate.SQL - 
    select
        c1_0.id,
        c1_0.nombre,
        count(p1_0.id),
        coalesce(sum(coalesce(p1_0.stock_actual, 0)), cast(0 as bigint)),
        coalesce(sum(coalesce(p1_0.stock_minimo, 0)), cast(0 as bigint)),
        cast(0 as bigint),
        cast(0 as bigint),
        cast(0 as bigint),
        cast(0 as bigint),
        cast(0 as bigint),
        cast(0 as bigint) 
    from
        productos p1_0 
    join
        categorias c1_0 
            on c1_0.id=p1_0.categoria_id 
    where
        p1_0.empresa=? 
        and p1_0.estado=true 
    group by
        c1_0.id,
        c1_0.nombre 
    order by
        c1_0.nombre
2026-05-23 20:36:40 [STOQ] [http-nio-8080-exec-3] DEBUG org.hibernate.SQL - 
    select
        c1_0.id,
        c1_0.nombre,
        cast(0 as bigint),
        cast(0 as bigint),
        cast(0 as bigint),
        count(mi1_0.id),
        coalesce(sum(mi1_0.cantidad), cast(0 as bigint)),
        coalesce(sum(case 
            when upper(mi1_0.tipo_movimiento)='ENTRADA' 
                then 1 
            else 0 
    end), cast(0 as bigint)),
    coalesce(sum(case 
        when upper(mi1_0.tipo_movimiento)='SALIDA' 
            then 1 
        else 0 
end), cast(0 as bigint)),
coalesce(sum(case 
    when upper(mi1_0.tipo_movimiento)='ENTRADA' 
        then mi1_0.cantidad 
    else 0 
end), cast(0 as bigint)),
coalesce(sum(case 
    when upper(mi1_0.tipo_movimiento)='SALIDA' 
        then mi1_0.cantidad 
    else 0 
end), cast(0 as bigint)) 
from
    movimientos_inventario mi1_0 
join
    productos p1_0 
        on p1_0.id=mi1_0.producto_id 
join
    categorias c1_0 
        on c1_0.id=p1_0.categoria_id 
where
    p1_0.empresa=? 
    and mi1_0.fecha_movimiento between ? and ? 
group by
    c1_0.id,
    c1_0.nombre 
order by
    c1_0.nombre
2026-05-23 20:36:41 [STOQ] [http-nio-8080-exec-3] INFO  c.P.s.a.aspects.ApiLoggingAspect - [STOQ-MONITOR] OUT GET /api/reportes/categorias | status=OK | time=1564 ms | endpoint=ReportesController.obtenerReporteCategorias(..)
2026-05-23 20:36:41 [STOQ] [http-nio-8080-exec-3] INFO  c.P.s.a.aspects.ApiLoggingAspect - [STOQ-MONITOR] ============================================================
2026-05-23 20:36:56 [STOQ] [http-nio-8080-exec-8] DEBUG o.s.security.web.FilterChainProxy - Securing OPTIONS /api/alertas/resumen
2026-05-23 20:36:56 [STOQ] [http-nio-8080-exec-2] DEBUG o.s.security.web.FilterChainProxy - Securing OPTIONS /api/usuarios/me
2026-05-23 20:36:56 [STOQ] [http-nio-8080-exec-1] DEBUG o.s.security.web.FilterChainProxy - Securing GET /api/usuarios/me
2026-05-23 20:36:56 [STOQ] [http-nio-8080-exec-6] DEBUG o.s.security.web.FilterChainProxy - Securing OPTIONS /api/productos/criticos
2026-05-23 20:36:56 [STOQ] [http-nio-8080-exec-10] DEBUG o.s.security.web.FilterChainProxy - Securing OPTIONS /api/productos/criticos
2026-05-23 20:36:56 [STOQ] [http-nio-8080-exec-5] DEBUG o.s.security.web.FilterChainProxy - Securing GET /api/alertas/resumen
2026-05-23 20:36:56 [STOQ] [http-nio-8080-exec-5] DEBUG org.hibernate.SQL - 
    select
        u1_0.id,
        u1_0.contrasena_hash,
        u1_0.correo,
        u1_0.empresa,
        u1_0.estado,
        u1_0.nombre,
        u1_0.rol_id 
    from
        usuarios u1_0 
    where
        u1_0.correo=?
2026-05-23 20:36:56 [STOQ] [http-nio-8080-exec-1] DEBUG org.hibernate.SQL - 
    select
        u1_0.id,
        u1_0.contrasena_hash,
        u1_0.correo,
        u1_0.empresa,
        u1_0.estado,
        u1_0.nombre,
        u1_0.rol_id 
    from
        usuarios u1_0 
    where
        u1_0.correo=?
2026-05-23 20:36:56 [STOQ] [http-nio-8080-exec-4] DEBUG o.s.security.web.FilterChainProxy - Securing GET /api/productos/criticos
2026-05-23 20:36:56 [STOQ] [http-nio-8080-exec-4] DEBUG org.hibernate.SQL - 
    select
        u1_0.id,
        u1_0.contrasena_hash,
        u1_0.correo,
        u1_0.empresa,
        u1_0.estado,
        u1_0.nombre,
        u1_0.rol_id 
    from
        usuarios u1_0 
    where
        u1_0.correo=?
2026-05-23 20:36:57 [STOQ] [http-nio-8080-exec-5] DEBUG org.hibernate.SQL - 
    select
        r1_0.id,
        r1_0.descripcion,
        r1_0.nombre 
    from
        roles r1_0 
    where
        r1_0.id=?
2026-05-23 20:36:57 [STOQ] [http-nio-8080-exec-4] DEBUG org.hibernate.SQL - 
    select
        r1_0.id,
        r1_0.descripcion,
        r1_0.nombre 
    from
        roles r1_0 
    where
        r1_0.id=?
2026-05-23 20:36:57 [STOQ] [http-nio-8080-exec-1] DEBUG org.hibernate.SQL - 
    select
        r1_0.id,
        r1_0.descripcion,
        r1_0.nombre 
    from
        roles r1_0 
    where
        r1_0.id=?
2026-05-23 20:36:57 [STOQ] [http-nio-8080-exec-5] INFO  c.Proyecto.stoq.security.JwtFilter - Authenticated request for email=gerente@gmail.com role=GERENTE path=/api/alertas/resumen
2026-05-23 20:36:57 [STOQ] [http-nio-8080-exec-1] INFO  c.Proyecto.stoq.security.JwtFilter - Authenticated request for email=gerente@gmail.com role=GERENTE path=/api/usuarios/me
2026-05-23 20:36:57 [STOQ] [http-nio-8080-exec-4] INFO  c.Proyecto.stoq.security.JwtFilter - Authenticated request for email=gerente@gmail.com role=GERENTE path=/api/productos/criticos
2026-05-23 20:36:57 [STOQ] [http-nio-8080-exec-5] DEBUG o.s.security.web.FilterChainProxy - Secured GET /api/alertas/resumen
2026-05-23 20:36:57 [STOQ] [http-nio-8080-exec-1] DEBUG o.s.security.web.FilterChainProxy - Secured GET /api/usuarios/me
2026-05-23 20:36:57 [STOQ] [http-nio-8080-exec-4] DEBUG o.s.security.web.FilterChainProxy - Secured GET /api/productos/criticos
2026-05-23 20:36:57 [STOQ] [http-nio-8080-exec-4] DEBUG o.s.s.a.m.AuthorizationManagerBeforeMethodInterceptor - Authorizing method invocation ReflectiveMethodInvocation: public java.util.List com.Proyecto.stoq.adapters.controllers.ProductosController.obtenerProductosCriticos(); target is of class [com.Proyecto.stoq.adapters.controllers.ProductosController]
2026-05-23 20:36:57 [STOQ] [http-nio-8080-exec-1] INFO  c.P.s.a.aspects.ApiLoggingAspect - [STOQ-MONITOR] ============================================================
2026-05-23 20:36:57 [STOQ] [http-nio-8080-exec-5] INFO  c.P.s.a.aspects.ApiLoggingAspect - [STOQ-MONITOR] ============================================================
2026-05-23 20:36:57 [STOQ] [http-nio-8080-exec-1] INFO  c.P.s.a.aspects.ApiLoggingAspect - [STOQ-MONITOR] IN  2026-05-23 20:36:57 | GET /api/usuarios/me | user=gerente@gmail.com | ip=0:0:0:0:0:0:0:1 | ua=Mozilla/5.0 (X11; Linux x86_64) AppleWebKit/537.36 (KHTML, like Gecko) Chrome/148.0.0.0 Safari/537.36
2026-05-23 20:36:57 [STOQ] [http-nio-8080-exec-5] INFO  c.P.s.a.aspects.ApiLoggingAspect - [STOQ-MONITOR] IN  2026-05-23 20:36:57 | GET /api/alertas/resumen | user=gerente@gmail.com | ip=0:0:0:0:0:0:0:1 | ua=Mozilla/5.0 (X11; Linux x86_64) AppleWebKit/537.36 (KHTML, like Gecko) Chrome/148.0.0.0 Safari/537.36
2026-05-23 20:36:57 [STOQ] [http-nio-8080-exec-1] DEBUG org.hibernate.SQL - 
    select
        u1_0.id,
        u1_0.contrasena_hash,
        u1_0.correo,
        u1_0.empresa,
        u1_0.estado,
        u1_0.nombre,
        u1_0.rol_id 
    from
        usuarios u1_0 
    where
        u1_0.correo=?
2026-05-23 20:36:57 [STOQ] [http-nio-8080-exec-5] DEBUG org.hibernate.SQL - 
    select
        u1_0.id,
        u1_0.contrasena_hash,
        u1_0.correo,
        u1_0.empresa,
        u1_0.estado,
        u1_0.nombre,
        u1_0.rol_id 
    from
        usuarios u1_0 
    where
        u1_0.correo=?
2026-05-23 20:36:57 [STOQ] [http-nio-8080-exec-4] DEBUG o.s.s.a.m.AuthorizationManagerBeforeMethodInterceptor - Authorized method invocation ReflectiveMethodInvocation: public java.util.List com.Proyecto.stoq.adapters.controllers.ProductosController.obtenerProductosCriticos(); target is of class [com.Proyecto.stoq.adapters.controllers.ProductosController]
2026-05-23 20:36:57 [STOQ] [http-nio-8080-exec-4] INFO  c.P.s.a.aspects.ApiLoggingAspect - [STOQ-MONITOR] ============================================================
2026-05-23 20:36:57 [STOQ] [http-nio-8080-exec-4] INFO  c.P.s.a.aspects.ApiLoggingAspect - [STOQ-MONITOR] IN  2026-05-23 20:36:57 | GET /api/productos/criticos | user=gerente@gmail.com | ip=0:0:0:0:0:0:0:1 | ua=Mozilla/5.0 (X11; Linux x86_64) AppleWebKit/537.36 (KHTML, like Gecko) Chrome/148.0.0.0 Safari/537.36
2026-05-23 20:36:57 [STOQ] [http-nio-8080-exec-4] DEBUG org.hibernate.SQL - 
    select
        u1_0.id,
        u1_0.contrasena_hash,
        u1_0.correo,
        u1_0.empresa,
        u1_0.estado,
        u1_0.nombre,
        u1_0.rol_id 
    from
        usuarios u1_0 
    where
        u1_0.correo=?
2026-05-23 20:36:57 [STOQ] [http-nio-8080-exec-5] DEBUG org.hibernate.SQL - 
    select
        r1_0.id,
        r1_0.descripcion,
        r1_0.nombre 
    from
        roles r1_0 
    where
        r1_0.id=?
2026-05-23 20:36:57 [STOQ] [http-nio-8080-exec-1] DEBUG org.hibernate.SQL - 
    select
        r1_0.id,
        r1_0.descripcion,
        r1_0.nombre 
    from
        roles r1_0 
    where
        r1_0.id=?
2026-05-23 20:36:57 [STOQ] [http-nio-8080-exec-4] DEBUG org.hibernate.SQL - 
    select
        r1_0.id,
        r1_0.descripcion,
        r1_0.nombre 
    from
        roles r1_0 
    where
        r1_0.id=?
2026-05-23 20:36:58 [STOQ] [http-nio-8080-exec-1] INFO  c.P.s.a.aspects.ApiLoggingAspect - [STOQ-MONITOR] OUT GET /api/usuarios/me | status=OK | time=516 ms | endpoint=UsuarioController.obtenerUsuarioAutenticado(..)
2026-05-23 20:36:58 [STOQ] [http-nio-8080-exec-1] INFO  c.P.s.a.aspects.ApiLoggingAspect - [STOQ-MONITOR] ============================================================
2026-05-23 20:36:58 [STOQ] [http-nio-8080-exec-5] DEBUG org.hibernate.SQL - 
    select
        p1_0.id,
        p1_0.categoria_id,
        p1_0.codigo,
        p1_0.empresa,
        p1_0.estado,
        p1_0.fecha_actualizacion,
        p1_0.fecha_creacion,
        p1_0.nombre,
        p1_0.stock_actual,
        p1_0.stock_minimo,
        p1_0.ubicacion,
        p1_0.unidad_id 
    from
        productos p1_0
2026-05-23 20:36:58 [STOQ] [http-nio-8080-exec-4] DEBUG org.hibernate.SQL - 
    select
        p1_0.id,
        p1_0.categoria_id,
        p1_0.codigo,
        p1_0.empresa,
        p1_0.estado,
        p1_0.fecha_actualizacion,
        p1_0.fecha_creacion,
        p1_0.nombre,
        p1_0.stock_actual,
        p1_0.stock_minimo,
        p1_0.ubicacion,
        p1_0.unidad_id 
    from
        productos p1_0
2026-05-23 20:36:58 [STOQ] [http-nio-8080-exec-5] DEBUG org.hibernate.SQL - 
    select
        c1_0.id,
        c1_0.descripcion,
        c1_0.estado,
        c1_0.fecha_creacion,
        c1_0.nombre 
    from
        categorias c1_0 
    where
        c1_0.id=?
2026-05-23 20:36:58 [STOQ] [http-nio-8080-exec-4] DEBUG org.hibernate.SQL - 
    select
        c1_0.id,
        c1_0.descripcion,
        c1_0.estado,
        c1_0.fecha_creacion,
        c1_0.nombre 
    from
        categorias c1_0 
    where
        c1_0.id=?
2026-05-23 20:36:58 [STOQ] [http-nio-8080-exec-7] DEBUG o.s.security.web.FilterChainProxy - Securing OPTIONS /api/reportes/categorias?inicio=2026-04-24&fin=2026-05-23
2026-05-23 20:36:58 [STOQ] [http-nio-8080-exec-9] DEBUG o.s.security.web.FilterChainProxy - Securing GET /api/reportes/categorias?inicio=2026-04-24&fin=2026-05-23
2026-05-23 20:36:58 [STOQ] [http-nio-8080-exec-9] DEBUG org.hibernate.SQL - 
    select
        u1_0.id,
        u1_0.contrasena_hash,
        u1_0.correo,
        u1_0.empresa,
        u1_0.estado,
        u1_0.nombre,
        u1_0.rol_id 
    from
        usuarios u1_0 
    where
        u1_0.correo=?
2026-05-23 20:36:58 [STOQ] [http-nio-8080-exec-5] DEBUG org.hibernate.SQL - 
    select
        u1_0.id,
        u1_0.abreviatura,
        u1_0.estado,
        u1_0.nombre 
    from
        unidades u1_0 
    where
        u1_0.id=?
2026-05-23 20:36:58 [STOQ] [http-nio-8080-exec-4] DEBUG org.hibernate.SQL - 
    select
        u1_0.id,
        u1_0.abreviatura,
        u1_0.estado,
        u1_0.nombre 
    from
        unidades u1_0 
    where
        u1_0.id=?
2026-05-23 20:36:58 [STOQ] [http-nio-8080-exec-9] DEBUG org.hibernate.SQL - 
    select
        r1_0.id,
        r1_0.descripcion,
        r1_0.nombre 
    from
        roles r1_0 
    where
        r1_0.id=?
2026-05-23 20:36:58 [STOQ] [http-nio-8080-exec-5] DEBUG org.hibernate.SQL - 
    select
        u1_0.id,
        u1_0.abreviatura,
        u1_0.estado,
        u1_0.nombre 
    from
        unidades u1_0 
    where
        u1_0.id=?
2026-05-23 20:36:58 [STOQ] [http-nio-8080-exec-4] DEBUG org.hibernate.SQL - 
    select
        u1_0.id,
        u1_0.abreviatura,
        u1_0.estado,
        u1_0.nombre 
    from
        unidades u1_0 
    where
        u1_0.id=?
2026-05-23 20:36:59 [STOQ] [http-nio-8080-exec-9] INFO  c.Proyecto.stoq.security.JwtFilter - Authenticated request for email=gerente@gmail.com role=GERENTE path=/api/reportes/categorias
2026-05-23 20:36:59 [STOQ] [http-nio-8080-exec-9] DEBUG o.s.security.web.FilterChainProxy - Secured GET /api/reportes/categorias?inicio=2026-04-24&fin=2026-05-23
2026-05-23 20:36:59 [STOQ] [http-nio-8080-exec-9] INFO  c.P.s.a.aspects.ApiLoggingAspect - [STOQ-MONITOR] ============================================================
2026-05-23 20:36:59 [STOQ] [http-nio-8080-exec-9] INFO  c.P.s.a.aspects.ApiLoggingAspect - [STOQ-MONITOR] IN  2026-05-23 20:36:59 | GET /api/reportes/categorias | user=gerente@gmail.com | ip=0:0:0:0:0:0:0:1 | ua=Mozilla/5.0 (X11; Linux x86_64) AppleWebKit/537.36 (KHTML, like Gecko) Chrome/148.0.0.0 Safari/537.36
2026-05-23 20:36:59 [STOQ] [http-nio-8080-exec-5] DEBUG org.hibernate.SQL - 
    select
        u1_0.id,
        u1_0.abreviatura,
        u1_0.estado,
        u1_0.nombre 
    from
        unidades u1_0 
    where
        u1_0.id=?
2026-05-23 20:36:59 [STOQ] [http-nio-8080-exec-9] DEBUG org.hibernate.SQL - 
    select
        u1_0.id,
        u1_0.contrasena_hash,
        u1_0.correo,
        u1_0.empresa,
        u1_0.estado,
        u1_0.nombre,
        u1_0.rol_id 
    from
        usuarios u1_0 
    where
        u1_0.correo=?
2026-05-23 20:36:59 [STOQ] [http-nio-8080-exec-4] DEBUG org.hibernate.SQL - 
    select
        u1_0.id,
        u1_0.abreviatura,
        u1_0.estado,
        u1_0.nombre 
    from
        unidades u1_0 
    where
        u1_0.id=?
2026-05-23 20:36:59 [STOQ] [http-nio-8080-exec-9] DEBUG org.hibernate.SQL - 
    select
        r1_0.id,
        r1_0.descripcion,
        r1_0.nombre 
    from
        roles r1_0 
    where
        r1_0.id=?
2026-05-23 20:36:59 [STOQ] [http-nio-8080-exec-5] DEBUG org.hibernate.SQL - 
    select
        u1_0.id,
        u1_0.abreviatura,
        u1_0.estado,
        u1_0.nombre 
    from
        unidades u1_0 
    where
        u1_0.id=?
2026-05-23 20:36:59 [STOQ] [http-nio-8080-exec-4] DEBUG org.hibernate.SQL - 
    select
        u1_0.id,
        u1_0.abreviatura,
        u1_0.estado,
        u1_0.nombre 
    from
        unidades u1_0 
    where
        u1_0.id=?
2026-05-23 20:36:59 [STOQ] [http-nio-8080-exec-5] DEBUG org.hibernate.SQL - 
    select
        c1_0.id,
        c1_0.descripcion,
        c1_0.estado,
        c1_0.fecha_creacion,
        c1_0.nombre 
    from
        categorias c1_0 
    where
        c1_0.id=?
2026-05-23 20:36:59 [STOQ] [http-nio-8080-exec-4] DEBUG org.hibernate.SQL - 
    select
        c1_0.id,
        c1_0.descripcion,
        c1_0.estado,
        c1_0.fecha_creacion,
        c1_0.nombre 
    from
        categorias c1_0 
    where
        c1_0.id=?
2026-05-23 20:36:59 [STOQ] [http-nio-8080-exec-9] DEBUG org.hibernate.SQL - 
    select
        c1_0.id,
        c1_0.nombre,
        count(p1_0.id),
        coalesce(sum(coalesce(p1_0.stock_actual, 0)), cast(0 as bigint)),
        coalesce(sum(coalesce(p1_0.stock_minimo, 0)), cast(0 as bigint)),
        cast(0 as bigint),
        cast(0 as bigint),
        cast(0 as bigint),
        cast(0 as bigint),
        cast(0 as bigint),
        cast(0 as bigint) 
    from
        productos p1_0 
    join
        categorias c1_0 
            on c1_0.id=p1_0.categoria_id 
    where
        p1_0.empresa=? 
        and p1_0.estado=true 
    group by
        c1_0.id,
        c1_0.nombre 
    order by
        c1_0.nombre
2026-05-23 20:36:59 [STOQ] [http-nio-8080-exec-5] DEBUG org.hibernate.SQL - 
    select
        c1_0.id,
        c1_0.descripcion,
        c1_0.estado,
        c1_0.fecha_creacion,
        c1_0.nombre 
    from
        categorias c1_0 
    where
        c1_0.id=?
2026-05-23 20:36:59 [STOQ] [http-nio-8080-exec-3] DEBUG o.s.security.web.FilterChainProxy - Securing GET /api/usuarios/me
2026-05-23 20:36:59 [STOQ] [http-nio-8080-exec-4] DEBUG org.hibernate.SQL - 
    select
        c1_0.id,
        c1_0.descripcion,
        c1_0.estado,
        c1_0.fecha_creacion,
        c1_0.nombre 
    from
        categorias c1_0 
    where
        c1_0.id=?
2026-05-23 20:36:59 [STOQ] [http-nio-8080-exec-3] DEBUG org.hibernate.SQL - 
    select
        u1_0.id,
        u1_0.contrasena_hash,
        u1_0.correo,
        u1_0.empresa,
        u1_0.estado,
        u1_0.nombre,
        u1_0.rol_id 
    from
        usuarios u1_0 
    where
        u1_0.correo=?
2026-05-23 20:36:59 [STOQ] [http-nio-8080-exec-9] DEBUG org.hibernate.SQL - 
    select
        c1_0.id,
        c1_0.nombre,
        cast(0 as bigint),
        cast(0 as bigint),
        cast(0 as bigint),
        count(mi1_0.id),
        coalesce(sum(mi1_0.cantidad), cast(0 as bigint)),
        coalesce(sum(case 
            when upper(mi1_0.tipo_movimiento)='ENTRADA' 
                then 1 
            else 0 
    end), cast(0 as bigint)),
    coalesce(sum(case 
        when upper(mi1_0.tipo_movimiento)='SALIDA' 
            then 1 
        else 0 
end), cast(0 as bigint)),
coalesce(sum(case 
    when upper(mi1_0.tipo_movimiento)='ENTRADA' 
        then mi1_0.cantidad 
    else 0 
end), cast(0 as bigint)),
coalesce(sum(case 
    when upper(mi1_0.tipo_movimiento)='SALIDA' 
        then mi1_0.cantidad 
    else 0 
end), cast(0 as bigint)) 
from
    movimientos_inventario mi1_0 
join
    productos p1_0 
        on p1_0.id=mi1_0.producto_id 
join
    categorias c1_0 
        on c1_0.id=p1_0.categoria_id 
where
    p1_0.empresa=? 
    and mi1_0.fecha_movimiento between ? and ? 
group by
    c1_0.id,
    c1_0.nombre 
order by
    c1_0.nombre
2026-05-23 20:37:00 [STOQ] [http-nio-8080-exec-5] DEBUG org.hibernate.SQL - 
    select
        c1_0.id,
        c1_0.descripcion,
        c1_0.estado,
        c1_0.fecha_creacion,
        c1_0.nombre 
    from
        categorias c1_0 
    where
        c1_0.id=?
2026-05-23 20:37:00 [STOQ] [http-nio-8080-exec-4] DEBUG org.hibernate.SQL - 
    select
        c1_0.id,
        c1_0.descripcion,
        c1_0.estado,
        c1_0.fecha_creacion,
        c1_0.nombre 
    from
        categorias c1_0 
    where
        c1_0.id=?
2026-05-23 20:37:00 [STOQ] [http-nio-8080-exec-9] INFO  c.P.s.a.aspects.ApiLoggingAspect - [STOQ-MONITOR] OUT GET /api/reportes/categorias | status=OK | time=1349 ms | endpoint=ReportesController.obtenerReporteCategorias(..)
2026-05-23 20:37:00 [STOQ] [http-nio-8080-exec-9] INFO  c.P.s.a.aspects.ApiLoggingAspect - [STOQ-MONITOR] ============================================================
2026-05-23 20:37:00 [STOQ] [http-nio-8080-exec-3] DEBUG org.hibernate.SQL - 
    select
        r1_0.id,
        r1_0.descripcion,
        r1_0.nombre 
    from
        roles r1_0 
    where
        r1_0.id=?
2026-05-23 20:37:00 [STOQ] [http-nio-8080-exec-5] DEBUG org.hibernate.SQL - 
    select
        a1_0.id,
        a1_0.fecha,
        a1_0.leida,
        a1_0.mensaje,
        a1_0.producto_id,
        p1_0.id,
        p1_0.categoria_id,
        c1_0.id,
        c1_0.descripcion,
        c1_0.estado,
        c1_0.fecha_creacion,
        c1_0.nombre,
        p1_0.codigo,
        p1_0.empresa,
        p1_0.estado,
        p1_0.fecha_actualizacion,
        p1_0.fecha_creacion,
        p1_0.nombre,
        p1_0.stock_actual,
        p1_0.stock_minimo,
        p1_0.ubicacion,
        p1_0.unidad_id,
        a1_0.tipo 
    from
        alertas a1_0 
    join
        productos p1_0 
            on p1_0.id=a1_0.producto_id 
    join
        categorias c1_0 
            on c1_0.id=p1_0.categoria_id
2026-05-23 20:37:00 [STOQ] [http-nio-8080-exec-4] INFO  c.P.s.a.aspects.ApiLoggingAspect - [STOQ-MONITOR] OUT GET /api/productos/criticos | status=OK | time=3128 ms | endpoint=ProductosController.obtenerProductosCriticos()
2026-05-23 20:37:00 [STOQ] [http-nio-8080-exec-4] INFO  c.P.s.a.aspects.ApiLoggingAspect - [STOQ-MONITOR] ============================================================
2026-05-23 20:37:00 [STOQ] [http-nio-8080-exec-8] DEBUG o.s.security.web.FilterChainProxy - Securing GET /api/productos/criticos
2026-05-23 20:37:00 [STOQ] [http-nio-8080-exec-8] DEBUG org.hibernate.SQL - 
    select
        u1_0.id,
        u1_0.contrasena_hash,
        u1_0.correo,
        u1_0.empresa,
        u1_0.estado,
        u1_0.nombre,
        u1_0.rol_id 
    from
        usuarios u1_0 
    where
        u1_0.correo=?
2026-05-23 20:37:00 [STOQ] [http-nio-8080-exec-3] INFO  c.Proyecto.stoq.security.JwtFilter - Authenticated request for email=gerente@gmail.com role=GERENTE path=/api/usuarios/me
2026-05-23 20:37:00 [STOQ] [http-nio-8080-exec-3] DEBUG o.s.security.web.FilterChainProxy - Secured GET /api/usuarios/me
2026-05-23 20:37:00 [STOQ] [http-nio-8080-exec-3] INFO  c.P.s.a.aspects.ApiLoggingAspect - [STOQ-MONITOR] ============================================================
2026-05-23 20:37:00 [STOQ] [http-nio-8080-exec-3] INFO  c.P.s.a.aspects.ApiLoggingAspect - [STOQ-MONITOR] IN  2026-05-23 20:37:00 | GET /api/usuarios/me | user=gerente@gmail.com | ip=0:0:0:0:0:0:0:1 | ua=Mozilla/5.0 (X11; Linux x86_64) AppleWebKit/537.36 (KHTML, like Gecko) Chrome/148.0.0.0 Safari/537.36
2026-05-23 20:37:00 [STOQ] [http-nio-8080-exec-3] DEBUG org.hibernate.SQL - 
    select
        u1_0.id,
        u1_0.contrasena_hash,
        u1_0.correo,
        u1_0.empresa,
        u1_0.estado,
        u1_0.nombre,
        u1_0.rol_id 
    from
        usuarios u1_0 
    where
        u1_0.correo=?
2026-05-23 20:37:00 [STOQ] [http-nio-8080-exec-2] DEBUG o.s.security.web.FilterChainProxy - Securing OPTIONS /api/alertas
2026-05-23 20:37:01 [STOQ] [http-nio-8080-exec-6] DEBUG o.s.security.web.FilterChainProxy - Securing GET /api/alertas
2026-05-23 20:37:01 [STOQ] [http-nio-8080-exec-3] DEBUG org.hibernate.SQL - 
    select
        r1_0.id,
        r1_0.descripcion,
        r1_0.nombre 
    from
        roles r1_0 
    where
        r1_0.id=?
2026-05-23 20:37:01 [STOQ] [http-nio-8080-exec-8] DEBUG org.hibernate.SQL - 
    select
        r1_0.id,
        r1_0.descripcion,
        r1_0.nombre 
    from
        roles r1_0 
    where
        r1_0.id=?
2026-05-23 20:37:01 [STOQ] [http-nio-8080-exec-6] DEBUG org.hibernate.SQL - 
    select
        u1_0.id,
        u1_0.contrasena_hash,
        u1_0.correo,
        u1_0.empresa,
        u1_0.estado,
        u1_0.nombre,
        u1_0.rol_id 
    from
        usuarios u1_0 
    where
        u1_0.correo=?
2026-05-23 20:37:01 [STOQ] [http-nio-8080-exec-6] DEBUG org.hibernate.SQL - 
    select
        r1_0.id,
        r1_0.descripcion,
        r1_0.nombre 
    from
        roles r1_0 
    where
        r1_0.id=?
2026-05-23 20:37:01 [STOQ] [http-nio-8080-exec-8] INFO  c.Proyecto.stoq.security.JwtFilter - Authenticated request for email=gerente@gmail.com role=GERENTE path=/api/productos/criticos
2026-05-23 20:37:01 [STOQ] [http-nio-8080-exec-3] INFO  c.P.s.a.aspects.ApiLoggingAspect - [STOQ-MONITOR] OUT GET /api/usuarios/me | status=OK | time=523 ms | endpoint=UsuarioController.obtenerUsuarioAutenticado(..)
2026-05-23 20:37:01 [STOQ] [http-nio-8080-exec-3] INFO  c.P.s.a.aspects.ApiLoggingAspect - [STOQ-MONITOR] ============================================================
2026-05-23 20:37:01 [STOQ] [http-nio-8080-exec-8] DEBUG o.s.security.web.FilterChainProxy - Secured GET /api/productos/criticos
2026-05-23 20:37:01 [STOQ] [http-nio-8080-exec-8] DEBUG o.s.s.a.m.AuthorizationManagerBeforeMethodInterceptor - Authorizing method invocation ReflectiveMethodInvocation: public java.util.List com.Proyecto.stoq.adapters.controllers.ProductosController.obtenerProductosCriticos(); target is of class [com.Proyecto.stoq.adapters.controllers.ProductosController]
2026-05-23 20:37:01 [STOQ] [http-nio-8080-exec-8] DEBUG o.s.s.a.m.AuthorizationManagerBeforeMethodInterceptor - Authorized method invocation ReflectiveMethodInvocation: public java.util.List com.Proyecto.stoq.adapters.controllers.ProductosController.obtenerProductosCriticos(); target is of class [com.Proyecto.stoq.adapters.controllers.ProductosController]
2026-05-23 20:37:01 [STOQ] [http-nio-8080-exec-8] INFO  c.P.s.a.aspects.ApiLoggingAspect - [STOQ-MONITOR] ============================================================
2026-05-23 20:37:01 [STOQ] [http-nio-8080-exec-8] INFO  c.P.s.a.aspects.ApiLoggingAspect - [STOQ-MONITOR] IN  2026-05-23 20:37:01 | GET /api/productos/criticos | user=gerente@gmail.com | ip=0:0:0:0:0:0:0:1 | ua=Mozilla/5.0 (X11; Linux x86_64) AppleWebKit/537.36 (KHTML, like Gecko) Chrome/148.0.0.0 Safari/537.36
2026-05-23 20:37:01 [STOQ] [http-nio-8080-exec-8] DEBUG org.hibernate.SQL - 
    select
        u1_0.id,
        u1_0.contrasena_hash,
        u1_0.correo,
        u1_0.empresa,
        u1_0.estado,
        u1_0.nombre,
        u1_0.rol_id 
    from
        usuarios u1_0 
    where
        u1_0.correo=?
2026-05-23 20:37:01 [STOQ] [http-nio-8080-exec-5] DEBUG org.hibernate.SQL - 
    select
        a1_0.id,
        a1_0.fecha,
        a1_0.leida,
        a1_0.mensaje,
        a1_0.producto_id,
        p1_0.id,
        p1_0.categoria_id,
        c1_0.id,
        c1_0.descripcion,
        c1_0.estado,
        c1_0.fecha_creacion,
        c1_0.nombre,
        p1_0.codigo,
        p1_0.empresa,
        p1_0.estado,
        p1_0.fecha_actualizacion,
        p1_0.fecha_creacion,
        p1_0.nombre,
        p1_0.stock_actual,
        p1_0.stock_minimo,
        p1_0.ubicacion,
        p1_0.unidad_id,
        a1_0.tipo 
    from
        alertas a1_0 
    join
        productos p1_0 
            on p1_0.id=a1_0.producto_id 
    join
        categorias c1_0 
            on c1_0.id=p1_0.categoria_id
2026-05-23 20:37:01 [STOQ] [http-nio-8080-exec-8] DEBUG org.hibernate.SQL - 
    select
        r1_0.id,
        r1_0.descripcion,
        r1_0.nombre 
    from
        roles r1_0 
    where
        r1_0.id=?
2026-05-23 20:37:01 [STOQ] [http-nio-8080-exec-6] INFO  c.Proyecto.stoq.security.JwtFilter - Authenticated request for email=gerente@gmail.com role=GERENTE path=/api/alertas
2026-05-23 20:37:01 [STOQ] [http-nio-8080-exec-6] DEBUG o.s.security.web.FilterChainProxy - Secured GET /api/alertas
2026-05-23 20:37:01 [STOQ] [http-nio-8080-exec-6] INFO  c.P.s.a.aspects.ApiLoggingAspect - [STOQ-MONITOR] ============================================================
2026-05-23 20:37:01 [STOQ] [http-nio-8080-exec-6] INFO  c.P.s.a.aspects.ApiLoggingAspect - [STOQ-MONITOR] IN  2026-05-23 20:37:01 | GET /api/alertas | user=gerente@gmail.com | ip=0:0:0:0:0:0:0:1 | ua=Mozilla/5.0 (X11; Linux x86_64) AppleWebKit/537.36 (KHTML, like Gecko) Chrome/148.0.0.0 Safari/537.36
2026-05-23 20:37:01 [STOQ] [http-nio-8080-exec-6] DEBUG org.hibernate.SQL - 
    select
        u1_0.id,
        u1_0.contrasena_hash,
        u1_0.correo,
        u1_0.empresa,
        u1_0.estado,
        u1_0.nombre,
        u1_0.rol_id 
    from
        usuarios u1_0 
    where
        u1_0.correo=?
2026-05-23 20:37:01 [STOQ] [http-nio-8080-exec-5] INFO  c.P.s.a.aspects.ApiLoggingAspect - [STOQ-MONITOR] OUT GET /api/alertas/resumen | status=OK | time=4295 ms | endpoint=AlertaController.obtenerResumen()
2026-05-23 20:37:01 [STOQ] [http-nio-8080-exec-6] DEBUG org.hibernate.SQL - 
    select
        r1_0.id,
        r1_0.descripcion,
        r1_0.nombre 
    from
        roles r1_0 
    where
        r1_0.id=?
2026-05-23 20:37:01 [STOQ] [http-nio-8080-exec-5] INFO  c.P.s.a.aspects.ApiLoggingAspect - [STOQ-MONITOR] ============================================================
2026-05-23 20:37:01 [STOQ] [http-nio-8080-exec-8] DEBUG org.hibernate.SQL - 
    select
        p1_0.id,
        p1_0.categoria_id,
        p1_0.codigo,
        p1_0.empresa,
        p1_0.estado,
        p1_0.fecha_actualizacion,
        p1_0.fecha_creacion,
        p1_0.nombre,
        p1_0.stock_actual,
        p1_0.stock_minimo,
        p1_0.ubicacion,
        p1_0.unidad_id 
    from
        productos p1_0
2026-05-23 20:37:01 [STOQ] [http-nio-8080-exec-10] DEBUG o.s.security.web.FilterChainProxy - Securing GET /api/alertas/resumen
2026-05-23 20:37:01 [STOQ] [http-nio-8080-exec-10] DEBUG org.hibernate.SQL - 
    select
        u1_0.id,
        u1_0.contrasena_hash,
        u1_0.correo,
        u1_0.empresa,
        u1_0.estado,
        u1_0.nombre,
        u1_0.rol_id 
    from
        usuarios u1_0 
    where
        u1_0.correo=?
2026-05-23 20:37:02 [STOQ] [http-nio-8080-exec-6] DEBUG org.hibernate.SQL - 
    select
        a1_0.id,
        a1_0.fecha,
        a1_0.leida,
        a1_0.mensaje,
        a1_0.producto_id,
        p1_0.id,
        p1_0.categoria_id,
        c1_0.id,
        c1_0.descripcion,
        c1_0.estado,
        c1_0.fecha_creacion,
        c1_0.nombre,
        p1_0.codigo,
        p1_0.empresa,
        p1_0.estado,
        p1_0.fecha_actualizacion,
        p1_0.fecha_creacion,
        p1_0.nombre,
        p1_0.stock_actual,
        p1_0.stock_minimo,
        p1_0.ubicacion,
        p1_0.unidad_id,
        a1_0.tipo 
    from
        alertas a1_0 
    join
        productos p1_0 
            on p1_0.id=a1_0.producto_id 
    join
        categorias c1_0 
            on c1_0.id=p1_0.categoria_id
2026-05-23 20:37:02 [STOQ] [http-nio-8080-exec-8] DEBUG org.hibernate.SQL - 
    select
        c1_0.id,
        c1_0.descripcion,
        c1_0.estado,
        c1_0.fecha_creacion,
        c1_0.nombre 
    from
        categorias c1_0 
    where
        c1_0.id=?
2026-05-23 20:37:02 [STOQ] [http-nio-8080-exec-10] DEBUG org.hibernate.SQL - 
    select
        r1_0.id,
        r1_0.descripcion,
        r1_0.nombre 
    from
        roles r1_0 
    where
        r1_0.id=?
2026-05-23 20:37:02 [STOQ] [http-nio-8080-exec-10] INFO  c.Proyecto.stoq.security.JwtFilter - Authenticated request for email=gerente@gmail.com role=GERENTE path=/api/alertas/resumen
2026-05-23 20:37:02 [STOQ] [http-nio-8080-exec-10] DEBUG o.s.security.web.FilterChainProxy - Secured GET /api/alertas/resumen
2026-05-23 20:37:02 [STOQ] [http-nio-8080-exec-8] DEBUG org.hibernate.SQL - 
    select
        u1_0.id,
        u1_0.abreviatura,
        u1_0.estado,
        u1_0.nombre 
    from
        unidades u1_0 
    where
        u1_0.id=?
2026-05-23 20:37:02 [STOQ] [http-nio-8080-exec-10] INFO  c.P.s.a.aspects.ApiLoggingAspect - [STOQ-MONITOR] ============================================================
2026-05-23 20:37:02 [STOQ] [http-nio-8080-exec-10] INFO  c.P.s.a.aspects.ApiLoggingAspect - [STOQ-MONITOR] IN  2026-05-23 20:37:02 | GET /api/alertas/resumen | user=gerente@gmail.com | ip=0:0:0:0:0:0:0:1 | ua=Mozilla/5.0 (X11; Linux x86_64) AppleWebKit/537.36 (KHTML, like Gecko) Chrome/148.0.0.0 Safari/537.36
2026-05-23 20:37:02 [STOQ] [http-nio-8080-exec-10] DEBUG org.hibernate.SQL - 
    select
        u1_0.id,
        u1_0.contrasena_hash,
        u1_0.correo,
        u1_0.empresa,
        u1_0.estado,
        u1_0.nombre,
        u1_0.rol_id 
    from
        usuarios u1_0 
    where
        u1_0.correo=?
2026-05-23 20:37:02 [STOQ] [http-nio-8080-exec-10] DEBUG org.hibernate.SQL - 
    select
        r1_0.id,
        r1_0.descripcion,
        r1_0.nombre 
    from
        roles r1_0 
    where
        r1_0.id=?
2026-05-23 20:37:02 [STOQ] [http-nio-8080-exec-8] DEBUG org.hibernate.SQL - 
    select
        u1_0.id,
        u1_0.abreviatura,
        u1_0.estado,
        u1_0.nombre 
    from
        unidades u1_0 
    where
        u1_0.id=?
2026-05-23 20:37:02 [STOQ] [http-nio-8080-exec-6] INFO  c.P.s.a.aspects.ApiLoggingAspect - [STOQ-MONITOR] OUT GET /api/alertas | status=OK | time=1227 ms | endpoint=AlertaController.obtenerAlertas()
2026-05-23 20:37:02 [STOQ] [http-nio-8080-exec-6] INFO  c.P.s.a.aspects.ApiLoggingAspect - [STOQ-MONITOR] ============================================================
2026-05-23 20:37:03 [STOQ] [http-nio-8080-exec-8] DEBUG org.hibernate.SQL - 
    select
        u1_0.id,
        u1_0.abreviatura,
        u1_0.estado,
        u1_0.nombre 
    from
        unidades u1_0 
    where
        u1_0.id=?
2026-05-23 20:37:03 [STOQ] [http-nio-8080-exec-10] DEBUG org.hibernate.SQL - 
    select
        p1_0.id,
        p1_0.categoria_id,
        p1_0.codigo,
        p1_0.empresa,
        p1_0.estado,
        p1_0.fecha_actualizacion,
        p1_0.fecha_creacion,
        p1_0.nombre,
        p1_0.stock_actual,
        p1_0.stock_minimo,
        p1_0.ubicacion,
        p1_0.unidad_id 
    from
        productos p1_0
2026-05-23 20:37:03 [STOQ] [http-nio-8080-exec-8] DEBUG org.hibernate.SQL - 
    select
        u1_0.id,
        u1_0.abreviatura,
        u1_0.estado,
        u1_0.nombre 
    from
        unidades u1_0 
    where
        u1_0.id=?
2026-05-23 20:37:03 [STOQ] [http-nio-8080-exec-10] DEBUG org.hibernate.SQL - 
    select
        c1_0.id,
        c1_0.descripcion,
        c1_0.estado,
        c1_0.fecha_creacion,
        c1_0.nombre 
    from
        categorias c1_0 
    where
        c1_0.id=?
2026-05-23 20:37:03 [STOQ] [http-nio-8080-exec-8] DEBUG org.hibernate.SQL - 
    select
        c1_0.id,
        c1_0.descripcion,
        c1_0.estado,
        c1_0.fecha_creacion,
        c1_0.nombre 
    from
        categorias c1_0 
    where
        c1_0.id=?
2026-05-23 20:37:03 [STOQ] [http-nio-8080-exec-10] DEBUG org.hibernate.SQL - 
    select
        u1_0.id,
        u1_0.abreviatura,
        u1_0.estado,
        u1_0.nombre 
    from
        unidades u1_0 
    where
        u1_0.id=?
2026-05-23 20:37:04 [STOQ] [http-nio-8080-exec-8] DEBUG org.hibernate.SQL - 
    select
        c1_0.id,
        c1_0.descripcion,
        c1_0.estado,
        c1_0.fecha_creacion,
        c1_0.nombre 
    from
        categorias c1_0 
    where
        c1_0.id=?
2026-05-23 20:37:04 [STOQ] [http-nio-8080-exec-10] DEBUG org.hibernate.SQL - 
    select
        u1_0.id,
        u1_0.abreviatura,
        u1_0.estado,
        u1_0.nombre 
    from
        unidades u1_0 
    where
        u1_0.id=?
2026-05-23 20:37:04 [STOQ] [http-nio-8080-exec-8] DEBUG org.hibernate.SQL - 
    select
        c1_0.id,
        c1_0.descripcion,
        c1_0.estado,
        c1_0.fecha_creacion,
        c1_0.nombre 
    from
        categorias c1_0 
    where
        c1_0.id=?
2026-05-23 20:37:04 [STOQ] [http-nio-8080-exec-10] DEBUG org.hibernate.SQL - 
    select
        u1_0.id,
        u1_0.abreviatura,
        u1_0.estado,
        u1_0.nombre 
    from
        unidades u1_0 
    where
        u1_0.id=?
2026-05-23 20:37:04 [STOQ] [http-nio-8080-exec-10] DEBUG org.hibernate.SQL - 
    select
        u1_0.id,
        u1_0.abreviatura,
        u1_0.estado,
        u1_0.nombre 
    from
        unidades u1_0 
    where
        u1_0.id=?
2026-05-23 20:37:04 [STOQ] [http-nio-8080-exec-8] INFO  c.P.s.a.aspects.ApiLoggingAspect - [STOQ-MONITOR] OUT GET /api/productos/criticos | status=OK | time=3668 ms | endpoint=ProductosController.obtenerProductosCriticos()
2026-05-23 20:37:04 [STOQ] [http-nio-8080-exec-8] INFO  c.P.s.a.aspects.ApiLoggingAspect - [STOQ-MONITOR] ============================================================
2026-05-23 20:37:04 [STOQ] [http-nio-8080-exec-10] DEBUG org.hibernate.SQL - 
    select
        c1_0.id,
        c1_0.descripcion,
        c1_0.estado,
        c1_0.fecha_creacion,
        c1_0.nombre 
    from
        categorias c1_0 
    where
        c1_0.id=?
2026-05-23 20:37:04 [STOQ] [http-nio-8080-exec-1] DEBUG o.s.security.web.FilterChainProxy - Securing GET /api/productos/criticos
2026-05-23 20:37:05 [STOQ] [http-nio-8080-exec-1] DEBUG org.hibernate.SQL - 
    select
        u1_0.id,
        u1_0.contrasena_hash,
        u1_0.correo,
        u1_0.empresa,
        u1_0.estado,
        u1_0.nombre,
        u1_0.rol_id 
    from
        usuarios u1_0 
    where
        u1_0.correo=?
2026-05-23 20:37:05 [STOQ] [http-nio-8080-exec-1] DEBUG org.hibernate.SQL - 
    select
        r1_0.id,
        r1_0.descripcion,
        r1_0.nombre 
    from
        roles r1_0 
    where
        r1_0.id=?
2026-05-23 20:37:05 [STOQ] [http-nio-8080-exec-10] DEBUG org.hibernate.SQL - 
    select
        c1_0.id,
        c1_0.descripcion,
        c1_0.estado,
        c1_0.fecha_creacion,
        c1_0.nombre 
    from
        categorias c1_0 
    where
        c1_0.id=?
2026-05-23 20:37:05 [STOQ] [http-nio-8080-exec-1] INFO  c.Proyecto.stoq.security.JwtFilter - Authenticated request for email=gerente@gmail.com role=GERENTE path=/api/productos/criticos
2026-05-23 20:37:05 [STOQ] [http-nio-8080-exec-10] DEBUG org.hibernate.SQL - 
    select
        c1_0.id,
        c1_0.descripcion,
        c1_0.estado,
        c1_0.fecha_creacion,
        c1_0.nombre 
    from
        categorias c1_0 
    where
        c1_0.id=?
2026-05-23 20:37:05 [STOQ] [http-nio-8080-exec-1] DEBUG o.s.security.web.FilterChainProxy - Secured GET /api/productos/criticos
2026-05-23 20:37:05 [STOQ] [http-nio-8080-exec-1] DEBUG o.s.s.a.m.AuthorizationManagerBeforeMethodInterceptor - Authorizing method invocation ReflectiveMethodInvocation: public java.util.List com.Proyecto.stoq.adapters.controllers.ProductosController.obtenerProductosCriticos(); target is of class [com.Proyecto.stoq.adapters.controllers.ProductosController]
2026-05-23 20:37:05 [STOQ] [http-nio-8080-exec-1] DEBUG o.s.s.a.m.AuthorizationManagerBeforeMethodInterceptor - Authorized method invocation ReflectiveMethodInvocation: public java.util.List com.Proyecto.stoq.adapters.controllers.ProductosController.obtenerProductosCriticos(); target is of class [com.Proyecto.stoq.adapters.controllers.ProductosController]
2026-05-23 20:37:05 [STOQ] [http-nio-8080-exec-1] INFO  c.P.s.a.aspects.ApiLoggingAspect - [STOQ-MONITOR] ============================================================
2026-05-23 20:37:05 [STOQ] [http-nio-8080-exec-1] INFO  c.P.s.a.aspects.ApiLoggingAspect - [STOQ-MONITOR] IN  2026-05-23 20:37:05 | GET /api/productos/criticos | user=gerente@gmail.com | ip=0:0:0:0:0:0:0:1 | ua=Mozilla/5.0 (X11; Linux x86_64) AppleWebKit/537.36 (KHTML, like Gecko) Chrome/148.0.0.0 Safari/537.36
2026-05-23 20:37:05 [STOQ] [http-nio-8080-exec-1] DEBUG org.hibernate.SQL - 
    select
        u1_0.id,
        u1_0.contrasena_hash,
        u1_0.correo,
        u1_0.empresa,
        u1_0.estado,
        u1_0.nombre,
        u1_0.rol_id 
    from
        usuarios u1_0 
    where
        u1_0.correo=?
2026-05-23 20:37:05 [STOQ] [http-nio-8080-exec-1] DEBUG org.hibernate.SQL - 
    select
        r1_0.id,
        r1_0.descripcion,
        r1_0.nombre 
    from
        roles r1_0 
    where
        r1_0.id=?
2026-05-23 20:37:06 [STOQ] [http-nio-8080-exec-1] DEBUG org.hibernate.SQL - 
    select
        p1_0.id,
        p1_0.categoria_id,
        p1_0.codigo,
        p1_0.empresa,
        p1_0.estado,
        p1_0.fecha_actualizacion,
        p1_0.fecha_creacion,
        p1_0.nombre,
        p1_0.stock_actual,
        p1_0.stock_minimo,
        p1_0.ubicacion,
        p1_0.unidad_id 
    from
        productos p1_0
2026-05-23 20:37:06 [STOQ] [http-nio-8080-exec-10] DEBUG org.hibernate.SQL - 
    select
        a1_0.id,
        a1_0.fecha,
        a1_0.leida,
        a1_0.mensaje,
        a1_0.producto_id,
        p1_0.id,
        p1_0.categoria_id,
        c1_0.id,
        c1_0.descripcion,
        c1_0.estado,
        c1_0.fecha_creacion,
        c1_0.nombre,
        p1_0.codigo,
        p1_0.empresa,
        p1_0.estado,
        p1_0.fecha_actualizacion,
        p1_0.fecha_creacion,
        p1_0.nombre,
        p1_0.stock_actual,
        p1_0.stock_minimo,
        p1_0.ubicacion,
        p1_0.unidad_id,
        a1_0.tipo 
    from
        alertas a1_0 
    join
        productos p1_0 
            on p1_0.id=a1_0.producto_id 
    join
        categorias c1_0 
            on c1_0.id=p1_0.categoria_id
2026-05-23 20:37:06 [STOQ] [http-nio-8080-exec-1] DEBUG org.hibernate.SQL - 
    select
        c1_0.id,
        c1_0.descripcion,
        c1_0.estado,
        c1_0.fecha_creacion,
        c1_0.nombre 
    from
        categorias c1_0 
    where
        c1_0.id=?
2026-05-23 20:37:06 [STOQ] [http-nio-8080-exec-10] DEBUG org.hibernate.SQL - 
    select
        a1_0.id,
        a1_0.fecha,
        a1_0.leida,
        a1_0.mensaje,
        a1_0.producto_id,
        p1_0.id,
        p1_0.categoria_id,
        c1_0.id,
        c1_0.descripcion,
        c1_0.estado,
        c1_0.fecha_creacion,
        c1_0.nombre,
        p1_0.codigo,
        p1_0.empresa,
        p1_0.estado,
        p1_0.fecha_actualizacion,
        p1_0.fecha_creacion,
        p1_0.nombre,
        p1_0.stock_actual,
        p1_0.stock_minimo,
        p1_0.ubicacion,
        p1_0.unidad_id,
        a1_0.tipo 
    from
        alertas a1_0 
    join
        productos p1_0 
            on p1_0.id=a1_0.producto_id 
    join
        categorias c1_0 
            on c1_0.id=p1_0.categoria_id
2026-05-23 20:37:06 [STOQ] [http-nio-8080-exec-1] DEBUG org.hibernate.SQL - 
    select
        u1_0.id,
        u1_0.abreviatura,
        u1_0.estado,
        u1_0.nombre 
    from
        unidades u1_0 
    where
        u1_0.id=?
2026-05-23 20:37:07 [STOQ] [http-nio-8080-exec-1] DEBUG org.hibernate.SQL - 
    select
        u1_0.id,
        u1_0.abreviatura,
        u1_0.estado,
        u1_0.nombre 
    from
        unidades u1_0 
    where
        u1_0.id=?
2026-05-23 20:37:07 [STOQ] [http-nio-8080-exec-10] INFO  c.P.s.a.aspects.ApiLoggingAspect - [STOQ-MONITOR] OUT GET /api/alertas/resumen | status=OK | time=4878 ms | endpoint=AlertaController.obtenerResumen()
2026-05-23 20:37:07 [STOQ] [http-nio-8080-exec-1] DEBUG org.hibernate.SQL - 
    select
        u1_0.id,
        u1_0.abreviatura,
        u1_0.estado,
        u1_0.nombre 
    from
        unidades u1_0 
    where
        u1_0.id=?
2026-05-23 20:37:07 [STOQ] [http-nio-8080-exec-10] INFO  c.P.s.a.aspects.ApiLoggingAspect - [STOQ-MONITOR] ============================================================
2026-05-23 20:37:07 [STOQ] [http-nio-8080-exec-7] DEBUG o.s.security.web.FilterChainProxy - Securing GET /api/alertas/resumen
2026-05-23 20:37:07 [STOQ] [http-nio-8080-exec-7] DEBUG org.hibernate.SQL - 
    select
        u1_0.id,
        u1_0.contrasena_hash,
        u1_0.correo,
        u1_0.empresa,
        u1_0.estado,
        u1_0.nombre,
        u1_0.rol_id 
    from
        usuarios u1_0 
    where
        u1_0.correo=?
2026-05-23 20:37:07 [STOQ] [http-nio-8080-exec-1] DEBUG org.hibernate.SQL - 
    select
        u1_0.id,
        u1_0.abreviatura,
        u1_0.estado,
        u1_0.nombre 
    from
        unidades u1_0 
    where
        u1_0.id=?
2026-05-23 20:37:07 [STOQ] [http-nio-8080-exec-7] DEBUG org.hibernate.SQL - 
    select
        r1_0.id,
        r1_0.descripcion,
        r1_0.nombre 
    from
        roles r1_0 
    where
        r1_0.id=?
2026-05-23 20:37:07 [STOQ] [http-nio-8080-exec-7] INFO  c.Proyecto.stoq.security.JwtFilter - Authenticated request for email=gerente@gmail.com role=GERENTE path=/api/alertas/resumen
2026-05-23 20:37:07 [STOQ] [http-nio-8080-exec-1] DEBUG org.hibernate.SQL - 
    select
        c1_0.id,
        c1_0.descripcion,
        c1_0.estado,
        c1_0.fecha_creacion,
        c1_0.nombre 
    from
        categorias c1_0 
    where
        c1_0.id=?
2026-05-23 20:37:07 [STOQ] [http-nio-8080-exec-7] DEBUG o.s.security.web.FilterChainProxy - Secured GET /api/alertas/resumen
2026-05-23 20:37:07 [STOQ] [http-nio-8080-exec-7] INFO  c.P.s.a.aspects.ApiLoggingAspect - [STOQ-MONITOR] ============================================================
2026-05-23 20:37:07 [STOQ] [http-nio-8080-exec-7] INFO  c.P.s.a.aspects.ApiLoggingAspect - [STOQ-MONITOR] IN  2026-05-23 20:37:07 | GET /api/alertas/resumen | user=gerente@gmail.com | ip=0:0:0:0:0:0:0:1 | ua=Mozilla/5.0 (X11; Linux x86_64) AppleWebKit/537.36 (KHTML, like Gecko) Chrome/148.0.0.0 Safari/537.36
2026-05-23 20:37:07 [STOQ] [http-nio-8080-exec-7] DEBUG org.hibernate.SQL - 
    select
        u1_0.id,
        u1_0.contrasena_hash,
        u1_0.correo,
        u1_0.empresa,
        u1_0.estado,
        u1_0.nombre,
        u1_0.rol_id 
    from
        usuarios u1_0 
    where
        u1_0.correo=?
2026-05-23 20:37:08 [STOQ] [http-nio-8080-exec-7] DEBUG org.hibernate.SQL - 
    select
        r1_0.id,
        r1_0.descripcion,
        r1_0.nombre 
    from
        roles r1_0 
    where
        r1_0.id=?
2026-05-23 20:37:08 [STOQ] [http-nio-8080-exec-1] DEBUG org.hibernate.SQL - 
    select
        c1_0.id,
        c1_0.descripcion,
        c1_0.estado,
        c1_0.fecha_creacion,
        c1_0.nombre 
    from
        categorias c1_0 
    where
        c1_0.id=?
2026-05-23 20:37:08 [STOQ] [http-nio-8080-exec-1] DEBUG org.hibernate.SQL - 
    select
        c1_0.id,
        c1_0.descripcion,
        c1_0.estado,
        c1_0.fecha_creacion,
        c1_0.nombre 
    from
        categorias c1_0 
    where
        c1_0.id=?
2026-05-23 20:37:08 [STOQ] [http-nio-8080-exec-7] DEBUG org.hibernate.SQL - 
    select
        p1_0.id,
        p1_0.categoria_id,
        p1_0.codigo,
        p1_0.empresa,
        p1_0.estado,
        p1_0.fecha_actualizacion,
        p1_0.fecha_creacion,
        p1_0.nombre,
        p1_0.stock_actual,
        p1_0.stock_minimo,
        p1_0.ubicacion,
        p1_0.unidad_id 
    from
        productos p1_0
2026-05-23 20:37:08 [STOQ] [http-nio-8080-exec-7] DEBUG org.hibernate.SQL - 
    select
        c1_0.id,
        c1_0.descripcion,
        c1_0.estado,
        c1_0.fecha_creacion,
        c1_0.nombre 
    from
        categorias c1_0 
    where
        c1_0.id=?
2026-05-23 20:37:09 [STOQ] [http-nio-8080-exec-1] INFO  c.P.s.a.aspects.ApiLoggingAspect - [STOQ-MONITOR] OUT GET /api/productos/criticos | status=OK | time=3577 ms | endpoint=ProductosController.obtenerProductosCriticos()
2026-05-23 20:37:09 [STOQ] [http-nio-8080-exec-1] INFO  c.P.s.a.aspects.ApiLoggingAspect - [STOQ-MONITOR] ============================================================
2026-05-23 20:37:09 [STOQ] [http-nio-8080-exec-7] DEBUG org.hibernate.SQL - 
    select
        u1_0.id,
        u1_0.abreviatura,
        u1_0.estado,
        u1_0.nombre 
    from
        unidades u1_0 
    where
        u1_0.id=?
2026-05-23 20:37:09 [STOQ] [http-nio-8080-exec-9] DEBUG o.s.security.web.FilterChainProxy - Securing GET /api/productos/criticos
2026-05-23 20:37:09 [STOQ] [http-nio-8080-exec-9] DEBUG org.hibernate.SQL - 
    select
        u1_0.id,
        u1_0.contrasena_hash,
        u1_0.correo,
        u1_0.empresa,
        u1_0.estado,
        u1_0.nombre,
        u1_0.rol_id 
    from
        usuarios u1_0 
    where
        u1_0.correo=?
2026-05-23 20:37:09 [STOQ] [http-nio-8080-exec-9] DEBUG org.hibernate.SQL - 
    select
        r1_0.id,
        r1_0.descripcion,
        r1_0.nombre 
    from
        roles r1_0 
    where
        r1_0.id=?
2026-05-23 20:37:09 [STOQ] [http-nio-8080-exec-7] DEBUG org.hibernate.SQL - 
    select
        u1_0.id,
        u1_0.abreviatura,
        u1_0.estado,
        u1_0.nombre 
    from
        unidades u1_0 
    where
        u1_0.id=?
2026-05-23 20:37:09 [STOQ] [http-nio-8080-exec-7] DEBUG org.hibernate.SQL - 
    select
        u1_0.id,
        u1_0.abreviatura,
        u1_0.estado,
        u1_0.nombre 
    from
        unidades u1_0 
    where
        u1_0.id=?
2026-05-23 20:37:09 [STOQ] [http-nio-8080-exec-9] INFO  c.Proyecto.stoq.security.JwtFilter - Authenticated request for email=gerente@gmail.com role=GERENTE path=/api/productos/criticos
2026-05-23 20:37:09 [STOQ] [http-nio-8080-exec-9] DEBUG o.s.security.web.FilterChainProxy - Secured GET /api/productos/criticos
2026-05-23 20:37:09 [STOQ] [http-nio-8080-exec-9] DEBUG o.s.s.a.m.AuthorizationManagerBeforeMethodInterceptor - Authorizing method invocation ReflectiveMethodInvocation: public java.util.List com.Proyecto.stoq.adapters.controllers.ProductosController.obtenerProductosCriticos(); target is of class [com.Proyecto.stoq.adapters.controllers.ProductosController]
2026-05-23 20:37:09 [STOQ] [http-nio-8080-exec-9] DEBUG o.s.s.a.m.AuthorizationManagerBeforeMethodInterceptor - Authorized method invocation ReflectiveMethodInvocation: public java.util.List com.Proyecto.stoq.adapters.controllers.ProductosController.obtenerProductosCriticos(); target is of class [com.Proyecto.stoq.adapters.controllers.ProductosController]
2026-05-23 20:37:09 [STOQ] [http-nio-8080-exec-9] INFO  c.P.s.a.aspects.ApiLoggingAspect - [STOQ-MONITOR] ============================================================
2026-05-23 20:37:09 [STOQ] [http-nio-8080-exec-9] INFO  c.P.s.a.aspects.ApiLoggingAspect - [STOQ-MONITOR] IN  2026-05-23 20:37:09 | GET /api/productos/criticos | user=gerente@gmail.com | ip=0:0:0:0:0:0:0:1 | ua=Mozilla/5.0 (X11; Linux x86_64) AppleWebKit/537.36 (KHTML, like Gecko) Chrome/148.0.0.0 Safari/537.36
2026-05-23 20:37:09 [STOQ] [http-nio-8080-exec-9] DEBUG org.hibernate.SQL - 
    select
        u1_0.id,
        u1_0.contrasena_hash,
        u1_0.correo,
        u1_0.empresa,
        u1_0.estado,
        u1_0.nombre,
        u1_0.rol_id 
    from
        usuarios u1_0 
    where
        u1_0.correo=?
2026-05-23 20:37:10 [STOQ] [http-nio-8080-exec-7] DEBUG org.hibernate.SQL - 
    select
        u1_0.id,
        u1_0.abreviatura,
        u1_0.estado,
        u1_0.nombre 
    from
        unidades u1_0 
    where
        u1_0.id=?
2026-05-23 20:37:10 [STOQ] [http-nio-8080-exec-9] DEBUG org.hibernate.SQL - 
    select
        r1_0.id,
        r1_0.descripcion,
        r1_0.nombre 
    from
        roles r1_0 
    where
        r1_0.id=?
2026-05-23 20:37:10 [STOQ] [SpringApplicationShutdownHook] INFO  o.s.boot.tomcat.GracefulShutdown - Commencing graceful shutdown. Waiting for active requests to complete
2026-05-23 20:37:10 [STOQ] [http-nio-8080-exec-7] DEBUG org.hibernate.SQL - 
    select
        c1_0.id,
        c1_0.descripcion,
        c1_0.estado,
        c1_0.fecha_creacion,
        c1_0.nombre 
    from
        categorias c1_0 
    where
        c1_0.id=?
2026-05-23 20:37:10 [STOQ] [http-nio-8080-exec-9] DEBUG org.hibernate.SQL - 
    select
        p1_0.id,
        p1_0.categoria_id,
        p1_0.codigo,
        p1_0.empresa,
        p1_0.estado,
        p1_0.fecha_actualizacion,
        p1_0.fecha_creacion,
        p1_0.nombre,
        p1_0.stock_actual,
        p1_0.stock_minimo,
        p1_0.ubicacion,
        p1_0.unidad_id 
    from
        productos p1_0
2026-05-23 20:37:10 [STOQ] [http-nio-8080-exec-7] DEBUG org.hibernate.SQL - 
    select
        c1_0.id,
        c1_0.descripcion,
        c1_0.estado,
        c1_0.fecha_creacion,
        c1_0.nombre 
    from
        categorias c1_0 
    where
        c1_0.id=?
2026-05-23 20:37:10 [STOQ] [http-nio-8080-exec-9] DEBUG org.hibernate.SQL - 
    select
        c1_0.id,
        c1_0.descripcion,
        c1_0.estado,
        c1_0.fecha_creacion,
        c1_0.nombre 
    from
        categorias c1_0 
    where
        c1_0.id=?
2026-05-23 20:37:11 [STOQ] [http-nio-8080-exec-7] DEBUG org.hibernate.SQL - 
    select
        c1_0.id,
        c1_0.descripcion,
        c1_0.estado,
        c1_0.fecha_creacion,
        c1_0.nombre 
    from
        categorias c1_0 
    where
        c1_0.id=?
2026-05-23 20:37:11 [STOQ] [http-nio-8080-exec-9] DEBUG org.hibernate.SQL - 
    select
        u1_0.id,
        u1_0.abreviatura,
        u1_0.estado,
        u1_0.nombre 
    from
        unidades u1_0 
    where
        u1_0.id=?
2026-05-23 20:37:11 [STOQ] [http-nio-8080-exec-9] DEBUG org.hibernate.SQL - 
    select
        u1_0.id,
        u1_0.abreviatura,
        u1_0.estado,
        u1_0.nombre 
    from
        unidades u1_0 
    where
        u1_0.id=?
2026-05-23 20:37:11 [STOQ] [http-nio-8080-exec-9] DEBUG org.hibernate.SQL - 
    select
        u1_0.id,
        u1_0.abreviatura,
        u1_0.estado,
        u1_0.nombre 
    from
        unidades u1_0 
    where
        u1_0.id=?
2026-05-23 20:37:11 [STOQ] [http-nio-8080-exec-7] DEBUG org.hibernate.SQL - 
    select
        a1_0.id,
        a1_0.fecha,
        a1_0.leida,
        a1_0.mensaje,
        a1_0.producto_id,
        p1_0.id,
        p1_0.categoria_id,
        c1_0.id,
        c1_0.descripcion,
        c1_0.estado,
        c1_0.fecha_creacion,
        c1_0.nombre,
        p1_0.codigo,
        p1_0.empresa,
        p1_0.estado,
        p1_0.fecha_actualizacion,
        p1_0.fecha_creacion,
        p1_0.nombre,
        p1_0.stock_actual,
        p1_0.stock_minimo,
        p1_0.ubicacion,
        p1_0.unidad_id,
        a1_0.tipo 
    from
        alertas a1_0 
    join
        productos p1_0 
            on p1_0.id=a1_0.producto_id 
    join
        categorias c1_0 
            on c1_0.id=p1_0.categoria_id
2026-05-23 20:37:11 [STOQ] [http-nio-8080-exec-9] DEBUG org.hibernate.SQL - 
    select
        u1_0.id,
        u1_0.abreviatura,
        u1_0.estado,
        u1_0.nombre 
    from
        unidades u1_0 
    where
        u1_0.id=?
2026-05-23 20:37:12 [STOQ] [http-nio-8080-exec-9] DEBUG org.hibernate.SQL - 
    select
        c1_0.id,
        c1_0.descripcion,
        c1_0.estado,
        c1_0.fecha_creacion,
        c1_0.nombre 
    from
        categorias c1_0 
    where
        c1_0.id=?
2026-05-23 20:37:12 [STOQ] [http-nio-8080-exec-7] DEBUG org.hibernate.SQL - 
    select
        a1_0.id,
        a1_0.fecha,
        a1_0.leida,
        a1_0.mensaje,
        a1_0.producto_id,
        p1_0.id,
        p1_0.categoria_id,
        c1_0.id,
        c1_0.descripcion,
        c1_0.estado,
        c1_0.fecha_creacion,
        c1_0.nombre,
        p1_0.codigo,
        p1_0.empresa,
        p1_0.estado,
        p1_0.fecha_actualizacion,
        p1_0.fecha_creacion,
        p1_0.nombre,
        p1_0.stock_actual,
        p1_0.stock_minimo,
        p1_0.ubicacion,
        p1_0.unidad_id,
        a1_0.tipo 
    from
        alertas a1_0 
    join
        productos p1_0 
            on p1_0.id=a1_0.producto_id 
    join
        categorias c1_0 
            on c1_0.id=p1_0.categoria_id
2026-05-23 20:37:12 [STOQ] [http-nio-8080-exec-9] DEBUG org.hibernate.SQL - 
    select
        c1_0.id,
        c1_0.descripcion,
        c1_0.estado,
        c1_0.fecha_creacion,
        c1_0.nombre 
    from
        categorias c1_0 
    where
        c1_0.id=?
2026-05-23 20:37:12 [STOQ] [http-nio-8080-exec-7] INFO  c.P.s.a.aspects.ApiLoggingAspect - [STOQ-MONITOR] OUT GET /api/alertas/resumen | status=OK | time=4846 ms | endpoint=AlertaController.obtenerResumen()
2026-05-23 20:37:12 [STOQ] [http-nio-8080-exec-7] INFO  c.P.s.a.aspects.ApiLoggingAspect - [STOQ-MONITOR] ============================================================
2026-05-23 20:37:12 [STOQ] [http-nio-8080-exec-9] DEBUG org.hibernate.SQL - 
    select
        c1_0.id,
        c1_0.descripcion,
        c1_0.estado,
        c1_0.fecha_creacion,
        c1_0.nombre 
    from
        categorias c1_0 
    where
        c1_0.id=?
2026-05-23 20:37:13 [STOQ] [http-nio-8080-exec-9] INFO  c.P.s.a.aspects.ApiLoggingAspect - [STOQ-MONITOR] OUT GET /api/productos/criticos | status=OK | time=3628 ms | endpoint=ProductosController.obtenerProductosCriticos()
2026-05-23 20:37:13 [STOQ] [http-nio-8080-exec-9] INFO  c.P.s.a.aspects.ApiLoggingAspect - [STOQ-MONITOR] ============================================================
2026-05-23 20:37:13 [STOQ] [tomcat-shutdown] INFO  o.s.boot.tomcat.GracefulShutdown - Graceful shutdown complete
2026-05-23 20:37:13 [STOQ] [SpringApplicationShutdownHook] INFO  o.s.o.j.LocalContainerEntityManagerFactoryBean - Closing JPA EntityManagerFactory for persistence unit 'default'
2026-05-23 20:37:13 [STOQ] [SpringApplicationShutdownHook] INFO  com.zaxxer.hikari.HikariDataSource - HikariPool-1 - Shutdown initiated...
2026-05-23 20:37:15 [STOQ] [SpringApplicationShutdownHook] INFO  com.zaxxer.hikari.HikariDataSource - HikariPool-1 - Shutdown completed.
2026-05-23 20:37:26 [STOQ] [restartedMain] INFO  com.Proyecto.stoq.StoqApplication - Starting StoqApplication using Java 25 with PID 42852 (/home/robert/Documents/TallerSisInfo/Stoq-backend/build/classes/java/main started by robert in /home/robert/Documents/TallerSisInfo/Stoq-backend)
2026-05-23 20:37:26 [STOQ] [restartedMain] DEBUG com.Proyecto.stoq.StoqApplication - Running with Spring Boot v4.0.3, Spring v7.0.5
2026-05-23 20:37:26 [STOQ] [restartedMain] INFO  com.Proyecto.stoq.StoqApplication - No active profile set, falling back to 1 default profile: "default"
2026-05-23 20:37:26 [STOQ] [restartedMain] INFO  o.s.b.d.e.DevToolsPropertyDefaultsPostProcessor - Devtools property defaults active! Set 'spring.devtools.add-properties' to 'false' to disable
2026-05-23 20:37:26 [STOQ] [restartedMain] INFO  o.s.b.d.e.DevToolsPropertyDefaultsPostProcessor - For additional web related logging consider setting the 'logging.level.web' property to 'DEBUG'
2026-05-23 20:37:30 [STOQ] [restartedMain] INFO  o.s.d.r.c.RepositoryConfigurationDelegate - Bootstrapping Spring Data JPA repositories in DEFAULT mode.
2026-05-23 20:37:30 [STOQ] [restartedMain] INFO  o.s.d.r.c.RepositoryConfigurationDelegate - Finished Spring Data repository scanning in 268 ms. Found 9 JPA repository interfaces.
2026-05-23 20:37:37 [STOQ] [restartedMain] INFO  o.s.boot.tomcat.TomcatWebServer - Tomcat initialized with port 8080 (http)
2026-05-23 20:37:37 [STOQ] [restartedMain] INFO  o.a.catalina.core.StandardService - Starting service [Tomcat]
2026-05-23 20:37:37 [STOQ] [restartedMain] INFO  o.a.catalina.core.StandardEngine - Starting Servlet engine: [Apache Tomcat/11.0.18]
2026-05-23 20:37:37 [STOQ] [restartedMain] INFO  o.s.b.w.c.s.WebApplicationContextInitializer - Root WebApplicationContext: initialization completed in 11125 ms
2026-05-23 20:37:40 [STOQ] [restartedMain] INFO  org.hibernate.orm.jpa - HHH008540: Processing PersistenceUnitInfo [name: default]
2026-05-23 20:37:40 [STOQ] [restartedMain] INFO  org.hibernate.orm.core - HHH000001: Hibernate ORM core version 7.2.4.Final
2026-05-23 20:37:42 [STOQ] [restartedMain] INFO  o.s.o.j.p.SpringPersistenceUnitInfo - No LoadTimeWeaver setup: ignoring JPA class transformer
2026-05-23 20:37:42 [STOQ] [restartedMain] INFO  com.zaxxer.hikari.HikariDataSource - HikariPool-1 - Starting...
2026-05-23 20:37:47 [STOQ] [restartedMain] INFO  com.zaxxer.hikari.pool.HikariPool - HikariPool-1 - Added connection org.postgresql.jdbc.PgConnection@150e92a2
2026-05-23 20:37:47 [STOQ] [restartedMain] INFO  com.zaxxer.hikari.HikariDataSource - HikariPool-1 - Start completed.
2026-05-23 20:37:47 [STOQ] [restartedMain] WARN  org.hibernate.orm.deprecation - HHH90000025: PostgreSQLDialect does not need to be specified explicitly using 'hibernate.dialect' (remove the property setting and it will be selected by default)
2026-05-23 20:37:48 [STOQ] [restartedMain] INFO  o.hibernate.orm.connections.pooling - HHH10001005: Database info:
	Database JDBC URL [jdbc:postgresql://aws-0-us-west-2.pooler.supabase.com:5432/postgres?sslmode=require]
	Database driver: PostgreSQL JDBC Driver
	Database dialect: PostgreSQLDialect
	Database version: 17.6
	Default catalog/schema: postgres/public
	Autocommit mode: undefined/unknown
	Isolation level: READ_COMMITTED [default READ_COMMITTED]
	JDBC fetch size: none
	Pool: DataSourceConnectionProvider
	Minimum pool size: undefined/unknown
	Maximum pool size: undefined/unknown
2026-05-23 20:37:54 [STOQ] [restartedMain] INFO  org.hibernate.orm.core - HHH000489: No JTA platform available (set 'hibernate.transaction.jta.platform' to enable JTA platform integration)
2026-05-23 20:37:56 [STOQ] [restartedMain] INFO  o.s.o.j.LocalContainerEntityManagerFactoryBean - Initialized JPA EntityManagerFactory for persistence unit 'default'
2026-05-23 20:37:57 [STOQ] [restartedMain] INFO  o.s.d.j.r.q.QueryEnhancerFactories - Hibernate is in classpath; If applicable, HQL parser will be used.
2026-05-23 20:37:58 [STOQ] [restartedMain] DEBUG c.Proyecto.stoq.security.JwtFilter - Filter 'jwtFilter' configured for use
2026-05-23 20:38:14 [STOQ] [restartedMain] WARN  o.s.b.j.a.JpaBaseConfiguration$JpaWebConfiguration - spring.jpa.open-in-view is enabled by default. Therefore, database queries may be performed during view rendering. Explicitly configure spring.jpa.open-in-view to disable this warning
2026-05-23 20:38:15 [STOQ] [restartedMain] WARN  o.s.b.s.a.UserDetailsServiceAutoConfiguration - 

Using generated security password: cd45f021-e132-4800-9a98-31f98ce006ea

This generated password is for development use only. Your security configuration must be updated before running your application in production.

2026-05-23 20:38:15 [STOQ] [restartedMain] INFO  o.s.s.c.a.a.c.InitializeUserDetailsBeanManagerConfigurer$InitializeUserDetailsManagerConfigurer - Global AuthenticationManager configured with UserDetailsService bean with name inMemoryUserDetailsManager
2026-05-23 20:38:16 [STOQ] [restartedMain] DEBUG o.s.s.web.DefaultSecurityFilterChain - Will secure any request with filters: DisableEncodeUrlFilter, WebAsyncManagerIntegrationFilter, SecurityContextHolderFilter, HeaderWriterFilter, CorsFilter, LogoutFilter, JwtFilter, RequestCacheAwareFilter, SecurityContextHolderAwareRequestFilter, AnonymousAuthenticationFilter, ExceptionTranslationFilter, AuthorizationFilter
2026-05-23 20:38:20 [STOQ] [restartedMain] INFO  o.s.b.a.e.web.EndpointLinksResolver - Exposing 6 endpoints beneath base path '/actuator'
2026-05-23 20:38:21 [STOQ] [restartedMain] INFO  o.s.boot.tomcat.TomcatWebServer - Tomcat started on port 8080 (http) with context path '/'
2026-05-23 20:38:21 [STOQ] [restartedMain] INFO  com.Proyecto.stoq.StoqApplication - Started StoqApplication in 56.841 seconds (process running for 59.001)
2026-05-23 20:38:22 [STOQ] [restartedMain] DEBUG org.hibernate.SQL - 
    select
        r1_0.id,
        r1_0.descripcion,
        r1_0.nombre 
    from
        roles r1_0 
    where
        r1_0.nombre=?
2026-05-23 20:38:23 [STOQ] [restartedMain] DEBUG org.hibernate.SQL - 
    select
        r1_0.id,
        r1_0.descripcion,
        r1_0.nombre 
    from
        roles r1_0 
    where
        r1_0.id=?
2026-05-23 20:38:24 [STOQ] [restartedMain] INFO  c.P.s.i.config.DataInitializer - [STOQ-SEED] Rol sincronizado: ADMIN
2026-05-23 20:38:24 [STOQ] [restartedMain] DEBUG org.hibernate.SQL - 
    select
        r1_0.id,
        r1_0.descripcion,
        r1_0.nombre 
    from
        roles r1_0 
    where
        r1_0.nombre=?
2026-05-23 20:38:24 [STOQ] [restartedMain] DEBUG org.hibernate.SQL - 
    select
        r1_0.id,
        r1_0.descripcion,
        r1_0.nombre 
    from
        roles r1_0 
    where
        r1_0.id=?
2026-05-23 20:38:25 [STOQ] [restartedMain] INFO  c.P.s.i.config.DataInitializer - [STOQ-SEED] Rol sincronizado: OPERADOR
2026-05-23 20:38:25 [STOQ] [restartedMain] DEBUG org.hibernate.SQL - 
    select
        r1_0.id,
        r1_0.descripcion,
        r1_0.nombre 
    from
        roles r1_0 
    where
        r1_0.nombre=?
2026-05-23 20:38:25 [STOQ] [restartedMain] DEBUG org.hibernate.SQL - 
    select
        r1_0.id,
        r1_0.descripcion,
        r1_0.nombre 
    from
        roles r1_0 
    where
        r1_0.id=?
2026-05-23 20:38:26 [STOQ] [restartedMain] INFO  c.P.s.i.config.DataInitializer - [STOQ-SEED] Rol sincronizado: GERENTE
2026-05-23 20:38:47 [STOQ] [http-nio-8080-exec-2] INFO  o.a.c.c.C.[Tomcat].[localhost].[/] - Initializing Spring DispatcherServlet 'dispatcherServlet'
2026-05-23 20:38:47 [STOQ] [http-nio-8080-exec-2] INFO  o.s.web.servlet.DispatcherServlet - Initializing Servlet 'dispatcherServlet'
2026-05-23 20:38:47 [STOQ] [http-nio-8080-exec-2] INFO  o.s.web.servlet.DispatcherServlet - Completed initialization in 25 ms
2026-05-23 20:38:47 [STOQ] [http-nio-8080-exec-1] DEBUG o.s.security.web.FilterChainProxy - Securing OPTIONS /api/alertas
2026-05-23 20:38:47 [STOQ] [http-nio-8080-exec-2] DEBUG o.s.security.web.FilterChainProxy - Securing OPTIONS /api/alertas/resumen
2026-05-23 20:38:47 [STOQ] [http-nio-8080-exec-3] DEBUG o.s.security.web.FilterChainProxy - Securing GET /api/alertas
2026-05-23 20:38:47 [STOQ] [http-nio-8080-exec-4] DEBUG o.s.security.web.FilterChainProxy - Securing GET /api/alertas/resumen
2026-05-23 20:38:48 [STOQ] [http-nio-8080-exec-4] DEBUG org.hibernate.SQL - 
    select
        u1_0.id,
        u1_0.contrasena_hash,
        u1_0.correo,
        u1_0.empresa,
        u1_0.estado,
        u1_0.nombre,
        u1_0.rol_id 
    from
        usuarios u1_0 
    where
        u1_0.correo=?
2026-05-23 20:38:48 [STOQ] [http-nio-8080-exec-3] DEBUG org.hibernate.SQL - 
    select
        u1_0.id,
        u1_0.contrasena_hash,
        u1_0.correo,
        u1_0.empresa,
        u1_0.estado,
        u1_0.nombre,
        u1_0.rol_id 
    from
        usuarios u1_0 
    where
        u1_0.correo=?
2026-05-23 20:38:49 [STOQ] [http-nio-8080-exec-3] DEBUG org.hibernate.SQL - 
    select
        r1_0.id,
        r1_0.descripcion,
        r1_0.nombre 
    from
        roles r1_0 
    where
        r1_0.id=?
2026-05-23 20:38:49 [STOQ] [http-nio-8080-exec-4] DEBUG org.hibernate.SQL - 
    select
        r1_0.id,
        r1_0.descripcion,
        r1_0.nombre 
    from
        roles r1_0 
    where
        r1_0.id=?
2026-05-23 20:38:49 [STOQ] [http-nio-8080-exec-3] INFO  c.Proyecto.stoq.security.JwtFilter - Authenticated request for email=gerente@gmail.com role=GERENTE path=/api/alertas
2026-05-23 20:38:49 [STOQ] [http-nio-8080-exec-4] INFO  c.Proyecto.stoq.security.JwtFilter - Authenticated request for email=gerente@gmail.com role=GERENTE path=/api/alertas/resumen
2026-05-23 20:38:49 [STOQ] [http-nio-8080-exec-3] DEBUG o.s.security.web.FilterChainProxy - Secured GET /api/alertas
2026-05-23 20:38:49 [STOQ] [http-nio-8080-exec-4] DEBUG o.s.security.web.FilterChainProxy - Secured GET /api/alertas/resumen
2026-05-23 20:38:49 [STOQ] [http-nio-8080-exec-3] INFO  c.P.s.a.aspects.ApiLoggingAspect - [STOQ-MONITOR] ============================================================
2026-05-23 20:38:49 [STOQ] [http-nio-8080-exec-3] INFO  c.P.s.a.aspects.ApiLoggingAspect - [STOQ-MONITOR] IN  2026-05-23 20:38:49 | GET /api/alertas | user=gerente@gmail.com | ip=0:0:0:0:0:0:0:1 | ua=Mozilla/5.0 (X11; Linux x86_64) AppleWebKit/537.36 (KHTML, like Gecko) Chrome/148.0.0.0 Safari/537.36
2026-05-23 20:38:49 [STOQ] [http-nio-8080-exec-4] INFO  c.P.s.a.aspects.ApiLoggingAspect - [STOQ-MONITOR] ============================================================
2026-05-23 20:38:49 [STOQ] [http-nio-8080-exec-4] INFO  c.P.s.a.aspects.ApiLoggingAspect - [STOQ-MONITOR] IN  2026-05-23 20:38:49 | GET /api/alertas/resumen | user=gerente@gmail.com | ip=0:0:0:0:0:0:0:1 | ua=Mozilla/5.0 (X11; Linux x86_64) AppleWebKit/537.36 (KHTML, like Gecko) Chrome/148.0.0.0 Safari/537.36
2026-05-23 20:38:49 [STOQ] [http-nio-8080-exec-3] DEBUG org.hibernate.SQL - 
    select
        u1_0.id,
        u1_0.contrasena_hash,
        u1_0.correo,
        u1_0.empresa,
        u1_0.estado,
        u1_0.nombre,
        u1_0.rol_id 
    from
        usuarios u1_0 
    where
        u1_0.correo=?
2026-05-23 20:38:49 [STOQ] [http-nio-8080-exec-4] DEBUG org.hibernate.SQL - 
    select
        u1_0.id,
        u1_0.contrasena_hash,
        u1_0.correo,
        u1_0.empresa,
        u1_0.estado,
        u1_0.nombre,
        u1_0.rol_id 
    from
        usuarios u1_0 
    where
        u1_0.correo=?
2026-05-23 20:38:49 [STOQ] [http-nio-8080-exec-4] DEBUG org.hibernate.SQL - 
    select
        r1_0.id,
        r1_0.descripcion,
        r1_0.nombre 
    from
        roles r1_0 
    where
        r1_0.id=?
2026-05-23 20:38:49 [STOQ] [http-nio-8080-exec-3] DEBUG org.hibernate.SQL - 
    select
        r1_0.id,
        r1_0.descripcion,
        r1_0.nombre 
    from
        roles r1_0 
    where
        r1_0.id=?
2026-05-23 20:38:50 [STOQ] [http-nio-8080-exec-4] DEBUG org.hibernate.SQL - 
    select
        p1_0.id,
        p1_0.categoria_id,
        p1_0.codigo,
        p1_0.empresa,
        p1_0.estado,
        p1_0.fecha_actualizacion,
        p1_0.fecha_creacion,
        p1_0.nombre,
        p1_0.stock_actual,
        p1_0.stock_minimo,
        p1_0.ubicacion,
        p1_0.unidad_id 
    from
        productos p1_0
2026-05-23 20:38:50 [STOQ] [http-nio-8080-exec-3] DEBUG org.hibernate.SQL - 
    select
        a1_0.id,
        a1_0.fecha,
        a1_0.leida,
        a1_0.mensaje,
        a1_0.producto_id,
        p1_0.id,
        p1_0.categoria_id,
        c1_0.id,
        c1_0.descripcion,
        c1_0.estado,
        c1_0.fecha_creacion,
        c1_0.nombre,
        p1_0.codigo,
        p1_0.empresa,
        p1_0.estado,
        p1_0.fecha_actualizacion,
        p1_0.fecha_creacion,
        p1_0.nombre,
        p1_0.stock_actual,
        p1_0.stock_minimo,
        p1_0.ubicacion,
        p1_0.unidad_id,
        a1_0.tipo 
    from
        alertas a1_0 
    join
        productos p1_0 
            on p1_0.id=a1_0.producto_id 
    join
        categorias c1_0 
            on c1_0.id=p1_0.categoria_id
2026-05-23 20:38:50 [STOQ] [http-nio-8080-exec-4] DEBUG org.hibernate.SQL - 
    select
        c1_0.id,
        c1_0.descripcion,
        c1_0.estado,
        c1_0.fecha_creacion,
        c1_0.nombre 
    from
        categorias c1_0 
    where
        c1_0.id=?
2026-05-23 20:38:50 [STOQ] [http-nio-8080-exec-4] DEBUG org.hibernate.SQL - 
    select
        u1_0.id,
        u1_0.abreviatura,
        u1_0.estado,
        u1_0.nombre 
    from
        unidades u1_0 
    where
        u1_0.id=?
2026-05-23 20:38:51 [STOQ] [http-nio-8080-exec-3] INFO  c.P.s.a.aspects.ApiLoggingAspect - [STOQ-MONITOR] OUT GET /api/alertas | status=OK | time=1359 ms | endpoint=AlertaController.obtenerAlertas()
2026-05-23 20:38:51 [STOQ] [http-nio-8080-exec-3] INFO  c.P.s.a.aspects.ApiLoggingAspect - [STOQ-MONITOR] ============================================================
2026-05-23 20:38:51 [STOQ] [http-nio-8080-exec-4] DEBUG org.hibernate.SQL - 
    select
        u1_0.id,
        u1_0.abreviatura,
        u1_0.estado,
        u1_0.nombre 
    from
        unidades u1_0 
    where
        u1_0.id=?
2026-05-23 20:38:51 [STOQ] [http-nio-8080-exec-4] DEBUG org.hibernate.SQL - 
    select
        u1_0.id,
        u1_0.abreviatura,
        u1_0.estado,
        u1_0.nombre 
    from
        unidades u1_0 
    where
        u1_0.id=?
2026-05-23 20:38:51 [STOQ] [http-nio-8080-exec-4] DEBUG org.hibernate.SQL - 
    select
        u1_0.id,
        u1_0.abreviatura,
        u1_0.estado,
        u1_0.nombre 
    from
        unidades u1_0 
    where
        u1_0.id=?
2026-05-23 20:38:52 [STOQ] [http-nio-8080-exec-4] DEBUG org.hibernate.SQL - 
    select
        c1_0.id,
        c1_0.descripcion,
        c1_0.estado,
        c1_0.fecha_creacion,
        c1_0.nombre 
    from
        categorias c1_0 
    where
        c1_0.id=?
2026-05-23 20:38:52 [STOQ] [http-nio-8080-exec-4] DEBUG org.hibernate.SQL - 
    select
        c1_0.id,
        c1_0.descripcion,
        c1_0.estado,
        c1_0.fecha_creacion,
        c1_0.nombre 
    from
        categorias c1_0 
    where
        c1_0.id=?
2026-05-23 20:38:52 [STOQ] [http-nio-8080-exec-4] DEBUG org.hibernate.SQL - 
    select
        c1_0.id,
        c1_0.descripcion,
        c1_0.estado,
        c1_0.fecha_creacion,
        c1_0.nombre 
    from
        categorias c1_0 
    where
        c1_0.id=?
2026-05-23 20:38:53 [STOQ] [http-nio-8080-exec-4] DEBUG org.hibernate.SQL - 
    select
        a1_0.id,
        a1_0.fecha,
        a1_0.leida,
        a1_0.mensaje,
        a1_0.producto_id,
        p1_0.id,
        p1_0.categoria_id,
        c1_0.id,
        c1_0.descripcion,
        c1_0.estado,
        c1_0.fecha_creacion,
        c1_0.nombre,
        p1_0.codigo,
        p1_0.empresa,
        p1_0.estado,
        p1_0.fecha_actualizacion,
        p1_0.fecha_creacion,
        p1_0.nombre,
        p1_0.stock_actual,
        p1_0.stock_minimo,
        p1_0.ubicacion,
        p1_0.unidad_id,
        a1_0.tipo 
    from
        alertas a1_0 
    join
        productos p1_0 
            on p1_0.id=a1_0.producto_id 
    join
        categorias c1_0 
            on c1_0.id=p1_0.categoria_id
2026-05-23 20:38:54 [STOQ] [http-nio-8080-exec-4] DEBUG org.hibernate.SQL - 
    select
        a1_0.id,
        a1_0.fecha,
        a1_0.leida,
        a1_0.mensaje,
        a1_0.producto_id,
        p1_0.id,
        p1_0.categoria_id,
        c1_0.id,
        c1_0.descripcion,
        c1_0.estado,
        c1_0.fecha_creacion,
        c1_0.nombre,
        p1_0.codigo,
        p1_0.empresa,
        p1_0.estado,
        p1_0.fecha_actualizacion,
        p1_0.fecha_creacion,
        p1_0.nombre,
        p1_0.stock_actual,
        p1_0.stock_minimo,
        p1_0.ubicacion,
        p1_0.unidad_id,
        a1_0.tipo 
    from
        alertas a1_0 
    join
        productos p1_0 
            on p1_0.id=a1_0.producto_id 
    join
        categorias c1_0 
            on c1_0.id=p1_0.categoria_id
2026-05-23 20:38:54 [STOQ] [http-nio-8080-exec-4] INFO  c.P.s.a.aspects.ApiLoggingAspect - [STOQ-MONITOR] OUT GET /api/alertas/resumen | status=OK | time=5063 ms | endpoint=AlertaController.obtenerResumen()
2026-05-23 20:38:54 [STOQ] [http-nio-8080-exec-4] INFO  c.P.s.a.aspects.ApiLoggingAspect - [STOQ-MONITOR] ============================================================
2026-05-23 20:39:02 [STOQ] [http-nio-8080-exec-5] DEBUG o.s.security.web.FilterChainProxy - Securing OPTIONS /api/productos
2026-05-23 20:39:02 [STOQ] [http-nio-8080-exec-6] DEBUG o.s.security.web.FilterChainProxy - Securing OPTIONS /api/categorias
2026-05-23 20:39:02 [STOQ] [http-nio-8080-exec-7] DEBUG o.s.security.web.FilterChainProxy - Securing OPTIONS /api/unidades
2026-05-23 20:39:02 [STOQ] [http-nio-8080-exec-8] DEBUG o.s.security.web.FilterChainProxy - Securing OPTIONS /api/alertas/resumen
2026-05-23 20:39:02 [STOQ] [http-nio-8080-exec-9] DEBUG o.s.security.web.FilterChainProxy - Securing OPTIONS /api/productos/criticos
2026-05-23 20:39:02 [STOQ] [http-nio-8080-exec-10] DEBUG o.s.security.web.FilterChainProxy - Securing GET /api/categorias
2026-05-23 20:39:02 [STOQ] [http-nio-8080-exec-10] DEBUG org.hibernate.SQL - 
    select
        u1_0.id,
        u1_0.contrasena_hash,
        u1_0.correo,
        u1_0.empresa,
        u1_0.estado,
        u1_0.nombre,
        u1_0.rol_id 
    from
        usuarios u1_0 
    where
        u1_0.correo=?
2026-05-23 20:39:02 [STOQ] [http-nio-8080-exec-2] DEBUG o.s.security.web.FilterChainProxy - Securing GET /api/productos/criticos
2026-05-23 20:39:02 [STOQ] [http-nio-8080-exec-4] DEBUG o.s.security.web.FilterChainProxy - Securing GET /api/alertas/resumen
2026-05-23 20:39:02 [STOQ] [http-nio-8080-exec-1] DEBUG o.s.security.web.FilterChainProxy - Securing GET /api/productos
2026-05-23 20:39:02 [STOQ] [http-nio-8080-exec-3] DEBUG o.s.security.web.FilterChainProxy - Securing GET /api/unidades
2026-05-23 20:39:02 [STOQ] [http-nio-8080-exec-4] DEBUG org.hibernate.SQL - 
    select
        u1_0.id,
        u1_0.contrasena_hash,
        u1_0.correo,
        u1_0.empresa,
        u1_0.estado,
        u1_0.nombre,
        u1_0.rol_id 
    from
        usuarios u1_0 
    where
        u1_0.correo=?
2026-05-23 20:39:02 [STOQ] [http-nio-8080-exec-1] DEBUG org.hibernate.SQL - 
    select
        u1_0.id,
        u1_0.contrasena_hash,
        u1_0.correo,
        u1_0.empresa,
        u1_0.estado,
        u1_0.nombre,
        u1_0.rol_id 
    from
        usuarios u1_0 
    where
        u1_0.correo=?
2026-05-23 20:39:02 [STOQ] [http-nio-8080-exec-2] DEBUG org.hibernate.SQL - 
    select
        u1_0.id,
        u1_0.contrasena_hash,
        u1_0.correo,
        u1_0.empresa,
        u1_0.estado,
        u1_0.nombre,
        u1_0.rol_id 
    from
        usuarios u1_0 
    where
        u1_0.correo=?
2026-05-23 20:39:02 [STOQ] [http-nio-8080-exec-3] DEBUG org.hibernate.SQL - 
    select
        u1_0.id,
        u1_0.contrasena_hash,
        u1_0.correo,
        u1_0.empresa,
        u1_0.estado,
        u1_0.nombre,
        u1_0.rol_id 
    from
        usuarios u1_0 
    where
        u1_0.correo=?
2026-05-23 20:39:03 [STOQ] [http-nio-8080-exec-10] DEBUG org.hibernate.SQL - 
    select
        r1_0.id,
        r1_0.descripcion,
        r1_0.nombre 
    from
        roles r1_0 
    where
        r1_0.id=?
2026-05-23 20:39:03 [STOQ] [http-nio-8080-exec-4] DEBUG org.hibernate.SQL - 
    select
        r1_0.id,
        r1_0.descripcion,
        r1_0.nombre 
    from
        roles r1_0 
    where
        r1_0.id=?
2026-05-23 20:39:03 [STOQ] [http-nio-8080-exec-1] DEBUG org.hibernate.SQL - 
    select
        r1_0.id,
        r1_0.descripcion,
        r1_0.nombre 
    from
        roles r1_0 
    where
        r1_0.id=?
2026-05-23 20:39:03 [STOQ] [http-nio-8080-exec-2] DEBUG org.hibernate.SQL - 
    select
        r1_0.id,
        r1_0.descripcion,
        r1_0.nombre 
    from
        roles r1_0 
    where
        r1_0.id=?
2026-05-23 20:39:03 [STOQ] [http-nio-8080-exec-3] DEBUG org.hibernate.SQL - 
    select
        r1_0.id,
        r1_0.descripcion,
        r1_0.nombre 
    from
        roles r1_0 
    where
        r1_0.id=?
2026-05-23 20:39:03 [STOQ] [http-nio-8080-exec-10] INFO  c.Proyecto.stoq.security.JwtFilter - Authenticated request for email=gerente@gmail.com role=GERENTE path=/api/categorias
2026-05-23 20:39:03 [STOQ] [http-nio-8080-exec-10] DEBUG o.s.security.web.FilterChainProxy - Secured GET /api/categorias
2026-05-23 20:39:03 [STOQ] [http-nio-8080-exec-10] INFO  c.P.s.a.aspects.ApiLoggingAspect - [STOQ-MONITOR] ============================================================
2026-05-23 20:39:03 [STOQ] [http-nio-8080-exec-10] INFO  c.P.s.a.aspects.ApiLoggingAspect - [STOQ-MONITOR] IN  2026-05-23 20:39:03 | GET /api/categorias | user=gerente@gmail.com | ip=0:0:0:0:0:0:0:1 | ua=Mozilla/5.0 (X11; Linux x86_64) AppleWebKit/537.36 (KHTML, like Gecko) Chrome/148.0.0.0 Safari/537.36
2026-05-23 20:39:03 [STOQ] [http-nio-8080-exec-10] DEBUG org.hibernate.SQL - 
    select
        c1_0.id,
        c1_0.descripcion,
        c1_0.estado,
        c1_0.fecha_creacion,
        c1_0.nombre 
    from
        categorias c1_0
2026-05-23 20:39:03 [STOQ] [http-nio-8080-exec-4] INFO  c.Proyecto.stoq.security.JwtFilter - Authenticated request for email=gerente@gmail.com role=GERENTE path=/api/alertas/resumen
2026-05-23 20:39:03 [STOQ] [http-nio-8080-exec-4] DEBUG o.s.security.web.FilterChainProxy - Secured GET /api/alertas/resumen
2026-05-23 20:39:03 [STOQ] [http-nio-8080-exec-4] INFO  c.P.s.a.aspects.ApiLoggingAspect - [STOQ-MONITOR] ============================================================
2026-05-23 20:39:03 [STOQ] [http-nio-8080-exec-1] INFO  c.Proyecto.stoq.security.JwtFilter - Authenticated request for email=gerente@gmail.com role=GERENTE path=/api/productos
2026-05-23 20:39:03 [STOQ] [http-nio-8080-exec-2] INFO  c.Proyecto.stoq.security.JwtFilter - Authenticated request for email=gerente@gmail.com role=GERENTE path=/api/productos/criticos
2026-05-23 20:39:03 [STOQ] [http-nio-8080-exec-4] INFO  c.P.s.a.aspects.ApiLoggingAspect - [STOQ-MONITOR] IN  2026-05-23 20:39:03 | GET /api/alertas/resumen | user=gerente@gmail.com | ip=0:0:0:0:0:0:0:1 | ua=Mozilla/5.0 (X11; Linux x86_64) AppleWebKit/537.36 (KHTML, like Gecko) Chrome/148.0.0.0 Safari/537.36
2026-05-23 20:39:03 [STOQ] [http-nio-8080-exec-4] DEBUG org.hibernate.SQL - 
    select
        u1_0.id,
        u1_0.contrasena_hash,
        u1_0.correo,
        u1_0.empresa,
        u1_0.estado,
        u1_0.nombre,
        u1_0.rol_id 
    from
        usuarios u1_0 
    where
        u1_0.correo=?
2026-05-23 20:39:03 [STOQ] [http-nio-8080-exec-1] DEBUG o.s.security.web.FilterChainProxy - Secured GET /api/productos
2026-05-23 20:39:03 [STOQ] [http-nio-8080-exec-2] DEBUG o.s.security.web.FilterChainProxy - Secured GET /api/productos/criticos
2026-05-23 20:39:03 [STOQ] [http-nio-8080-exec-3] INFO  c.Proyecto.stoq.security.JwtFilter - Authenticated request for email=gerente@gmail.com role=GERENTE path=/api/unidades
2026-05-23 20:39:03 [STOQ] [http-nio-8080-exec-1] INFO  c.P.s.a.aspects.ApiLoggingAspect - [STOQ-MONITOR] ============================================================
2026-05-23 20:39:03 [STOQ] [http-nio-8080-exec-1] INFO  c.P.s.a.aspects.ApiLoggingAspect - [STOQ-MONITOR] IN  2026-05-23 20:39:03 | GET /api/productos | user=gerente@gmail.com | ip=0:0:0:0:0:0:0:1 | ua=Mozilla/5.0 (X11; Linux x86_64) AppleWebKit/537.36 (KHTML, like Gecko) Chrome/148.0.0.0 Safari/537.36
2026-05-23 20:39:03 [STOQ] [http-nio-8080-exec-2] DEBUG o.s.s.a.m.AuthorizationManagerBeforeMethodInterceptor - Authorizing method invocation ReflectiveMethodInvocation: public java.util.List com.Proyecto.stoq.adapters.controllers.ProductosController.obtenerProductosCriticos(); target is of class [com.Proyecto.stoq.adapters.controllers.ProductosController]
2026-05-23 20:39:03 [STOQ] [http-nio-8080-exec-1] DEBUG org.hibernate.SQL - 
    select
        u1_0.id,
        u1_0.contrasena_hash,
        u1_0.correo,
        u1_0.empresa,
        u1_0.estado,
        u1_0.nombre,
        u1_0.rol_id 
    from
        usuarios u1_0 
    where
        u1_0.correo=?
2026-05-23 20:39:03 [STOQ] [http-nio-8080-exec-3] DEBUG o.s.security.web.FilterChainProxy - Secured GET /api/unidades
2026-05-23 20:39:03 [STOQ] [http-nio-8080-exec-3] INFO  c.P.s.a.aspects.ApiLoggingAspect - [STOQ-MONITOR] ============================================================
2026-05-23 20:39:03 [STOQ] [http-nio-8080-exec-3] INFO  c.P.s.a.aspects.ApiLoggingAspect - [STOQ-MONITOR] IN  2026-05-23 20:39:03 | GET /api/unidades | user=gerente@gmail.com | ip=0:0:0:0:0:0:0:1 | ua=Mozilla/5.0 (X11; Linux x86_64) AppleWebKit/537.36 (KHTML, like Gecko) Chrome/148.0.0.0 Safari/537.36
2026-05-23 20:39:03 [STOQ] [http-nio-8080-exec-3] DEBUG org.hibernate.SQL - 
    select
        u1_0.id,
        u1_0.abreviatura,
        u1_0.estado,
        u1_0.nombre 
    from
        unidades u1_0
2026-05-23 20:39:03 [STOQ] [http-nio-8080-exec-2] DEBUG o.s.s.a.m.AuthorizationManagerBeforeMethodInterceptor - Authorized method invocation ReflectiveMethodInvocation: public java.util.List com.Proyecto.stoq.adapters.controllers.ProductosController.obtenerProductosCriticos(); target is of class [com.Proyecto.stoq.adapters.controllers.ProductosController]
2026-05-23 20:39:03 [STOQ] [http-nio-8080-exec-2] INFO  c.P.s.a.aspects.ApiLoggingAspect - [STOQ-MONITOR] ============================================================
2026-05-23 20:39:03 [STOQ] [http-nio-8080-exec-2] INFO  c.P.s.a.aspects.ApiLoggingAspect - [STOQ-MONITOR] IN  2026-05-23 20:39:03 | GET /api/productos/criticos | user=gerente@gmail.com | ip=0:0:0:0:0:0:0:1 | ua=Mozilla/5.0 (X11; Linux x86_64) AppleWebKit/537.36 (KHTML, like Gecko) Chrome/148.0.0.0 Safari/537.36
2026-05-23 20:39:03 [STOQ] [http-nio-8080-exec-2] DEBUG org.hibernate.SQL - 
    select
        u1_0.id,
        u1_0.contrasena_hash,
        u1_0.correo,
        u1_0.empresa,
        u1_0.estado,
        u1_0.nombre,
        u1_0.rol_id 
    from
        usuarios u1_0 
    where
        u1_0.correo=?
2026-05-23 20:39:03 [STOQ] [http-nio-8080-exec-4] DEBUG org.hibernate.SQL - 
    select
        r1_0.id,
        r1_0.descripcion,
        r1_0.nombre 
    from
        roles r1_0 
    where
        r1_0.id=?
2026-05-23 20:39:03 [STOQ] [http-nio-8080-exec-1] DEBUG org.hibernate.SQL - 
    select
        r1_0.id,
        r1_0.descripcion,
        r1_0.nombre 
    from
        roles r1_0 
    where
        r1_0.id=?
2026-05-23 20:39:03 [STOQ] [http-nio-8080-exec-10] INFO  c.P.s.a.aspects.ApiLoggingAspect - [STOQ-MONITOR] OUT GET /api/categorias | status=OK | time=541 ms | endpoint=CategoriasController.obtenerCategorias()
2026-05-23 20:39:03 [STOQ] [http-nio-8080-exec-10] INFO  c.P.s.a.aspects.ApiLoggingAspect - [STOQ-MONITOR] ============================================================
2026-05-23 20:39:03 [STOQ] [http-nio-8080-exec-2] DEBUG org.hibernate.SQL - 
    select
        r1_0.id,
        r1_0.descripcion,
        r1_0.nombre 
    from
        roles r1_0 
    where
        r1_0.id=?
2026-05-23 20:39:04 [STOQ] [http-nio-8080-exec-4] DEBUG org.hibernate.SQL - 
    select
        p1_0.id,
        p1_0.categoria_id,
        p1_0.codigo,
        p1_0.empresa,
        p1_0.estado,
        p1_0.fecha_actualizacion,
        p1_0.fecha_creacion,
        p1_0.nombre,
        p1_0.stock_actual,
        p1_0.stock_minimo,
        p1_0.ubicacion,
        p1_0.unidad_id 
    from
        productos p1_0
2026-05-23 20:39:04 [STOQ] [http-nio-8080-exec-3] INFO  c.P.s.a.aspects.ApiLoggingAspect - [STOQ-MONITOR] OUT GET /api/unidades | status=OK | time=534 ms | endpoint=UnidadController.listado_unidades()
2026-05-23 20:39:04 [STOQ] [http-nio-8080-exec-3] INFO  c.P.s.a.aspects.ApiLoggingAspect - [STOQ-MONITOR] ============================================================
2026-05-23 20:39:04 [STOQ] [http-nio-8080-exec-1] DEBUG org.hibernate.SQL - 
    select
        p1_0.id,
        p1_0.categoria_id,
        p1_0.codigo,
        p1_0.empresa,
        p1_0.estado,
        p1_0.fecha_actualizacion,
        p1_0.fecha_creacion,
        p1_0.nombre,
        p1_0.stock_actual,
        p1_0.stock_minimo,
        p1_0.ubicacion,
        p1_0.unidad_id 
    from
        productos p1_0
2026-05-23 20:39:04 [STOQ] [http-nio-8080-exec-2] DEBUG org.hibernate.SQL - 
    select
        p1_0.id,
        p1_0.categoria_id,
        p1_0.codigo,
        p1_0.empresa,
        p1_0.estado,
        p1_0.fecha_actualizacion,
        p1_0.fecha_creacion,
        p1_0.nombre,
        p1_0.stock_actual,
        p1_0.stock_minimo,
        p1_0.ubicacion,
        p1_0.unidad_id 
    from
        productos p1_0
2026-05-23 20:39:04 [STOQ] [http-nio-8080-exec-4] DEBUG org.hibernate.SQL - 
    select
        c1_0.id,
        c1_0.descripcion,
        c1_0.estado,
        c1_0.fecha_creacion,
        c1_0.nombre 
    from
        categorias c1_0 
    where
        c1_0.id=?
2026-05-23 20:39:04 [STOQ] [http-nio-8080-exec-1] DEBUG org.hibernate.SQL - 
    select
        c1_0.id,
        c1_0.descripcion,
        c1_0.estado,
        c1_0.fecha_creacion,
        c1_0.nombre 
    from
        categorias c1_0 
    where
        c1_0.id=?
2026-05-23 20:39:04 [STOQ] [http-nio-8080-exec-2] DEBUG org.hibernate.SQL - 
    select
        c1_0.id,
        c1_0.descripcion,
        c1_0.estado,
        c1_0.fecha_creacion,
        c1_0.nombre 
    from
        categorias c1_0 
    where
        c1_0.id=?
2026-05-23 20:39:04 [STOQ] [http-nio-8080-exec-4] DEBUG org.hibernate.SQL - 
    select
        u1_0.id,
        u1_0.abreviatura,
        u1_0.estado,
        u1_0.nombre 
    from
        unidades u1_0 
    where
        u1_0.id=?
2026-05-23 20:39:04 [STOQ] [http-nio-8080-exec-1] DEBUG org.hibernate.SQL - 
    select
        u1_0.id,
        u1_0.abreviatura,
        u1_0.estado,
        u1_0.nombre 
    from
        unidades u1_0 
    where
        u1_0.id=?
2026-05-23 20:39:04 [STOQ] [http-nio-8080-exec-2] DEBUG org.hibernate.SQL - 
    select
        u1_0.id,
        u1_0.abreviatura,
        u1_0.estado,
        u1_0.nombre 
    from
        unidades u1_0 
    where
        u1_0.id=?
2026-05-23 20:39:04 [STOQ] [http-nio-8080-exec-4] DEBUG org.hibernate.SQL - 
    select
        u1_0.id,
        u1_0.abreviatura,
        u1_0.estado,
        u1_0.nombre 
    from
        unidades u1_0 
    where
        u1_0.id=?
2026-05-23 20:39:04 [STOQ] [http-nio-8080-exec-1] DEBUG org.hibernate.SQL - 
    select
        u1_0.id,
        u1_0.abreviatura,
        u1_0.estado,
        u1_0.nombre 
    from
        unidades u1_0 
    where
        u1_0.id=?
2026-05-23 20:39:05 [STOQ] [http-nio-8080-exec-4] DEBUG org.hibernate.SQL - 
    select
        u1_0.id,
        u1_0.abreviatura,
        u1_0.estado,
        u1_0.nombre 
    from
        unidades u1_0 
    where
        u1_0.id=?
2026-05-23 20:39:05 [STOQ] [http-nio-8080-exec-2] DEBUG org.hibernate.SQL - 
    select
        u1_0.id,
        u1_0.abreviatura,
        u1_0.estado,
        u1_0.nombre 
    from
        unidades u1_0 
    where
        u1_0.id=?
2026-05-23 20:39:05 [STOQ] [http-nio-8080-exec-1] DEBUG org.hibernate.SQL - 
    select
        u1_0.id,
        u1_0.abreviatura,
        u1_0.estado,
        u1_0.nombre 
    from
        unidades u1_0 
    where
        u1_0.id=?
2026-05-23 20:39:05 [STOQ] [http-nio-8080-exec-2] DEBUG org.hibernate.SQL - 
    select
        u1_0.id,
        u1_0.abreviatura,
        u1_0.estado,
        u1_0.nombre 
    from
        unidades u1_0 
    where
        u1_0.id=?
2026-05-23 20:39:05 [STOQ] [http-nio-8080-exec-4] DEBUG org.hibernate.SQL - 
    select
        u1_0.id,
        u1_0.abreviatura,
        u1_0.estado,
        u1_0.nombre 
    from
        unidades u1_0 
    where
        u1_0.id=?
2026-05-23 20:39:05 [STOQ] [http-nio-8080-exec-1] DEBUG org.hibernate.SQL - 
    select
        u1_0.id,
        u1_0.abreviatura,
        u1_0.estado,
        u1_0.nombre 
    from
        unidades u1_0 
    where
        u1_0.id=?
2026-05-23 20:39:05 [STOQ] [http-nio-8080-exec-2] DEBUG org.hibernate.SQL - 
    select
        u1_0.id,
        u1_0.abreviatura,
        u1_0.estado,
        u1_0.nombre 
    from
        unidades u1_0 
    where
        u1_0.id=?
2026-05-23 20:39:05 [STOQ] [http-nio-8080-exec-4] DEBUG org.hibernate.SQL - 
    select
        c1_0.id,
        c1_0.descripcion,
        c1_0.estado,
        c1_0.fecha_creacion,
        c1_0.nombre 
    from
        categorias c1_0 
    where
        c1_0.id=?
2026-05-23 20:39:05 [STOQ] [http-nio-8080-exec-1] DEBUG org.hibernate.SQL - 
    select
        c1_0.id,
        c1_0.descripcion,
        c1_0.estado,
        c1_0.fecha_creacion,
        c1_0.nombre 
    from
        categorias c1_0 
    where
        c1_0.id=?
2026-05-23 20:39:06 [STOQ] [http-nio-8080-exec-4] DEBUG org.hibernate.SQL - 
    select
        c1_0.id,
        c1_0.descripcion,
        c1_0.estado,
        c1_0.fecha_creacion,
        c1_0.nombre 
    from
        categorias c1_0 
    where
        c1_0.id=?
2026-05-23 20:39:06 [STOQ] [http-nio-8080-exec-1] DEBUG org.hibernate.SQL - 
    select
        c1_0.id,
        c1_0.descripcion,
        c1_0.estado,
        c1_0.fecha_creacion,
        c1_0.nombre 
    from
        categorias c1_0 
    where
        c1_0.id=?
2026-05-23 20:39:06 [STOQ] [http-nio-8080-exec-2] DEBUG org.hibernate.SQL - 
    select
        c1_0.id,
        c1_0.descripcion,
        c1_0.estado,
        c1_0.fecha_creacion,
        c1_0.nombre 
    from
        categorias c1_0 
    where
        c1_0.id=?
2026-05-23 20:39:06 [STOQ] [http-nio-8080-exec-2] DEBUG org.hibernate.SQL - 
    select
        c1_0.id,
        c1_0.descripcion,
        c1_0.estado,
        c1_0.fecha_creacion,
        c1_0.nombre 
    from
        categorias c1_0 
    where
        c1_0.id=?
2026-05-23 20:39:06 [STOQ] [http-nio-8080-exec-4] DEBUG org.hibernate.SQL - 
    select
        c1_0.id,
        c1_0.descripcion,
        c1_0.estado,
        c1_0.fecha_creacion,
        c1_0.nombre 
    from
        categorias c1_0 
    where
        c1_0.id=?
2026-05-23 20:39:06 [STOQ] [http-nio-8080-exec-1] DEBUG org.hibernate.SQL - 
    select
        c1_0.id,
        c1_0.descripcion,
        c1_0.estado,
        c1_0.fecha_creacion,
        c1_0.nombre 
    from
        categorias c1_0 
    where
        c1_0.id=?
2026-05-23 20:39:06 [STOQ] [http-nio-8080-exec-2] DEBUG org.hibernate.SQL - 
    select
        c1_0.id,
        c1_0.descripcion,
        c1_0.estado,
        c1_0.fecha_creacion,
        c1_0.nombre 
    from
        categorias c1_0 
    where
        c1_0.id=?
2026-05-23 20:39:06 [STOQ] [http-nio-8080-exec-1] INFO  c.P.s.a.aspects.ApiLoggingAspect - [STOQ-MONITOR] OUT GET /api/productos | status=OK | time=3420 ms | endpoint=ProductosController.obtenerProductos()
2026-05-23 20:39:06 [STOQ] [http-nio-8080-exec-1] INFO  c.P.s.a.aspects.ApiLoggingAspect - [STOQ-MONITOR] ============================================================
2026-05-23 20:39:06 [STOQ] [http-nio-8080-exec-4] DEBUG org.hibernate.SQL - 
    select
        a1_0.id,
        a1_0.fecha,
        a1_0.leida,
        a1_0.mensaje,
        a1_0.producto_id,
        p1_0.id,
        p1_0.categoria_id,
        c1_0.id,
        c1_0.descripcion,
        c1_0.estado,
        c1_0.fecha_creacion,
        c1_0.nombre,
        p1_0.codigo,
        p1_0.empresa,
        p1_0.estado,
        p1_0.fecha_actualizacion,
        p1_0.fecha_creacion,
        p1_0.nombre,
        p1_0.stock_actual,
        p1_0.stock_minimo,
        p1_0.ubicacion,
        p1_0.unidad_id,
        a1_0.tipo 
    from
        alertas a1_0 
    join
        productos p1_0 
            on p1_0.id=a1_0.producto_id 
    join
        categorias c1_0 
            on c1_0.id=p1_0.categoria_id
2026-05-23 20:39:07 [STOQ] [http-nio-8080-exec-2] INFO  c.P.s.a.aspects.ApiLoggingAspect - [STOQ-MONITOR] OUT GET /api/productos/criticos | status=OK | time=3488 ms | endpoint=ProductosController.obtenerProductosCriticos()
2026-05-23 20:39:07 [STOQ] [http-nio-8080-exec-2] INFO  c.P.s.a.aspects.ApiLoggingAspect - [STOQ-MONITOR] ============================================================
2026-05-23 20:39:07 [STOQ] [http-nio-8080-exec-4] DEBUG org.hibernate.SQL - 
    select
        a1_0.id,
        a1_0.fecha,
        a1_0.leida,
        a1_0.mensaje,
        a1_0.producto_id,
        p1_0.id,
        p1_0.categoria_id,
        c1_0.id,
        c1_0.descripcion,
        c1_0.estado,
        c1_0.fecha_creacion,
        c1_0.nombre,
        p1_0.codigo,
        p1_0.empresa,
        p1_0.estado,
        p1_0.fecha_actualizacion,
        p1_0.fecha_creacion,
        p1_0.nombre,
        p1_0.stock_actual,
        p1_0.stock_minimo,
        p1_0.ubicacion,
        p1_0.unidad_id,
        a1_0.tipo 
    from
        alertas a1_0 
    join
        productos p1_0 
            on p1_0.id=a1_0.producto_id 
    join
        categorias c1_0 
            on c1_0.id=p1_0.categoria_id
2026-05-23 20:39:08 [STOQ] [http-nio-8080-exec-4] INFO  c.P.s.a.aspects.ApiLoggingAspect - [STOQ-MONITOR] OUT GET /api/alertas/resumen | status=OK | time=4584 ms | endpoint=AlertaController.obtenerResumen()
2026-05-23 20:39:08 [STOQ] [http-nio-8080-exec-4] INFO  c.P.s.a.aspects.ApiLoggingAspect - [STOQ-MONITOR] ============================================================
2026-05-23 20:39:42 [STOQ] [http-nio-8080-exec-5] DEBUG o.s.security.web.FilterChainProxy - Securing OPTIONS /api/productos
2026-05-23 20:39:42 [STOQ] [http-nio-8080-exec-6] DEBUG o.s.security.web.FilterChainProxy - Securing POST /api/productos
2026-05-23 20:39:42 [STOQ] [http-nio-8080-exec-6] DEBUG org.hibernate.SQL - 
    select
        u1_0.id,
        u1_0.contrasena_hash,
        u1_0.correo,
        u1_0.empresa,
        u1_0.estado,
        u1_0.nombre,
        u1_0.rol_id 
    from
        usuarios u1_0 
    where
        u1_0.correo=?
2026-05-23 20:39:43 [STOQ] [http-nio-8080-exec-6] DEBUG org.hibernate.SQL - 
    select
        r1_0.id,
        r1_0.descripcion,
        r1_0.nombre 
    from
        roles r1_0 
    where
        r1_0.id=?
2026-05-23 20:39:43 [STOQ] [http-nio-8080-exec-6] INFO  c.Proyecto.stoq.security.JwtFilter - Authenticated request for email=gerente@gmail.com role=GERENTE path=/api/productos
2026-05-23 20:39:43 [STOQ] [http-nio-8080-exec-6] DEBUG o.s.security.web.FilterChainProxy - Secured POST /api/productos
2026-05-23 20:39:43 [STOQ] [http-nio-8080-exec-6] INFO  c.P.s.a.aspects.ApiLoggingAspect - [STOQ-MONITOR] ============================================================
2026-05-23 20:39:43 [STOQ] [http-nio-8080-exec-6] INFO  c.P.s.a.aspects.ApiLoggingAspect - [STOQ-MONITOR] IN  2026-05-23 20:39:43 | POST /api/productos | user=gerente@gmail.com | ip=0:0:0:0:0:0:0:1 | ua=Mozilla/5.0 (X11; Linux x86_64) AppleWebKit/537.36 (KHTML, like Gecko) Chrome/148.0.0.0 Safari/537.36
2026-05-23 20:39:43 [STOQ] [http-nio-8080-exec-6] DEBUG org.hibernate.SQL - 
    select
        u1_0.id,
        u1_0.contrasena_hash,
        u1_0.correo,
        u1_0.empresa,
        u1_0.estado,
        u1_0.nombre,
        u1_0.rol_id 
    from
        usuarios u1_0 
    where
        u1_0.correo=?
2026-05-23 20:39:44 [STOQ] [http-nio-8080-exec-6] DEBUG org.hibernate.SQL - 
    select
        r1_0.id,
        r1_0.descripcion,
        r1_0.nombre 
    from
        roles r1_0 
    where
        r1_0.id=?
2026-05-23 20:39:44 [STOQ] [http-nio-8080-exec-6] DEBUG org.hibernate.SQL - 
    select
        p1_0.id,
        p1_0.categoria_id,
        p1_0.codigo,
        p1_0.empresa,
        p1_0.estado,
        p1_0.fecha_actualizacion,
        p1_0.fecha_creacion,
        p1_0.nombre,
        p1_0.stock_actual,
        p1_0.stock_minimo,
        p1_0.ubicacion,
        p1_0.unidad_id 
    from
        productos p1_0 
    where
        p1_0.codigo=?
2026-05-23 20:39:44 [STOQ] [http-nio-8080-exec-6] DEBUG org.hibernate.SQL - 
    select
        c1_0.id,
        c1_0.descripcion,
        c1_0.estado,
        c1_0.fecha_creacion,
        c1_0.nombre 
    from
        categorias c1_0 
    where
        c1_0.id=?
2026-05-23 20:39:44 [STOQ] [http-nio-8080-exec-6] DEBUG org.hibernate.SQL - 
    select
        u1_0.id,
        u1_0.abreviatura,
        u1_0.estado,
        u1_0.nombre 
    from
        unidades u1_0 
    where
        u1_0.id=?
2026-05-23 20:39:45 [STOQ] [http-nio-8080-exec-6] INFO  c.P.s.a.services.ProductoServiceImpl - [STOQ-BIZ] CREATE Producto | codigo=Prod | nombre=Hojas Bond
2026-05-23 20:39:45 [STOQ] [http-nio-8080-exec-6] DEBUG org.hibernate.SQL - 
    select
        u1_0.id,
        u1_0.contrasena_hash,
        u1_0.correo,
        u1_0.empresa,
        u1_0.estado,
        u1_0.nombre,
        u1_0.rol_id 
    from
        usuarios u1_0 
    where
        u1_0.correo=?
2026-05-23 20:39:45 [STOQ] [http-nio-8080-exec-6] INFO  c.P.s.a.s.MovimientoInventarioServiceImpl - [STOQ-BIZ] MOVIMIENTO ENTRADA | productoId=3186e576-8afe-4814-ad4c-a6eaa59fd965 | cantidad=50 | stockAnterior=0 | stockResultante=50 | usuario=gerente@gmail.com
2026-05-23 20:39:45 [STOQ] [http-nio-8080-exec-6] INFO  c.P.s.a.services.AuditService - [STOQ-AUDIT] SAVE | entity=MovimientoInventario | operation=CREATE | record=2aee6e51-d8c8-48af-a54d-5d12cb321e66 | user=gerente@gmail.com | endpoint=POST /api/productos | ip=0:0:0:0:0:0:0:1
2026-05-23 20:39:45 [STOQ] [http-nio-8080-exec-6] INFO  c.P.s.a.services.AuditService - [STOQ-AUDIT] SAVE | entity=Producto | operation=CREATE | record=3186e576-8afe-4814-ad4c-a6eaa59fd965 | user=gerente@gmail.com | endpoint=POST /api/productos | ip=0:0:0:0:0:0:0:1
2026-05-23 20:39:45 [STOQ] [http-nio-8080-exec-6] DEBUG org.hibernate.SQL - 
    insert 
    into
        productos
        (categoria_id, codigo, empresa, estado, fecha_actualizacion, fecha_creacion, nombre, stock_actual, stock_minimo, ubicacion, unidad_id, id) 
    values
        (?, ?, ?, ?, ?, ?, ?, ?, ?, ?, ?, ?)
2026-05-23 20:39:46 [STOQ] [http-nio-8080-exec-6] DEBUG org.hibernate.SQL - 
    insert 
    into
        movimientos_inventario
        (cantidad, fecha_movimiento, motivo, producto_id, stock_anterior, stock_resultante, tipo_movimiento, usuario_id, id) 
    values
        (?, ?, ?, ?, ?, ?, ?, ?, ?)
2026-05-23 20:39:46 [STOQ] [http-nio-8080-exec-6] DEBUG org.hibernate.SQL - 
    insert 
    into
        audit_logs
        (cambios_anterior, cambios_nuevo, created_by, created_date, endpoint, entidad, id_registro, ip_origen, operacion, user_agent, id) 
    values
        (?, ?, ?, ?, ?, ?, ?, ?, ?, ?, ?)
2026-05-23 20:39:46 [STOQ] [http-nio-8080-exec-6] DEBUG org.hibernate.SQL - 
    insert 
    into
        audit_logs
        (cambios_anterior, cambios_nuevo, created_by, created_date, endpoint, entidad, id_registro, ip_origen, operacion, user_agent, id) 
    values
        (?, ?, ?, ?, ?, ?, ?, ?, ?, ?, ?)
2026-05-23 20:39:46 [STOQ] [http-nio-8080-exec-6] DEBUG org.hibernate.SQL - 
    update
        productos 
    set
        categoria_id=?,
        codigo=?,
        empresa=?,
        estado=?,
        fecha_actualizacion=?,
        nombre=?,
        stock_actual=?,
        stock_minimo=?,
        ubicacion=?,
        unidad_id=? 
    where
        id=?
2026-05-23 20:39:47 [STOQ] [http-nio-8080-exec-6] INFO  c.P.s.a.aspects.ApiLoggingAspect - [STOQ-MONITOR] OUT POST /api/productos | status=OK | time=3893 ms | endpoint=ProductosController.crearProducto(..)
2026-05-23 20:39:47 [STOQ] [http-nio-8080-exec-6] INFO  c.P.s.a.aspects.ApiLoggingAspect - [STOQ-MONITOR] ============================================================
2026-05-23 20:39:47 [STOQ] [http-nio-8080-exec-7] DEBUG o.s.security.web.FilterChainProxy - Securing OPTIONS /api/productos
2026-05-23 20:39:47 [STOQ] [http-nio-8080-exec-9] DEBUG o.s.security.web.FilterChainProxy - Securing OPTIONS /api/categorias
2026-05-23 20:39:47 [STOQ] [http-nio-8080-exec-8] DEBUG o.s.security.web.FilterChainProxy - Securing OPTIONS /api/unidades
2026-05-23 20:39:47 [STOQ] [http-nio-8080-exec-10] DEBUG o.s.security.web.FilterChainProxy - Securing GET /api/productos
2026-05-23 20:39:47 [STOQ] [http-nio-8080-exec-3] DEBUG o.s.security.web.FilterChainProxy - Securing GET /api/categorias
2026-05-23 20:39:47 [STOQ] [http-nio-8080-exec-1] DEBUG o.s.security.web.FilterChainProxy - Securing GET /api/unidades
2026-05-23 20:39:47 [STOQ] [http-nio-8080-exec-10] DEBUG org.hibernate.SQL - 
    select
        u1_0.id,
        u1_0.contrasena_hash,
        u1_0.correo,
        u1_0.empresa,
        u1_0.estado,
        u1_0.nombre,
        u1_0.rol_id 
    from
        usuarios u1_0 
    where
        u1_0.correo=?
2026-05-23 20:39:47 [STOQ] [http-nio-8080-exec-3] DEBUG org.hibernate.SQL - 
    select
        u1_0.id,
        u1_0.contrasena_hash,
        u1_0.correo,
        u1_0.empresa,
        u1_0.estado,
        u1_0.nombre,
        u1_0.rol_id 
    from
        usuarios u1_0 
    where
        u1_0.correo=?
2026-05-23 20:39:47 [STOQ] [http-nio-8080-exec-1] DEBUG org.hibernate.SQL - 
    select
        u1_0.id,
        u1_0.contrasena_hash,
        u1_0.correo,
        u1_0.empresa,
        u1_0.estado,
        u1_0.nombre,
        u1_0.rol_id 
    from
        usuarios u1_0 
    where
        u1_0.correo=?
2026-05-23 20:39:48 [STOQ] [http-nio-8080-exec-10] DEBUG org.hibernate.SQL - 
    select
        r1_0.id,
        r1_0.descripcion,
        r1_0.nombre 
    from
        roles r1_0 
    where
        r1_0.id=?
2026-05-23 20:39:48 [STOQ] [http-nio-8080-exec-3] DEBUG org.hibernate.SQL - 
    select
        r1_0.id,
        r1_0.descripcion,
        r1_0.nombre 
    from
        roles r1_0 
    where
        r1_0.id=?
2026-05-23 20:39:48 [STOQ] [http-nio-8080-exec-1] DEBUG org.hibernate.SQL - 
    select
        r1_0.id,
        r1_0.descripcion,
        r1_0.nombre 
    from
        roles r1_0 
    where
        r1_0.id=?
2026-05-23 20:39:48 [STOQ] [http-nio-8080-exec-10] INFO  c.Proyecto.stoq.security.JwtFilter - Authenticated request for email=gerente@gmail.com role=GERENTE path=/api/productos
2026-05-23 20:39:48 [STOQ] [http-nio-8080-exec-10] DEBUG o.s.security.web.FilterChainProxy - Secured GET /api/productos
2026-05-23 20:39:48 [STOQ] [http-nio-8080-exec-10] INFO  c.P.s.a.aspects.ApiLoggingAspect - [STOQ-MONITOR] ============================================================
2026-05-23 20:39:48 [STOQ] [http-nio-8080-exec-10] INFO  c.P.s.a.aspects.ApiLoggingAspect - [STOQ-MONITOR] IN  2026-05-23 20:39:48 | GET /api/productos | user=gerente@gmail.com | ip=0:0:0:0:0:0:0:1 | ua=Mozilla/5.0 (X11; Linux x86_64) AppleWebKit/537.36 (KHTML, like Gecko) Chrome/148.0.0.0 Safari/537.36
2026-05-23 20:39:48 [STOQ] [http-nio-8080-exec-10] DEBUG org.hibernate.SQL - 
    select
        u1_0.id,
        u1_0.contrasena_hash,
        u1_0.correo,
        u1_0.empresa,
        u1_0.estado,
        u1_0.nombre,
        u1_0.rol_id 
    from
        usuarios u1_0 
    where
        u1_0.correo=?
2026-05-23 20:39:48 [STOQ] [http-nio-8080-exec-10] DEBUG org.hibernate.SQL - 
    select
        r1_0.id,
        r1_0.descripcion,
        r1_0.nombre 
    from
        roles r1_0 
    where
        r1_0.id=?
2026-05-23 20:39:48 [STOQ] [http-nio-8080-exec-1] INFO  c.Proyecto.stoq.security.JwtFilter - Authenticated request for email=gerente@gmail.com role=GERENTE path=/api/unidades
2026-05-23 20:39:48 [STOQ] [http-nio-8080-exec-1] DEBUG o.s.security.web.FilterChainProxy - Secured GET /api/unidades
2026-05-23 20:39:48 [STOQ] [http-nio-8080-exec-1] INFO  c.P.s.a.aspects.ApiLoggingAspect - [STOQ-MONITOR] ============================================================
2026-05-23 20:39:48 [STOQ] [http-nio-8080-exec-3] INFO  c.Proyecto.stoq.security.JwtFilter - Authenticated request for email=gerente@gmail.com role=GERENTE path=/api/categorias
2026-05-23 20:39:48 [STOQ] [http-nio-8080-exec-1] INFO  c.P.s.a.aspects.ApiLoggingAspect - [STOQ-MONITOR] IN  2026-05-23 20:39:48 | GET /api/unidades | user=gerente@gmail.com | ip=0:0:0:0:0:0:0:1 | ua=Mozilla/5.0 (X11; Linux x86_64) AppleWebKit/537.36 (KHTML, like Gecko) Chrome/148.0.0.0 Safari/537.36
2026-05-23 20:39:48 [STOQ] [http-nio-8080-exec-3] DEBUG o.s.security.web.FilterChainProxy - Secured GET /api/categorias
2026-05-23 20:39:48 [STOQ] [http-nio-8080-exec-1] DEBUG org.hibernate.SQL - 
    select
        u1_0.id,
        u1_0.abreviatura,
        u1_0.estado,
        u1_0.nombre 
    from
        unidades u1_0
2026-05-23 20:39:48 [STOQ] [http-nio-8080-exec-3] INFO  c.P.s.a.aspects.ApiLoggingAspect - [STOQ-MONITOR] ============================================================
2026-05-23 20:39:48 [STOQ] [http-nio-8080-exec-3] INFO  c.P.s.a.aspects.ApiLoggingAspect - [STOQ-MONITOR] IN  2026-05-23 20:39:48 | GET /api/categorias | user=gerente@gmail.com | ip=0:0:0:0:0:0:0:1 | ua=Mozilla/5.0 (X11; Linux x86_64) AppleWebKit/537.36 (KHTML, like Gecko) Chrome/148.0.0.0 Safari/537.36
2026-05-23 20:39:48 [STOQ] [http-nio-8080-exec-3] DEBUG org.hibernate.SQL - 
    select
        c1_0.id,
        c1_0.descripcion,
        c1_0.estado,
        c1_0.fecha_creacion,
        c1_0.nombre 
    from
        categorias c1_0
2026-05-23 20:39:49 [STOQ] [http-nio-8080-exec-10] DEBUG org.hibernate.SQL - 
    select
        p1_0.id,
        p1_0.categoria_id,
        p1_0.codigo,
        p1_0.empresa,
        p1_0.estado,
        p1_0.fecha_actualizacion,
        p1_0.fecha_creacion,
        p1_0.nombre,
        p1_0.stock_actual,
        p1_0.stock_minimo,
        p1_0.ubicacion,
        p1_0.unidad_id 
    from
        productos p1_0
2026-05-23 20:39:49 [STOQ] [http-nio-8080-exec-1] INFO  c.P.s.a.aspects.ApiLoggingAspect - [STOQ-MONITOR] OUT GET /api/unidades | status=OK | time=548 ms | endpoint=UnidadController.listado_unidades()
2026-05-23 20:39:49 [STOQ] [http-nio-8080-exec-1] INFO  c.P.s.a.aspects.ApiLoggingAspect - [STOQ-MONITOR] ============================================================
2026-05-23 20:39:49 [STOQ] [http-nio-8080-exec-3] INFO  c.P.s.a.aspects.ApiLoggingAspect - [STOQ-MONITOR] OUT GET /api/categorias | status=OK | time=543 ms | endpoint=CategoriasController.obtenerCategorias()
2026-05-23 20:39:49 [STOQ] [http-nio-8080-exec-3] INFO  c.P.s.a.aspects.ApiLoggingAspect - [STOQ-MONITOR] ============================================================
2026-05-23 20:39:49 [STOQ] [http-nio-8080-exec-10] DEBUG org.hibernate.SQL - 
    select
        c1_0.id,
        c1_0.descripcion,
        c1_0.estado,
        c1_0.fecha_creacion,
        c1_0.nombre 
    from
        categorias c1_0 
    where
        c1_0.id=?
2026-05-23 20:39:49 [STOQ] [http-nio-8080-exec-10] DEBUG org.hibernate.SQL - 
    select
        u1_0.id,
        u1_0.abreviatura,
        u1_0.estado,
        u1_0.nombre 
    from
        unidades u1_0 
    where
        u1_0.id=?
2026-05-23 20:39:49 [STOQ] [http-nio-8080-exec-10] DEBUG org.hibernate.SQL - 
    select
        u1_0.id,
        u1_0.abreviatura,
        u1_0.estado,
        u1_0.nombre 
    from
        unidades u1_0 
    where
        u1_0.id=?
2026-05-23 20:39:50 [STOQ] [http-nio-8080-exec-10] DEBUG org.hibernate.SQL - 
    select
        u1_0.id,
        u1_0.abreviatura,
        u1_0.estado,
        u1_0.nombre 
    from
        unidades u1_0 
    where
        u1_0.id=?
2026-05-23 20:39:50 [STOQ] [http-nio-8080-exec-10] DEBUG org.hibernate.SQL - 
    select
        u1_0.id,
        u1_0.abreviatura,
        u1_0.estado,
        u1_0.nombre 
    from
        unidades u1_0 
    where
        u1_0.id=?
2026-05-23 20:39:50 [STOQ] [http-nio-8080-exec-10] DEBUG org.hibernate.SQL - 
    select
        c1_0.id,
        c1_0.descripcion,
        c1_0.estado,
        c1_0.fecha_creacion,
        c1_0.nombre 
    from
        categorias c1_0 
    where
        c1_0.id=?
2026-05-23 20:39:51 [STOQ] [http-nio-8080-exec-10] DEBUG org.hibernate.SQL - 
    select
        c1_0.id,
        c1_0.descripcion,
        c1_0.estado,
        c1_0.fecha_creacion,
        c1_0.nombre 
    from
        categorias c1_0 
    where
        c1_0.id=?
2026-05-23 20:39:51 [STOQ] [http-nio-8080-exec-10] DEBUG org.hibernate.SQL - 
    select
        c1_0.id,
        c1_0.descripcion,
        c1_0.estado,
        c1_0.fecha_creacion,
        c1_0.nombre 
    from
        categorias c1_0 
    where
        c1_0.id=?
2026-05-23 20:39:51 [STOQ] [http-nio-8080-exec-10] INFO  c.P.s.a.aspects.ApiLoggingAspect - [STOQ-MONITOR] OUT GET /api/productos | status=OK | time=3683 ms | endpoint=ProductosController.obtenerProductos()
2026-05-23 20:39:51 [STOQ] [http-nio-8080-exec-10] INFO  c.P.s.a.aspects.ApiLoggingAspect - [STOQ-MONITOR] ============================================================
2026-05-23 20:39:57 [STOQ] [http-nio-8080-exec-2] DEBUG o.s.security.web.FilterChainProxy - Securing OPTIONS /api/reportes/categorias?inicio=2026-04-24&fin=2026-05-23
2026-05-23 20:39:57 [STOQ] [http-nio-8080-exec-4] DEBUG o.s.security.web.FilterChainProxy - Securing GET /api/reportes/categorias?inicio=2026-04-24&fin=2026-05-23
2026-05-23 20:39:57 [STOQ] [http-nio-8080-exec-4] DEBUG org.hibernate.SQL - 
    select
        u1_0.id,
        u1_0.contrasena_hash,
        u1_0.correo,
        u1_0.empresa,
        u1_0.estado,
        u1_0.nombre,
        u1_0.rol_id 
    from
        usuarios u1_0 
    where
        u1_0.correo=?
2026-05-23 20:39:57 [STOQ] [http-nio-8080-exec-4] DEBUG org.hibernate.SQL - 
    select
        r1_0.id,
        r1_0.descripcion,
        r1_0.nombre 
    from
        roles r1_0 
    where
        r1_0.id=?
2026-05-23 20:39:58 [STOQ] [http-nio-8080-exec-4] INFO  c.Proyecto.stoq.security.JwtFilter - Authenticated request for email=gerente@gmail.com role=GERENTE path=/api/reportes/categorias
2026-05-23 20:39:58 [STOQ] [http-nio-8080-exec-4] DEBUG o.s.security.web.FilterChainProxy - Secured GET /api/reportes/categorias?inicio=2026-04-24&fin=2026-05-23
2026-05-23 20:39:58 [STOQ] [http-nio-8080-exec-4] INFO  c.P.s.a.aspects.ApiLoggingAspect - [STOQ-MONITOR] ============================================================
2026-05-23 20:39:58 [STOQ] [http-nio-8080-exec-4] INFO  c.P.s.a.aspects.ApiLoggingAspect - [STOQ-MONITOR] IN  2026-05-23 20:39:58 | GET /api/reportes/categorias | user=gerente@gmail.com | ip=0:0:0:0:0:0:0:1 | ua=Mozilla/5.0 (X11; Linux x86_64) AppleWebKit/537.36 (KHTML, like Gecko) Chrome/148.0.0.0 Safari/537.36
2026-05-23 20:39:58 [STOQ] [http-nio-8080-exec-4] DEBUG org.hibernate.SQL - 
    select
        u1_0.id,
        u1_0.contrasena_hash,
        u1_0.correo,
        u1_0.empresa,
        u1_0.estado,
        u1_0.nombre,
        u1_0.rol_id 
    from
        usuarios u1_0 
    where
        u1_0.correo=?
2026-05-23 20:39:58 [STOQ] [http-nio-8080-exec-4] DEBUG org.hibernate.SQL - 
    select
        r1_0.id,
        r1_0.descripcion,
        r1_0.nombre 
    from
        roles r1_0 
    where
        r1_0.id=?
2026-05-23 20:39:58 [STOQ] [http-nio-8080-exec-4] DEBUG org.hibernate.SQL - 
    select
        c1_0.id,
        c1_0.nombre,
        count(p1_0.id),
        coalesce(sum(coalesce(p1_0.stock_actual, 0)), cast(0 as bigint)),
        coalesce(sum(coalesce(p1_0.stock_minimo, 0)), cast(0 as bigint)),
        cast(0 as bigint),
        cast(0 as bigint),
        cast(0 as bigint),
        cast(0 as bigint),
        cast(0 as bigint),
        cast(0 as bigint) 
    from
        productos p1_0 
    join
        categorias c1_0 
            on c1_0.id=p1_0.categoria_id 
    where
        p1_0.empresa=? 
        and p1_0.estado=true 
    group by
        c1_0.id,
        c1_0.nombre 
    order by
        c1_0.nombre
2026-05-23 20:39:59 [STOQ] [http-nio-8080-exec-4] DEBUG org.hibernate.SQL - 
    select
        c1_0.id,
        c1_0.nombre,
        cast(0 as bigint),
        cast(0 as bigint),
        cast(0 as bigint),
        count(mi1_0.id),
        coalesce(sum(mi1_0.cantidad), cast(0 as bigint)),
        coalesce(sum(case 
            when upper(mi1_0.tipo_movimiento)='ENTRADA' 
                then 1 
            else 0 
    end), cast(0 as bigint)),
    coalesce(sum(case 
        when upper(mi1_0.tipo_movimiento)='SALIDA' 
            then 1 
        else 0 
end), cast(0 as bigint)),
coalesce(sum(case 
    when upper(mi1_0.tipo_movimiento)='ENTRADA' 
        then mi1_0.cantidad 
    else 0 
end), cast(0 as bigint)),
coalesce(sum(case 
    when upper(mi1_0.tipo_movimiento)='SALIDA' 
        then mi1_0.cantidad 
    else 0 
end), cast(0 as bigint)) 
from
    movimientos_inventario mi1_0 
join
    productos p1_0 
        on p1_0.id=mi1_0.producto_id 
join
    categorias c1_0 
        on c1_0.id=p1_0.categoria_id 
where
    p1_0.empresa=? 
    and mi1_0.fecha_movimiento between ? and ? 
group by
    c1_0.id,
    c1_0.nombre 
order by
    c1_0.nombre
2026-05-23 20:39:59 [STOQ] [http-nio-8080-exec-4] INFO  c.P.s.a.aspects.ApiLoggingAspect - [STOQ-MONITOR] OUT GET /api/reportes/categorias | status=OK | time=1721 ms | endpoint=ReportesController.obtenerReporteCategorias(..)
2026-05-23 20:39:59 [STOQ] [http-nio-8080-exec-4] INFO  c.P.s.a.aspects.ApiLoggingAspect - [STOQ-MONITOR] ============================================================
2026-05-23 20:40:03 [STOQ] [http-nio-8080-exec-6] DEBUG o.s.security.web.FilterChainProxy - Securing OPTIONS /api/alertas/resumen
2026-05-23 20:40:03 [STOQ] [http-nio-8080-exec-5] DEBUG o.s.security.web.FilterChainProxy - Securing OPTIONS /api/usuarios/me
2026-05-23 20:40:03 [STOQ] [http-nio-8080-exec-7] DEBUG o.s.security.web.FilterChainProxy - Securing OPTIONS /api/productos/criticos
2026-05-23 20:40:03 [STOQ] [http-nio-8080-exec-9] DEBUG o.s.security.web.FilterChainProxy - Securing OPTIONS /api/productos/criticos
2026-05-23 20:40:03 [STOQ] [http-nio-8080-exec-8] DEBUG o.s.security.web.FilterChainProxy - Securing GET /api/alertas/resumen
2026-05-23 20:40:03 [STOQ] [http-nio-8080-exec-1] DEBUG o.s.security.web.FilterChainProxy - Securing GET /api/productos/criticos
2026-05-23 20:40:03 [STOQ] [http-nio-8080-exec-1] DEBUG org.hibernate.SQL - 
    select
        u1_0.id,
        u1_0.contrasena_hash,
        u1_0.correo,
        u1_0.empresa,
        u1_0.estado,
        u1_0.nombre,
        u1_0.rol_id 
    from
        usuarios u1_0 
    where
        u1_0.correo=?
2026-05-23 20:40:03 [STOQ] [http-nio-8080-exec-8] DEBUG org.hibernate.SQL - 
    select
        u1_0.id,
        u1_0.contrasena_hash,
        u1_0.correo,
        u1_0.empresa,
        u1_0.estado,
        u1_0.nombre,
        u1_0.rol_id 
    from
        usuarios u1_0 
    where
        u1_0.correo=?
2026-05-23 20:40:03 [STOQ] [http-nio-8080-exec-3] DEBUG o.s.security.web.FilterChainProxy - Securing GET /api/usuarios/me
2026-05-23 20:40:03 [STOQ] [http-nio-8080-exec-3] DEBUG org.hibernate.SQL - 
    select
        u1_0.id,
        u1_0.contrasena_hash,
        u1_0.correo,
        u1_0.empresa,
        u1_0.estado,
        u1_0.nombre,
        u1_0.rol_id 
    from
        usuarios u1_0 
    where
        u1_0.correo=?
2026-05-23 20:40:04 [STOQ] [http-nio-8080-exec-1] DEBUG org.hibernate.SQL - 
    select
        r1_0.id,
        r1_0.descripcion,
        r1_0.nombre 
    from
        roles r1_0 
    where
        r1_0.id=?
2026-05-23 20:40:04 [STOQ] [http-nio-8080-exec-3] DEBUG org.hibernate.SQL - 
    select
        r1_0.id,
        r1_0.descripcion,
        r1_0.nombre 
    from
        roles r1_0 
    where
        r1_0.id=?
2026-05-23 20:40:04 [STOQ] [http-nio-8080-exec-8] DEBUG org.hibernate.SQL - 
    select
        r1_0.id,
        r1_0.descripcion,
        r1_0.nombre 
    from
        roles r1_0 
    where
        r1_0.id=?
2026-05-23 20:40:04 [STOQ] [http-nio-8080-exec-3] INFO  c.Proyecto.stoq.security.JwtFilter - Authenticated request for email=gerente@gmail.com role=GERENTE path=/api/usuarios/me
2026-05-23 20:40:04 [STOQ] [http-nio-8080-exec-1] INFO  c.Proyecto.stoq.security.JwtFilter - Authenticated request for email=gerente@gmail.com role=GERENTE path=/api/productos/criticos
2026-05-23 20:40:04 [STOQ] [http-nio-8080-exec-8] INFO  c.Proyecto.stoq.security.JwtFilter - Authenticated request for email=gerente@gmail.com role=GERENTE path=/api/alertas/resumen
2026-05-23 20:40:04 [STOQ] [http-nio-8080-exec-8] DEBUG o.s.security.web.FilterChainProxy - Secured GET /api/alertas/resumen
2026-05-23 20:40:04 [STOQ] [http-nio-8080-exec-3] DEBUG o.s.security.web.FilterChainProxy - Secured GET /api/usuarios/me
2026-05-23 20:40:04 [STOQ] [http-nio-8080-exec-1] DEBUG o.s.security.web.FilterChainProxy - Secured GET /api/productos/criticos
2026-05-23 20:40:04 [STOQ] [http-nio-8080-exec-3] INFO  c.P.s.a.aspects.ApiLoggingAspect - [STOQ-MONITOR] ============================================================
2026-05-23 20:40:04 [STOQ] [http-nio-8080-exec-8] INFO  c.P.s.a.aspects.ApiLoggingAspect - [STOQ-MONITOR] ============================================================
2026-05-23 20:40:04 [STOQ] [http-nio-8080-exec-1] DEBUG o.s.s.a.m.AuthorizationManagerBeforeMethodInterceptor - Authorizing method invocation ReflectiveMethodInvocation: public java.util.List com.Proyecto.stoq.adapters.controllers.ProductosController.obtenerProductosCriticos(); target is of class [com.Proyecto.stoq.adapters.controllers.ProductosController]
2026-05-23 20:40:04 [STOQ] [http-nio-8080-exec-8] INFO  c.P.s.a.aspects.ApiLoggingAspect - [STOQ-MONITOR] IN  2026-05-23 20:40:04 | GET /api/alertas/resumen | user=gerente@gmail.com | ip=0:0:0:0:0:0:0:1 | ua=Mozilla/5.0 (X11; Linux x86_64) AppleWebKit/537.36 (KHTML, like Gecko) Chrome/148.0.0.0 Safari/537.36
2026-05-23 20:40:04 [STOQ] [http-nio-8080-exec-3] INFO  c.P.s.a.aspects.ApiLoggingAspect - [STOQ-MONITOR] IN  2026-05-23 20:40:04 | GET /api/usuarios/me | user=gerente@gmail.com | ip=0:0:0:0:0:0:0:1 | ua=Mozilla/5.0 (X11; Linux x86_64) AppleWebKit/537.36 (KHTML, like Gecko) Chrome/148.0.0.0 Safari/537.36
2026-05-23 20:40:04 [STOQ] [http-nio-8080-exec-3] DEBUG org.hibernate.SQL - 
    select
        u1_0.id,
        u1_0.contrasena_hash,
        u1_0.correo,
        u1_0.empresa,
        u1_0.estado,
        u1_0.nombre,
        u1_0.rol_id 
    from
        usuarios u1_0 
    where
        u1_0.correo=?
2026-05-23 20:40:04 [STOQ] [http-nio-8080-exec-8] DEBUG org.hibernate.SQL - 
    select
        u1_0.id,
        u1_0.contrasena_hash,
        u1_0.correo,
        u1_0.empresa,
        u1_0.estado,
        u1_0.nombre,
        u1_0.rol_id 
    from
        usuarios u1_0 
    where
        u1_0.correo=?
2026-05-23 20:40:04 [STOQ] [http-nio-8080-exec-1] DEBUG o.s.s.a.m.AuthorizationManagerBeforeMethodInterceptor - Authorized method invocation ReflectiveMethodInvocation: public java.util.List com.Proyecto.stoq.adapters.controllers.ProductosController.obtenerProductosCriticos(); target is of class [com.Proyecto.stoq.adapters.controllers.ProductosController]
2026-05-23 20:40:04 [STOQ] [http-nio-8080-exec-1] INFO  c.P.s.a.aspects.ApiLoggingAspect - [STOQ-MONITOR] ============================================================
2026-05-23 20:40:04 [STOQ] [http-nio-8080-exec-1] INFO  c.P.s.a.aspects.ApiLoggingAspect - [STOQ-MONITOR] IN  2026-05-23 20:40:04 | GET /api/productos/criticos | user=gerente@gmail.com | ip=0:0:0:0:0:0:0:1 | ua=Mozilla/5.0 (X11; Linux x86_64) AppleWebKit/537.36 (KHTML, like Gecko) Chrome/148.0.0.0 Safari/537.36
2026-05-23 20:40:04 [STOQ] [http-nio-8080-exec-1] DEBUG org.hibernate.SQL - 
    select
        u1_0.id,
        u1_0.contrasena_hash,
        u1_0.correo,
        u1_0.empresa,
        u1_0.estado,
        u1_0.nombre,
        u1_0.rol_id 
    from
        usuarios u1_0 
    where
        u1_0.correo=?
2026-05-23 20:40:05 [STOQ] [http-nio-8080-exec-3] DEBUG org.hibernate.SQL - 
    select
        r1_0.id,
        r1_0.descripcion,
        r1_0.nombre 
    from
        roles r1_0 
    where
        r1_0.id=?
2026-05-23 20:40:05 [STOQ] [http-nio-8080-exec-1] DEBUG org.hibernate.SQL - 
    select
        r1_0.id,
        r1_0.descripcion,
        r1_0.nombre 
    from
        roles r1_0 
    where
        r1_0.id=?
2026-05-23 20:40:05 [STOQ] [http-nio-8080-exec-8] DEBUG org.hibernate.SQL - 
    select
        r1_0.id,
        r1_0.descripcion,
        r1_0.nombre 
    from
        roles r1_0 
    where
        r1_0.id=?
2026-05-23 20:40:05 [STOQ] [http-nio-8080-exec-3] INFO  c.P.s.a.aspects.ApiLoggingAspect - [STOQ-MONITOR] OUT GET /api/usuarios/me | status=OK | time=605 ms | endpoint=UsuarioController.obtenerUsuarioAutenticado(..)
2026-05-23 20:40:05 [STOQ] [http-nio-8080-exec-3] INFO  c.P.s.a.aspects.ApiLoggingAspect - [STOQ-MONITOR] ============================================================
2026-05-23 20:40:05 [STOQ] [http-nio-8080-exec-8] DEBUG org.hibernate.SQL - 
    select
        p1_0.id,
        p1_0.categoria_id,
        p1_0.codigo,
        p1_0.empresa,
        p1_0.estado,
        p1_0.fecha_actualizacion,
        p1_0.fecha_creacion,
        p1_0.nombre,
        p1_0.stock_actual,
        p1_0.stock_minimo,
        p1_0.ubicacion,
        p1_0.unidad_id 
    from
        productos p1_0
2026-05-23 20:40:05 [STOQ] [http-nio-8080-exec-1] DEBUG org.hibernate.SQL - 
    select
        p1_0.id,
        p1_0.categoria_id,
        p1_0.codigo,
        p1_0.empresa,
        p1_0.estado,
        p1_0.fecha_actualizacion,
        p1_0.fecha_creacion,
        p1_0.nombre,
        p1_0.stock_actual,
        p1_0.stock_minimo,
        p1_0.ubicacion,
        p1_0.unidad_id 
    from
        productos p1_0
2026-05-23 20:40:05 [STOQ] [http-nio-8080-exec-8] DEBUG org.hibernate.SQL - 
    select
        c1_0.id,
        c1_0.descripcion,
        c1_0.estado,
        c1_0.fecha_creacion,
        c1_0.nombre 
    from
        categorias c1_0 
    where
        c1_0.id=?
2026-05-23 20:40:05 [STOQ] [http-nio-8080-exec-1] DEBUG org.hibernate.SQL - 
    select
        c1_0.id,
        c1_0.descripcion,
        c1_0.estado,
        c1_0.fecha_creacion,
        c1_0.nombre 
    from
        categorias c1_0 
    where
        c1_0.id=?
2026-05-23 20:40:05 [STOQ] [http-nio-8080-exec-8] DEBUG org.hibernate.SQL - 
    select
        u1_0.id,
        u1_0.abreviatura,
        u1_0.estado,
        u1_0.nombre 
    from
        unidades u1_0 
    where
        u1_0.id=?
2026-05-23 20:40:05 [STOQ] [http-nio-8080-exec-1] DEBUG org.hibernate.SQL - 
    select
        u1_0.id,
        u1_0.abreviatura,
        u1_0.estado,
        u1_0.nombre 
    from
        unidades u1_0 
    where
        u1_0.id=?
2026-05-23 20:40:06 [STOQ] [http-nio-8080-exec-8] DEBUG org.hibernate.SQL - 
    select
        u1_0.id,
        u1_0.abreviatura,
        u1_0.estado,
        u1_0.nombre 
    from
        unidades u1_0 
    where
        u1_0.id=?
2026-05-23 20:40:06 [STOQ] [http-nio-8080-exec-1] DEBUG org.hibernate.SQL - 
    select
        u1_0.id,
        u1_0.abreviatura,
        u1_0.estado,
        u1_0.nombre 
    from
        unidades u1_0 
    where
        u1_0.id=?
2026-05-23 20:40:06 [STOQ] [http-nio-8080-exec-8] DEBUG org.hibernate.SQL - 
    select
        u1_0.id,
        u1_0.abreviatura,
        u1_0.estado,
        u1_0.nombre 
    from
        unidades u1_0 
    where
        u1_0.id=?
2026-05-23 20:40:06 [STOQ] [http-nio-8080-exec-1] DEBUG org.hibernate.SQL - 
    select
        u1_0.id,
        u1_0.abreviatura,
        u1_0.estado,
        u1_0.nombre 
    from
        unidades u1_0 
    where
        u1_0.id=?
2026-05-23 20:40:06 [STOQ] [http-nio-8080-exec-8] DEBUG org.hibernate.SQL - 
    select
        u1_0.id,
        u1_0.abreviatura,
        u1_0.estado,
        u1_0.nombre 
    from
        unidades u1_0 
    where
        u1_0.id=?
2026-05-23 20:40:06 [STOQ] [http-nio-8080-exec-1] DEBUG org.hibernate.SQL - 
    select
        u1_0.id,
        u1_0.abreviatura,
        u1_0.estado,
        u1_0.nombre 
    from
        unidades u1_0 
    where
        u1_0.id=?
2026-05-23 20:40:06 [STOQ] [http-nio-8080-exec-8] DEBUG org.hibernate.SQL - 
    select
        c1_0.id,
        c1_0.descripcion,
        c1_0.estado,
        c1_0.fecha_creacion,
        c1_0.nombre 
    from
        categorias c1_0 
    where
        c1_0.id=?
2026-05-23 20:40:06 [STOQ] [http-nio-8080-exec-1] DEBUG org.hibernate.SQL - 
    select
        c1_0.id,
        c1_0.descripcion,
        c1_0.estado,
        c1_0.fecha_creacion,
        c1_0.nombre 
    from
        categorias c1_0 
    where
        c1_0.id=?
2026-05-23 20:40:07 [STOQ] [http-nio-8080-exec-8] DEBUG org.hibernate.SQL - 
    select
        c1_0.id,
        c1_0.descripcion,
        c1_0.estado,
        c1_0.fecha_creacion,
        c1_0.nombre 
    from
        categorias c1_0 
    where
        c1_0.id=?
2026-05-23 20:40:07 [STOQ] [http-nio-8080-exec-1] DEBUG org.hibernate.SQL - 
    select
        c1_0.id,
        c1_0.descripcion,
        c1_0.estado,
        c1_0.fecha_creacion,
        c1_0.nombre 
    from
        categorias c1_0 
    where
        c1_0.id=?
2026-05-23 20:40:07 [STOQ] [http-nio-8080-exec-8] DEBUG org.hibernate.SQL - 
    select
        c1_0.id,
        c1_0.descripcion,
        c1_0.estado,
        c1_0.fecha_creacion,
        c1_0.nombre 
    from
        categorias c1_0 
    where
        c1_0.id=?
2026-05-23 20:40:07 [STOQ] [http-nio-8080-exec-1] DEBUG org.hibernate.SQL - 
    select
        c1_0.id,
        c1_0.descripcion,
        c1_0.estado,
        c1_0.fecha_creacion,
        c1_0.nombre 
    from
        categorias c1_0 
    where
        c1_0.id=?
2026-05-23 20:40:08 [STOQ] [http-nio-8080-exec-1] INFO  c.P.s.a.aspects.ApiLoggingAspect - [STOQ-MONITOR] OUT GET /api/productos/criticos | status=OK | time=3361 ms | endpoint=ProductosController.obtenerProductosCriticos()
2026-05-23 20:40:08 [STOQ] [http-nio-8080-exec-1] INFO  c.P.s.a.aspects.ApiLoggingAspect - [STOQ-MONITOR] ============================================================
2026-05-23 20:40:08 [STOQ] [http-nio-8080-exec-8] DEBUG org.hibernate.SQL - 
    select
        a1_0.id,
        a1_0.fecha,
        a1_0.leida,
        a1_0.mensaje,
        a1_0.producto_id,
        p1_0.id,
        p1_0.categoria_id,
        c1_0.id,
        c1_0.descripcion,
        c1_0.estado,
        c1_0.fecha_creacion,
        c1_0.nombre,
        p1_0.codigo,
        p1_0.empresa,
        p1_0.estado,
        p1_0.fecha_actualizacion,
        p1_0.fecha_creacion,
        p1_0.nombre,
        p1_0.stock_actual,
        p1_0.stock_minimo,
        p1_0.ubicacion,
        p1_0.unidad_id,
        a1_0.tipo 
    from
        alertas a1_0 
    join
        productos p1_0 
            on p1_0.id=a1_0.producto_id 
    join
        categorias c1_0 
            on c1_0.id=p1_0.categoria_id
2026-05-23 20:40:08 [STOQ] [http-nio-8080-exec-2] DEBUG o.s.security.web.FilterChainProxy - Securing GET /api/productos/criticos
2026-05-23 20:40:08 [STOQ] [http-nio-8080-exec-2] DEBUG org.hibernate.SQL - 
    select
        u1_0.id,
        u1_0.contrasena_hash,
        u1_0.correo,
        u1_0.empresa,
        u1_0.estado,
        u1_0.nombre,
        u1_0.rol_id 
    from
        usuarios u1_0 
    where
        u1_0.correo=?
2026-05-23 20:40:08 [STOQ] [http-nio-8080-exec-2] DEBUG org.hibernate.SQL - 
    select
        r1_0.id,
        r1_0.descripcion,
        r1_0.nombre 
    from
        roles r1_0 
    where
        r1_0.id=?
2026-05-23 20:40:08 [STOQ] [http-nio-8080-exec-8] DEBUG org.hibernate.SQL - 
    select
        a1_0.id,
        a1_0.fecha,
        a1_0.leida,
        a1_0.mensaje,
        a1_0.producto_id,
        p1_0.id,
        p1_0.categoria_id,
        c1_0.id,
        c1_0.descripcion,
        c1_0.estado,
        c1_0.fecha_creacion,
        c1_0.nombre,
        p1_0.codigo,
        p1_0.empresa,
        p1_0.estado,
        p1_0.fecha_actualizacion,
        p1_0.fecha_creacion,
        p1_0.nombre,
        p1_0.stock_actual,
        p1_0.stock_minimo,
        p1_0.ubicacion,
        p1_0.unidad_id,
        a1_0.tipo 
    from
        alertas a1_0 
    join
        productos p1_0 
            on p1_0.id=a1_0.producto_id 
    join
        categorias c1_0 
            on c1_0.id=p1_0.categoria_id
2026-05-23 20:40:09 [STOQ] [http-nio-8080-exec-2] INFO  c.Proyecto.stoq.security.JwtFilter - Authenticated request for email=gerente@gmail.com role=GERENTE path=/api/productos/criticos
2026-05-23 20:40:09 [STOQ] [http-nio-8080-exec-2] DEBUG o.s.security.web.FilterChainProxy - Secured GET /api/productos/criticos
2026-05-23 20:40:09 [STOQ] [http-nio-8080-exec-2] DEBUG o.s.s.a.m.AuthorizationManagerBeforeMethodInterceptor - Authorizing method invocation ReflectiveMethodInvocation: public java.util.List com.Proyecto.stoq.adapters.controllers.ProductosController.obtenerProductosCriticos(); target is of class [com.Proyecto.stoq.adapters.controllers.ProductosController]
2026-05-23 20:40:09 [STOQ] [http-nio-8080-exec-2] DEBUG o.s.s.a.m.AuthorizationManagerBeforeMethodInterceptor - Authorized method invocation ReflectiveMethodInvocation: public java.util.List com.Proyecto.stoq.adapters.controllers.ProductosController.obtenerProductosCriticos(); target is of class [com.Proyecto.stoq.adapters.controllers.ProductosController]
2026-05-23 20:40:09 [STOQ] [http-nio-8080-exec-2] INFO  c.P.s.a.aspects.ApiLoggingAspect - [STOQ-MONITOR] ============================================================
2026-05-23 20:40:09 [STOQ] [http-nio-8080-exec-2] INFO  c.P.s.a.aspects.ApiLoggingAspect - [STOQ-MONITOR] IN  2026-05-23 20:40:09 | GET /api/productos/criticos | user=gerente@gmail.com | ip=0:0:0:0:0:0:0:1 | ua=Mozilla/5.0 (X11; Linux x86_64) AppleWebKit/537.36 (KHTML, like Gecko) Chrome/148.0.0.0 Safari/537.36
2026-05-23 20:40:09 [STOQ] [http-nio-8080-exec-2] DEBUG org.hibernate.SQL - 
    select
        u1_0.id,
        u1_0.contrasena_hash,
        u1_0.correo,
        u1_0.empresa,
        u1_0.estado,
        u1_0.nombre,
        u1_0.rol_id 
    from
        usuarios u1_0 
    where
        u1_0.correo=?
2026-05-23 20:40:09 [STOQ] [http-nio-8080-exec-8] INFO  c.P.s.a.aspects.ApiLoggingAspect - [STOQ-MONITOR] OUT GET /api/alertas/resumen | status=OK | time=4594 ms | endpoint=AlertaController.obtenerResumen()
2026-05-23 20:40:09 [STOQ] [http-nio-8080-exec-8] INFO  c.P.s.a.aspects.ApiLoggingAspect - [STOQ-MONITOR] ============================================================
2026-05-23 20:40:09 [STOQ] [http-nio-8080-exec-2] DEBUG org.hibernate.SQL - 
    select
        r1_0.id,
        r1_0.descripcion,
        r1_0.nombre 
    from
        roles r1_0 
    where
        r1_0.id=?
2026-05-23 20:40:09 [STOQ] [http-nio-8080-exec-2] DEBUG org.hibernate.SQL - 
    select
        p1_0.id,
        p1_0.categoria_id,
        p1_0.codigo,
        p1_0.empresa,
        p1_0.estado,
        p1_0.fecha_actualizacion,
        p1_0.fecha_creacion,
        p1_0.nombre,
        p1_0.stock_actual,
        p1_0.stock_minimo,
        p1_0.ubicacion,
        p1_0.unidad_id 
    from
        productos p1_0
2026-05-23 20:40:10 [STOQ] [http-nio-8080-exec-2] DEBUG org.hibernate.SQL - 
    select
        c1_0.id,
        c1_0.descripcion,
        c1_0.estado,
        c1_0.fecha_creacion,
        c1_0.nombre 
    from
        categorias c1_0 
    where
        c1_0.id=?
2026-05-23 20:40:10 [STOQ] [http-nio-8080-exec-2] DEBUG org.hibernate.SQL - 
    select
        u1_0.id,
        u1_0.abreviatura,
        u1_0.estado,
        u1_0.nombre 
    from
        unidades u1_0 
    where
        u1_0.id=?
2026-05-23 20:40:10 [STOQ] [http-nio-8080-exec-2] DEBUG org.hibernate.SQL - 
    select
        u1_0.id,
        u1_0.abreviatura,
        u1_0.estado,
        u1_0.nombre 
    from
        unidades u1_0 
    where
        u1_0.id=?
2026-05-23 20:40:10 [STOQ] [http-nio-8080-exec-2] DEBUG org.hibernate.SQL - 
    select
        u1_0.id,
        u1_0.abreviatura,
        u1_0.estado,
        u1_0.nombre 
    from
        unidades u1_0 
    where
        u1_0.id=?
2026-05-23 20:40:11 [STOQ] [http-nio-8080-exec-2] DEBUG org.hibernate.SQL - 
    select
        u1_0.id,
        u1_0.abreviatura,
        u1_0.estado,
        u1_0.nombre 
    from
        unidades u1_0 
    where
        u1_0.id=?
2026-05-23 20:40:11 [STOQ] [http-nio-8080-exec-2] DEBUG org.hibernate.SQL - 
    select
        c1_0.id,
        c1_0.descripcion,
        c1_0.estado,
        c1_0.fecha_creacion,
        c1_0.nombre 
    from
        categorias c1_0 
    where
        c1_0.id=?
2026-05-23 20:40:11 [STOQ] [http-nio-8080-exec-2] DEBUG org.hibernate.SQL - 
    select
        c1_0.id,
        c1_0.descripcion,
        c1_0.estado,
        c1_0.fecha_creacion,
        c1_0.nombre 
    from
        categorias c1_0 
    where
        c1_0.id=?
2026-05-23 20:40:12 [STOQ] [http-nio-8080-exec-2] DEBUG org.hibernate.SQL - 
    select
        c1_0.id,
        c1_0.descripcion,
        c1_0.estado,
        c1_0.fecha_creacion,
        c1_0.nombre 
    from
        categorias c1_0 
    where
        c1_0.id=?
2026-05-23 20:40:12 [STOQ] [http-nio-8080-exec-2] INFO  c.P.s.a.aspects.ApiLoggingAspect - [STOQ-MONITOR] OUT GET /api/productos/criticos | status=OK | time=3520 ms | endpoint=ProductosController.obtenerProductosCriticos()
2026-05-23 20:40:12 [STOQ] [http-nio-8080-exec-2] INFO  c.P.s.a.aspects.ApiLoggingAspect - [STOQ-MONITOR] ============================================================
2026-05-23 20:40:13 [STOQ] [http-nio-8080-exec-4] DEBUG o.s.security.web.FilterChainProxy - Securing OPTIONS /api/productos
2026-05-23 20:40:13 [STOQ] [http-nio-8080-exec-6] DEBUG o.s.security.web.FilterChainProxy - Securing OPTIONS /api/categorias
2026-05-23 20:40:13 [STOQ] [http-nio-8080-exec-7] DEBUG o.s.security.web.FilterChainProxy - Securing GET /api/productos
2026-05-23 20:40:13 [STOQ] [http-nio-8080-exec-5] DEBUG o.s.security.web.FilterChainProxy - Securing OPTIONS /api/unidades
2026-05-23 20:40:13 [STOQ] [http-nio-8080-exec-7] DEBUG org.hibernate.SQL - 
    select
        u1_0.id,
        u1_0.contrasena_hash,
        u1_0.correo,
        u1_0.empresa,
        u1_0.estado,
        u1_0.nombre,
        u1_0.rol_id 
    from
        usuarios u1_0 
    where
        u1_0.correo=?
2026-05-23 20:40:13 [STOQ] [http-nio-8080-exec-1] DEBUG o.s.security.web.FilterChainProxy - Securing OPTIONS /api/productos/criticos
2026-05-23 20:40:13 [STOQ] [http-nio-8080-exec-9] DEBUG o.s.security.web.FilterChainProxy - Securing GET /api/categorias
2026-05-23 20:40:13 [STOQ] [http-nio-8080-exec-10] DEBUG o.s.security.web.FilterChainProxy - Securing OPTIONS /api/alertas/resumen
2026-05-23 20:40:13 [STOQ] [http-nio-8080-exec-3] DEBUG o.s.security.web.FilterChainProxy - Securing GET /api/unidades
2026-05-23 20:40:13 [STOQ] [http-nio-8080-exec-3] DEBUG org.hibernate.SQL - 
    select
        u1_0.id,
        u1_0.contrasena_hash,
        u1_0.correo,
        u1_0.empresa,
        u1_0.estado,
        u1_0.nombre,
        u1_0.rol_id 
    from
        usuarios u1_0 
    where
        u1_0.correo=?
2026-05-23 20:40:13 [STOQ] [http-nio-8080-exec-2] DEBUG o.s.security.web.FilterChainProxy - Securing GET /api/alertas/resumen
2026-05-23 20:40:13 [STOQ] [http-nio-8080-exec-9] DEBUG org.hibernate.SQL - 
    select
        u1_0.id,
        u1_0.contrasena_hash,
        u1_0.correo,
        u1_0.empresa,
        u1_0.estado,
        u1_0.nombre,
        u1_0.rol_id 
    from
        usuarios u1_0 
    where
        u1_0.correo=?
2026-05-23 20:40:13 [STOQ] [http-nio-8080-exec-8] DEBUG o.s.security.web.FilterChainProxy - Securing GET /api/productos/criticos
2026-05-23 20:40:13 [STOQ] [http-nio-8080-exec-2] DEBUG org.hibernate.SQL - 
    select
        u1_0.id,
        u1_0.contrasena_hash,
        u1_0.correo,
        u1_0.empresa,
        u1_0.estado,
        u1_0.nombre,
        u1_0.rol_id 
    from
        usuarios u1_0 
    where
        u1_0.correo=?
2026-05-23 20:40:13 [STOQ] [http-nio-8080-exec-8] DEBUG org.hibernate.SQL - 
    select
        u1_0.id,
        u1_0.contrasena_hash,
        u1_0.correo,
        u1_0.empresa,
        u1_0.estado,
        u1_0.nombre,
        u1_0.rol_id 
    from
        usuarios u1_0 
    where
        u1_0.correo=?
2026-05-23 20:40:13 [STOQ] [http-nio-8080-exec-7] DEBUG org.hibernate.SQL - 
    select
        r1_0.id,
        r1_0.descripcion,
        r1_0.nombre 
    from
        roles r1_0 
    where
        r1_0.id=?
2026-05-23 20:40:13 [STOQ] [http-nio-8080-exec-3] DEBUG org.hibernate.SQL - 
    select
        r1_0.id,
        r1_0.descripcion,
        r1_0.nombre 
    from
        roles r1_0 
    where
        r1_0.id=?
2026-05-23 20:40:13 [STOQ] [http-nio-8080-exec-9] DEBUG org.hibernate.SQL - 
    select
        r1_0.id,
        r1_0.descripcion,
        r1_0.nombre 
    from
        roles r1_0 
    where
        r1_0.id=?
2026-05-23 20:40:13 [STOQ] [http-nio-8080-exec-2] DEBUG org.hibernate.SQL - 
    select
        r1_0.id,
        r1_0.descripcion,
        r1_0.nombre 
    from
        roles r1_0 
    where
        r1_0.id=?
2026-05-23 20:40:13 [STOQ] [http-nio-8080-exec-8] DEBUG org.hibernate.SQL - 
    select
        r1_0.id,
        r1_0.descripcion,
        r1_0.nombre 
    from
        roles r1_0 
    where
        r1_0.id=?
2026-05-23 20:40:13 [STOQ] [http-nio-8080-exec-7] INFO  c.Proyecto.stoq.security.JwtFilter - Authenticated request for email=gerente@gmail.com role=GERENTE path=/api/productos
2026-05-23 20:40:13 [STOQ] [http-nio-8080-exec-7] DEBUG o.s.security.web.FilterChainProxy - Secured GET /api/productos
2026-05-23 20:40:13 [STOQ] [http-nio-8080-exec-7] INFO  c.P.s.a.aspects.ApiLoggingAspect - [STOQ-MONITOR] ============================================================
2026-05-23 20:40:13 [STOQ] [http-nio-8080-exec-7] INFO  c.P.s.a.aspects.ApiLoggingAspect - [STOQ-MONITOR] IN  2026-05-23 20:40:13 | GET /api/productos | user=gerente@gmail.com | ip=0:0:0:0:0:0:0:1 | ua=Mozilla/5.0 (X11; Linux x86_64) AppleWebKit/537.36 (KHTML, like Gecko) Chrome/148.0.0.0 Safari/537.36
2026-05-23 20:40:13 [STOQ] [http-nio-8080-exec-7] DEBUG org.hibernate.SQL - 
    select
        u1_0.id,
        u1_0.contrasena_hash,
        u1_0.correo,
        u1_0.empresa,
        u1_0.estado,
        u1_0.nombre,
        u1_0.rol_id 
    from
        usuarios u1_0 
    where
        u1_0.correo=?
2026-05-23 20:40:14 [STOQ] [http-nio-8080-exec-3] INFO  c.Proyecto.stoq.security.JwtFilter - Authenticated request for email=gerente@gmail.com role=GERENTE path=/api/unidades
2026-05-23 20:40:14 [STOQ] [http-nio-8080-exec-3] DEBUG o.s.security.web.FilterChainProxy - Secured GET /api/unidades
2026-05-23 20:40:14 [STOQ] [http-nio-8080-exec-2] INFO  c.Proyecto.stoq.security.JwtFilter - Authenticated request for email=gerente@gmail.com role=GERENTE path=/api/alertas/resumen
2026-05-23 20:40:14 [STOQ] [http-nio-8080-exec-9] INFO  c.Proyecto.stoq.security.JwtFilter - Authenticated request for email=gerente@gmail.com role=GERENTE path=/api/categorias
2026-05-23 20:40:14 [STOQ] [http-nio-8080-exec-2] DEBUG o.s.security.web.FilterChainProxy - Secured GET /api/alertas/resumen
2026-05-23 20:40:14 [STOQ] [http-nio-8080-exec-3] INFO  c.P.s.a.aspects.ApiLoggingAspect - [STOQ-MONITOR] ============================================================
2026-05-23 20:40:14 [STOQ] [http-nio-8080-exec-3] INFO  c.P.s.a.aspects.ApiLoggingAspect - [STOQ-MONITOR] IN  2026-05-23 20:40:14 | GET /api/unidades | user=gerente@gmail.com | ip=0:0:0:0:0:0:0:1 | ua=Mozilla/5.0 (X11; Linux x86_64) AppleWebKit/537.36 (KHTML, like Gecko) Chrome/148.0.0.0 Safari/537.36
2026-05-23 20:40:14 [STOQ] [http-nio-8080-exec-2] INFO  c.P.s.a.aspects.ApiLoggingAspect - [STOQ-MONITOR] ============================================================
2026-05-23 20:40:14 [STOQ] [http-nio-8080-exec-2] INFO  c.P.s.a.aspects.ApiLoggingAspect - [STOQ-MONITOR] IN  2026-05-23 20:40:14 | GET /api/alertas/resumen | user=gerente@gmail.com | ip=0:0:0:0:0:0:0:1 | ua=Mozilla/5.0 (X11; Linux x86_64) AppleWebKit/537.36 (KHTML, like Gecko) Chrome/148.0.0.0 Safari/537.36
2026-05-23 20:40:14 [STOQ] [http-nio-8080-exec-3] DEBUG org.hibernate.SQL - 
    select
        u1_0.id,
        u1_0.abreviatura,
        u1_0.estado,
        u1_0.nombre 
    from
        unidades u1_0
2026-05-23 20:40:14 [STOQ] [http-nio-8080-exec-8] INFO  c.Proyecto.stoq.security.JwtFilter - Authenticated request for email=gerente@gmail.com role=GERENTE path=/api/productos/criticos
2026-05-23 20:40:14 [STOQ] [http-nio-8080-exec-9] DEBUG o.s.security.web.FilterChainProxy - Secured GET /api/categorias
2026-05-23 20:40:14 [STOQ] [http-nio-8080-exec-2] DEBUG org.hibernate.SQL - 
    select
        u1_0.id,
        u1_0.contrasena_hash,
        u1_0.correo,
        u1_0.empresa,
        u1_0.estado,
        u1_0.nombre,
        u1_0.rol_id 
    from
        usuarios u1_0 
    where
        u1_0.correo=?
2026-05-23 20:40:14 [STOQ] [http-nio-8080-exec-8] DEBUG o.s.security.web.FilterChainProxy - Secured GET /api/productos/criticos
2026-05-23 20:40:14 [STOQ] [http-nio-8080-exec-9] INFO  c.P.s.a.aspects.ApiLoggingAspect - [STOQ-MONITOR] ============================================================
2026-05-23 20:40:14 [STOQ] [http-nio-8080-exec-9] INFO  c.P.s.a.aspects.ApiLoggingAspect - [STOQ-MONITOR] IN  2026-05-23 20:40:14 | GET /api/categorias | user=gerente@gmail.com | ip=0:0:0:0:0:0:0:1 | ua=Mozilla/5.0 (X11; Linux x86_64) AppleWebKit/537.36 (KHTML, like Gecko) Chrome/148.0.0.0 Safari/537.36
2026-05-23 20:40:14 [STOQ] [http-nio-8080-exec-9] DEBUG org.hibernate.SQL - 
    select
        c1_0.id,
        c1_0.descripcion,
        c1_0.estado,
        c1_0.fecha_creacion,
        c1_0.nombre 
    from
        categorias c1_0
2026-05-23 20:40:14 [STOQ] [http-nio-8080-exec-8] DEBUG o.s.s.a.m.AuthorizationManagerBeforeMethodInterceptor - Authorizing method invocation ReflectiveMethodInvocation: public java.util.List com.Proyecto.stoq.adapters.controllers.ProductosController.obtenerProductosCriticos(); target is of class [com.Proyecto.stoq.adapters.controllers.ProductosController]
2026-05-23 20:40:14 [STOQ] [http-nio-8080-exec-8] DEBUG o.s.s.a.m.AuthorizationManagerBeforeMethodInterceptor - Authorized method invocation ReflectiveMethodInvocation: public java.util.List com.Proyecto.stoq.adapters.controllers.ProductosController.obtenerProductosCriticos(); target is of class [com.Proyecto.stoq.adapters.controllers.ProductosController]
2026-05-23 20:40:14 [STOQ] [http-nio-8080-exec-8] INFO  c.P.s.a.aspects.ApiLoggingAspect - [STOQ-MONITOR] ============================================================
2026-05-23 20:40:14 [STOQ] [http-nio-8080-exec-8] INFO  c.P.s.a.aspects.ApiLoggingAspect - [STOQ-MONITOR] IN  2026-05-23 20:40:14 | GET /api/productos/criticos | user=gerente@gmail.com | ip=0:0:0:0:0:0:0:1 | ua=Mozilla/5.0 (X11; Linux x86_64) AppleWebKit/537.36 (KHTML, like Gecko) Chrome/148.0.0.0 Safari/537.36
2026-05-23 20:40:14 [STOQ] [http-nio-8080-exec-8] DEBUG org.hibernate.SQL - 
    select
        u1_0.id,
        u1_0.contrasena_hash,
        u1_0.correo,
        u1_0.empresa,
        u1_0.estado,
        u1_0.nombre,
        u1_0.rol_id 
    from
        usuarios u1_0 
    where
        u1_0.correo=?
2026-05-23 20:40:14 [STOQ] [http-nio-8080-exec-7] DEBUG org.hibernate.SQL - 
    select
        r1_0.id,
        r1_0.descripcion,
        r1_0.nombre 
    from
        roles r1_0 
    where
        r1_0.id=?
2026-05-23 20:40:14 [STOQ] [http-nio-8080-exec-2] DEBUG org.hibernate.SQL - 
    select
        r1_0.id,
        r1_0.descripcion,
        r1_0.nombre 
    from
        roles r1_0 
    where
        r1_0.id=?
2026-05-23 20:40:14 [STOQ] [http-nio-8080-exec-8] DEBUG org.hibernate.SQL - 
    select
        r1_0.id,
        r1_0.descripcion,
        r1_0.nombre 
    from
        roles r1_0 
    where
        r1_0.id=?
2026-05-23 20:40:14 [STOQ] [http-nio-8080-exec-7] DEBUG org.hibernate.SQL - 
    select
        p1_0.id,
        p1_0.categoria_id,
        p1_0.codigo,
        p1_0.empresa,
        p1_0.estado,
        p1_0.fecha_actualizacion,
        p1_0.fecha_creacion,
        p1_0.nombre,
        p1_0.stock_actual,
        p1_0.stock_minimo,
        p1_0.ubicacion,
        p1_0.unidad_id 
    from
        productos p1_0
2026-05-23 20:40:14 [STOQ] [http-nio-8080-exec-3] INFO  c.P.s.a.aspects.ApiLoggingAspect - [STOQ-MONITOR] OUT GET /api/unidades | status=OK | time=564 ms | endpoint=UnidadController.listado_unidades()
2026-05-23 20:40:14 [STOQ] [http-nio-8080-exec-3] INFO  c.P.s.a.aspects.ApiLoggingAspect - [STOQ-MONITOR] ============================================================
2026-05-23 20:40:14 [STOQ] [http-nio-8080-exec-9] INFO  c.P.s.a.aspects.ApiLoggingAspect - [STOQ-MONITOR] OUT GET /api/categorias | status=OK | time=558 ms | endpoint=CategoriasController.obtenerCategorias()
2026-05-23 20:40:14 [STOQ] [http-nio-8080-exec-9] INFO  c.P.s.a.aspects.ApiLoggingAspect - [STOQ-MONITOR] ============================================================
2026-05-23 20:40:14 [STOQ] [http-nio-8080-exec-7] DEBUG org.hibernate.SQL - 
    select
        c1_0.id,
        c1_0.descripcion,
        c1_0.estado,
        c1_0.fecha_creacion,
        c1_0.nombre 
    from
        categorias c1_0 
    where
        c1_0.id=?
2026-05-23 20:40:14 [STOQ] [http-nio-8080-exec-8] DEBUG org.hibernate.SQL - 
    select
        p1_0.id,
        p1_0.categoria_id,
        p1_0.codigo,
        p1_0.empresa,
        p1_0.estado,
        p1_0.fecha_actualizacion,
        p1_0.fecha_creacion,
        p1_0.nombre,
        p1_0.stock_actual,
        p1_0.stock_minimo,
        p1_0.ubicacion,
        p1_0.unidad_id 
    from
        productos p1_0
2026-05-23 20:40:14 [STOQ] [http-nio-8080-exec-2] DEBUG org.hibernate.SQL - 
    select
        p1_0.id,
        p1_0.categoria_id,
        p1_0.codigo,
        p1_0.empresa,
        p1_0.estado,
        p1_0.fecha_actualizacion,
        p1_0.fecha_creacion,
        p1_0.nombre,
        p1_0.stock_actual,
        p1_0.stock_minimo,
        p1_0.ubicacion,
        p1_0.unidad_id 
    from
        productos p1_0
2026-05-23 20:40:15 [STOQ] [http-nio-8080-exec-7] DEBUG org.hibernate.SQL - 
    select
        u1_0.id,
        u1_0.abreviatura,
        u1_0.estado,
        u1_0.nombre 
    from
        unidades u1_0 
    where
        u1_0.id=?
2026-05-23 20:40:15 [STOQ] [http-nio-8080-exec-8] DEBUG org.hibernate.SQL - 
    select
        c1_0.id,
        c1_0.descripcion,
        c1_0.estado,
        c1_0.fecha_creacion,
        c1_0.nombre 
    from
        categorias c1_0 
    where
        c1_0.id=?
2026-05-23 20:40:15 [STOQ] [http-nio-8080-exec-2] DEBUG org.hibernate.SQL - 
    select
        c1_0.id,
        c1_0.descripcion,
        c1_0.estado,
        c1_0.fecha_creacion,
        c1_0.nombre 
    from
        categorias c1_0 
    where
        c1_0.id=?
2026-05-23 20:40:15 [STOQ] [http-nio-8080-exec-7] DEBUG org.hibernate.SQL - 
    select
        u1_0.id,
        u1_0.abreviatura,
        u1_0.estado,
        u1_0.nombre 
    from
        unidades u1_0 
    where
        u1_0.id=?
2026-05-23 20:40:15 [STOQ] [http-nio-8080-exec-8] DEBUG org.hibernate.SQL - 
    select
        u1_0.id,
        u1_0.abreviatura,
        u1_0.estado,
        u1_0.nombre 
    from
        unidades u1_0 
    where
        u1_0.id=?
2026-05-23 20:40:15 [STOQ] [http-nio-8080-exec-2] DEBUG org.hibernate.SQL - 
    select
        u1_0.id,
        u1_0.abreviatura,
        u1_0.estado,
        u1_0.nombre 
    from
        unidades u1_0 
    where
        u1_0.id=?
2026-05-23 20:40:15 [STOQ] [http-nio-8080-exec-7] DEBUG org.hibernate.SQL - 
    select
        u1_0.id,
        u1_0.abreviatura,
        u1_0.estado,
        u1_0.nombre 
    from
        unidades u1_0 
    where
        u1_0.id=?
2026-05-23 20:40:15 [STOQ] [http-nio-8080-exec-8] DEBUG org.hibernate.SQL - 
    select
        u1_0.id,
        u1_0.abreviatura,
        u1_0.estado,
        u1_0.nombre 
    from
        unidades u1_0 
    where
        u1_0.id=?
2026-05-23 20:40:15 [STOQ] [http-nio-8080-exec-2] DEBUG org.hibernate.SQL - 
    select
        u1_0.id,
        u1_0.abreviatura,
        u1_0.estado,
        u1_0.nombre 
    from
        unidades u1_0 
    where
        u1_0.id=?
2026-05-23 20:40:15 [STOQ] [http-nio-8080-exec-2] DEBUG org.hibernate.SQL - 
    select
        u1_0.id,
        u1_0.abreviatura,
        u1_0.estado,
        u1_0.nombre 
    from
        unidades u1_0 
    where
        u1_0.id=?
2026-05-23 20:40:15 [STOQ] [http-nio-8080-exec-7] DEBUG org.hibernate.SQL - 
    select
        u1_0.id,
        u1_0.abreviatura,
        u1_0.estado,
        u1_0.nombre 
    from
        unidades u1_0 
    where
        u1_0.id=?
2026-05-23 20:40:15 [STOQ] [http-nio-8080-exec-8] DEBUG org.hibernate.SQL - 
    select
        u1_0.id,
        u1_0.abreviatura,
        u1_0.estado,
        u1_0.nombre 
    from
        unidades u1_0 
    where
        u1_0.id=?
2026-05-23 20:40:16 [STOQ] [http-nio-8080-exec-2] DEBUG org.hibernate.SQL - 
    select
        u1_0.id,
        u1_0.abreviatura,
        u1_0.estado,
        u1_0.nombre 
    from
        unidades u1_0 
    where
        u1_0.id=?
2026-05-23 20:40:16 [STOQ] [http-nio-8080-exec-7] DEBUG org.hibernate.SQL - 
    select
        c1_0.id,
        c1_0.descripcion,
        c1_0.estado,
        c1_0.fecha_creacion,
        c1_0.nombre 
    from
        categorias c1_0 
    where
        c1_0.id=?
2026-05-23 20:40:16 [STOQ] [http-nio-8080-exec-8] DEBUG org.hibernate.SQL - 
    select
        u1_0.id,
        u1_0.abreviatura,
        u1_0.estado,
        u1_0.nombre 
    from
        unidades u1_0 
    where
        u1_0.id=?
2026-05-23 20:40:16 [STOQ] [http-nio-8080-exec-7] DEBUG org.hibernate.SQL - 
    select
        c1_0.id,
        c1_0.descripcion,
        c1_0.estado,
        c1_0.fecha_creacion,
        c1_0.nombre 
    from
        categorias c1_0 
    where
        c1_0.id=?
2026-05-23 20:40:16 [STOQ] [http-nio-8080-exec-2] DEBUG org.hibernate.SQL - 
    select
        c1_0.id,
        c1_0.descripcion,
        c1_0.estado,
        c1_0.fecha_creacion,
        c1_0.nombre 
    from
        categorias c1_0 
    where
        c1_0.id=?
2026-05-23 20:40:16 [STOQ] [http-nio-8080-exec-8] DEBUG org.hibernate.SQL - 
    select
        c1_0.id,
        c1_0.descripcion,
        c1_0.estado,
        c1_0.fecha_creacion,
        c1_0.nombre 
    from
        categorias c1_0 
    where
        c1_0.id=?
2026-05-23 20:40:16 [STOQ] [http-nio-8080-exec-7] DEBUG org.hibernate.SQL - 
    select
        c1_0.id,
        c1_0.descripcion,
        c1_0.estado,
        c1_0.fecha_creacion,
        c1_0.nombre 
    from
        categorias c1_0 
    where
        c1_0.id=?
2026-05-23 20:40:16 [STOQ] [http-nio-8080-exec-8] DEBUG org.hibernate.SQL - 
    select
        c1_0.id,
        c1_0.descripcion,
        c1_0.estado,
        c1_0.fecha_creacion,
        c1_0.nombre 
    from
        categorias c1_0 
    where
        c1_0.id=?
2026-05-23 20:40:16 [STOQ] [http-nio-8080-exec-2] DEBUG org.hibernate.SQL - 
    select
        c1_0.id,
        c1_0.descripcion,
        c1_0.estado,
        c1_0.fecha_creacion,
        c1_0.nombre 
    from
        categorias c1_0 
    where
        c1_0.id=?
2026-05-23 20:40:17 [STOQ] [http-nio-8080-exec-8] DEBUG org.hibernate.SQL - 
    select
        c1_0.id,
        c1_0.descripcion,
        c1_0.estado,
        c1_0.fecha_creacion,
        c1_0.nombre 
    from
        categorias c1_0 
    where
        c1_0.id=?
2026-05-23 20:40:17 [STOQ] [http-nio-8080-exec-2] DEBUG org.hibernate.SQL - 
    select
        c1_0.id,
        c1_0.descripcion,
        c1_0.estado,
        c1_0.fecha_creacion,
        c1_0.nombre 
    from
        categorias c1_0 
    where
        c1_0.id=?
2026-05-23 20:40:17 [STOQ] [http-nio-8080-exec-7] INFO  c.P.s.a.aspects.ApiLoggingAspect - [STOQ-MONITOR] OUT GET /api/productos | status=OK | time=3416 ms | endpoint=ProductosController.obtenerProductos()
2026-05-23 20:40:17 [STOQ] [http-nio-8080-exec-7] INFO  c.P.s.a.aspects.ApiLoggingAspect - [STOQ-MONITOR] ============================================================
2026-05-23 20:40:17 [STOQ] [http-nio-8080-exec-8] INFO  c.P.s.a.aspects.ApiLoggingAspect - [STOQ-MONITOR] OUT GET /api/productos/criticos | status=OK | time=3509 ms | endpoint=ProductosController.obtenerProductosCriticos()
2026-05-23 20:40:17 [STOQ] [http-nio-8080-exec-8] INFO  c.P.s.a.aspects.ApiLoggingAspect - [STOQ-MONITOR] ============================================================
2026-05-23 20:40:17 [STOQ] [http-nio-8080-exec-2] DEBUG org.hibernate.SQL - 
    select
        a1_0.id,
        a1_0.fecha,
        a1_0.leida,
        a1_0.mensaje,
        a1_0.producto_id,
        p1_0.id,
        p1_0.categoria_id,
        c1_0.id,
        c1_0.descripcion,
        c1_0.estado,
        c1_0.fecha_creacion,
        c1_0.nombre,
        p1_0.codigo,
        p1_0.empresa,
        p1_0.estado,
        p1_0.fecha_actualizacion,
        p1_0.fecha_creacion,
        p1_0.nombre,
        p1_0.stock_actual,
        p1_0.stock_minimo,
        p1_0.ubicacion,
        p1_0.unidad_id,
        a1_0.tipo 
    from
        alertas a1_0 
    join
        productos p1_0 
            on p1_0.id=a1_0.producto_id 
    join
        categorias c1_0 
            on c1_0.id=p1_0.categoria_id
2026-05-23 20:40:18 [STOQ] [http-nio-8080-exec-2] DEBUG org.hibernate.SQL - 
    select
        a1_0.id,
        a1_0.fecha,
        a1_0.leida,
        a1_0.mensaje,
        a1_0.producto_id,
        p1_0.id,
        p1_0.categoria_id,
        c1_0.id,
        c1_0.descripcion,
        c1_0.estado,
        c1_0.fecha_creacion,
        c1_0.nombre,
        p1_0.codigo,
        p1_0.empresa,
        p1_0.estado,
        p1_0.fecha_actualizacion,
        p1_0.fecha_creacion,
        p1_0.nombre,
        p1_0.stock_actual,
        p1_0.stock_minimo,
        p1_0.ubicacion,
        p1_0.unidad_id,
        a1_0.tipo 
    from
        alertas a1_0 
    join
        productos p1_0 
            on p1_0.id=a1_0.producto_id 
    join
        categorias c1_0 
            on c1_0.id=p1_0.categoria_id
2026-05-23 20:40:18 [STOQ] [http-nio-8080-exec-2] INFO  c.P.s.a.aspects.ApiLoggingAspect - [STOQ-MONITOR] OUT GET /api/alertas/resumen | status=OK | time=4659 ms | endpoint=AlertaController.obtenerResumen()
2026-05-23 20:40:18 [STOQ] [http-nio-8080-exec-2] INFO  c.P.s.a.aspects.ApiLoggingAspect - [STOQ-MONITOR] ============================================================
2026-05-23 20:40:34 [STOQ] [http-nio-8080-exec-4] DEBUG o.s.security.web.FilterChainProxy - Securing OPTIONS /api/movimientos
2026-05-23 20:40:35 [STOQ] [http-nio-8080-exec-6] DEBUG o.s.security.web.FilterChainProxy - Securing POST /api/movimientos
2026-05-23 20:40:35 [STOQ] [http-nio-8080-exec-6] DEBUG org.hibernate.SQL - 
    select
        u1_0.id,
        u1_0.contrasena_hash,
        u1_0.correo,
        u1_0.empresa,
        u1_0.estado,
        u1_0.nombre,
        u1_0.rol_id 
    from
        usuarios u1_0 
    where
        u1_0.correo=?
2026-05-23 20:40:35 [STOQ] [http-nio-8080-exec-6] DEBUG org.hibernate.SQL - 
    select
        r1_0.id,
        r1_0.descripcion,
        r1_0.nombre 
    from
        roles r1_0 
    where
        r1_0.id=?
2026-05-23 20:40:35 [STOQ] [http-nio-8080-exec-6] INFO  c.Proyecto.stoq.security.JwtFilter - Authenticated request for email=gerente@gmail.com role=GERENTE path=/api/movimientos
2026-05-23 20:40:35 [STOQ] [http-nio-8080-exec-6] DEBUG o.s.security.web.FilterChainProxy - Secured POST /api/movimientos
2026-05-23 20:40:35 [STOQ] [http-nio-8080-exec-6] INFO  c.P.s.a.aspects.ApiLoggingAspect - [STOQ-MONITOR] ============================================================
2026-05-23 20:40:35 [STOQ] [http-nio-8080-exec-6] INFO  c.P.s.a.aspects.ApiLoggingAspect - [STOQ-MONITOR] IN  2026-05-23 20:40:35 | POST /api/movimientos | user=gerente@gmail.com | ip=0:0:0:0:0:0:0:1 | ua=Mozilla/5.0 (X11; Linux x86_64) AppleWebKit/537.36 (KHTML, like Gecko) Chrome/148.0.0.0 Safari/537.36
2026-05-23 20:40:35 [STOQ] [http-nio-8080-exec-6] DEBUG org.hibernate.SQL - 
    select
        p1_0.id,
        p1_0.categoria_id,
        c1_0.id,
        c1_0.descripcion,
        c1_0.estado,
        c1_0.fecha_creacion,
        c1_0.nombre,
        p1_0.codigo,
        p1_0.empresa,
        p1_0.estado,
        p1_0.fecha_actualizacion,
        p1_0.fecha_creacion,
        p1_0.nombre,
        p1_0.stock_actual,
        p1_0.stock_minimo,
        p1_0.ubicacion,
        p1_0.unidad_id,
        u1_0.id,
        u1_0.abreviatura,
        u1_0.estado,
        u1_0.nombre 
    from
        productos p1_0 
    join
        categorias c1_0 
            on c1_0.id=p1_0.categoria_id 
    join
        unidades u1_0 
            on u1_0.id=p1_0.unidad_id 
    where
        p1_0.id=?
2026-05-23 20:40:36 [STOQ] [http-nio-8080-exec-6] DEBUG org.hibernate.SQL - 
    select
        u1_0.id,
        u1_0.contrasena_hash,
        u1_0.correo,
        u1_0.empresa,
        u1_0.estado,
        u1_0.nombre,
        u1_0.rol_id 
    from
        usuarios u1_0 
    where
        u1_0.correo=?
2026-05-23 20:40:36 [STOQ] [http-nio-8080-exec-6] DEBUG org.hibernate.SQL - 
    select
        r1_0.id,
        r1_0.descripcion,
        r1_0.nombre 
    from
        roles r1_0 
    where
        r1_0.id=?
2026-05-23 20:40:36 [STOQ] [http-nio-8080-exec-6] INFO  c.P.s.a.s.MovimientoInventarioServiceImpl - [STOQ-BIZ] MOVIMIENTO ENTRADA | productoId=3186e576-8afe-4814-ad4c-a6eaa59fd965 | cantidad=10 | stockAnterior=50 | stockResultante=60 | usuario=gerente@gmail.com
2026-05-23 20:40:36 [STOQ] [http-nio-8080-exec-6] INFO  c.P.s.a.services.AuditService - [STOQ-AUDIT] SAVE | entity=MovimientoInventario | operation=CREATE | record=b4cbd73b-ab98-40a9-8324-163cb8c56e15 | user=gerente@gmail.com | endpoint=POST /api/movimientos | ip=0:0:0:0:0:0:0:1
2026-05-23 20:40:36 [STOQ] [http-nio-8080-exec-6] DEBUG org.hibernate.SQL - 
    insert 
    into
        movimientos_inventario
        (cantidad, fecha_movimiento, motivo, producto_id, stock_anterior, stock_resultante, tipo_movimiento, usuario_id, id) 
    values
        (?, ?, ?, ?, ?, ?, ?, ?, ?)
2026-05-23 20:40:37 [STOQ] [http-nio-8080-exec-6] DEBUG org.hibernate.SQL - 
    insert 
    into
        audit_logs
        (cambios_anterior, cambios_nuevo, created_by, created_date, endpoint, entidad, id_registro, ip_origen, operacion, user_agent, id) 
    values
        (?, ?, ?, ?, ?, ?, ?, ?, ?, ?, ?)
2026-05-23 20:40:37 [STOQ] [http-nio-8080-exec-6] DEBUG org.hibernate.SQL - 
    update
        productos 
    set
        categoria_id=?,
        codigo=?,
        empresa=?,
        estado=?,
        fecha_actualizacion=?,
        nombre=?,
        stock_actual=?,
        stock_minimo=?,
        ubicacion=?,
        unidad_id=? 
    where
        id=?
2026-05-23 20:40:37 [STOQ] [http-nio-8080-exec-6] INFO  c.P.s.a.aspects.ApiLoggingAspect - [STOQ-MONITOR] OUT POST /api/movimientos | status=OK | time=2024 ms | endpoint=MovimientoInventarioController.crearMovimiento(..)
2026-05-23 20:40:37 [STOQ] [http-nio-8080-exec-6] INFO  c.P.s.a.aspects.ApiLoggingAspect - [STOQ-MONITOR] ============================================================
2026-05-23 20:40:38 [STOQ] [http-nio-8080-exec-5] DEBUG o.s.security.web.FilterChainProxy - Securing OPTIONS /api/productos
2026-05-23 20:40:38 [STOQ] [http-nio-8080-exec-1] DEBUG o.s.security.web.FilterChainProxy - Securing OPTIONS /api/categorias
2026-05-23 20:40:38 [STOQ] [http-nio-8080-exec-10] DEBUG o.s.security.web.FilterChainProxy - Securing OPTIONS /api/unidades
2026-05-23 20:40:38 [STOQ] [http-nio-8080-exec-3] DEBUG o.s.security.web.FilterChainProxy - Securing GET /api/productos
2026-05-23 20:40:38 [STOQ] [http-nio-8080-exec-9] DEBUG o.s.security.web.FilterChainProxy - Securing GET /api/categorias
2026-05-23 20:40:38 [STOQ] [http-nio-8080-exec-7] DEBUG o.s.security.web.FilterChainProxy - Securing GET /api/unidades
2026-05-23 20:40:38 [STOQ] [http-nio-8080-exec-3] DEBUG org.hibernate.SQL - 
    select
        u1_0.id,
        u1_0.contrasena_hash,
        u1_0.correo,
        u1_0.empresa,
        u1_0.estado,
        u1_0.nombre,
        u1_0.rol_id 
    from
        usuarios u1_0 
    where
        u1_0.correo=?
2026-05-23 20:40:38 [STOQ] [http-nio-8080-exec-9] DEBUG org.hibernate.SQL - 
    select
        u1_0.id,
        u1_0.contrasena_hash,
        u1_0.correo,
        u1_0.empresa,
        u1_0.estado,
        u1_0.nombre,
        u1_0.rol_id 
    from
        usuarios u1_0 
    where
        u1_0.correo=?
2026-05-23 20:40:38 [STOQ] [http-nio-8080-exec-7] DEBUG org.hibernate.SQL - 
    select
        u1_0.id,
        u1_0.contrasena_hash,
        u1_0.correo,
        u1_0.empresa,
        u1_0.estado,
        u1_0.nombre,
        u1_0.rol_id 
    from
        usuarios u1_0 
    where
        u1_0.correo=?
2026-05-23 20:40:38 [STOQ] [http-nio-8080-exec-7] DEBUG org.hibernate.SQL - 
    select
        r1_0.id,
        r1_0.descripcion,
        r1_0.nombre 
    from
        roles r1_0 
    where
        r1_0.id=?
2026-05-23 20:40:38 [STOQ] [http-nio-8080-exec-3] DEBUG org.hibernate.SQL - 
    select
        r1_0.id,
        r1_0.descripcion,
        r1_0.nombre 
    from
        roles r1_0 
    where
        r1_0.id=?
2026-05-23 20:40:38 [STOQ] [http-nio-8080-exec-7] INFO  c.Proyecto.stoq.security.JwtFilter - Authenticated request for email=gerente@gmail.com role=GERENTE path=/api/unidades
2026-05-23 20:40:38 [STOQ] [http-nio-8080-exec-9] DEBUG org.hibernate.SQL - 
    select
        r1_0.id,
        r1_0.descripcion,
        r1_0.nombre 
    from
        roles r1_0 
    where
        r1_0.id=?
2026-05-23 20:40:38 [STOQ] [http-nio-8080-exec-7] DEBUG o.s.security.web.FilterChainProxy - Secured GET /api/unidades
2026-05-23 20:40:38 [STOQ] [http-nio-8080-exec-7] INFO  c.P.s.a.aspects.ApiLoggingAspect - [STOQ-MONITOR] ============================================================
2026-05-23 20:40:38 [STOQ] [http-nio-8080-exec-7] INFO  c.P.s.a.aspects.ApiLoggingAspect - [STOQ-MONITOR] IN  2026-05-23 20:40:38 | GET /api/unidades | user=gerente@gmail.com | ip=0:0:0:0:0:0:0:1 | ua=Mozilla/5.0 (X11; Linux x86_64) AppleWebKit/537.36 (KHTML, like Gecko) Chrome/148.0.0.0 Safari/537.36
2026-05-23 20:40:38 [STOQ] [http-nio-8080-exec-7] DEBUG org.hibernate.SQL - 
    select
        u1_0.id,
        u1_0.abreviatura,
        u1_0.estado,
        u1_0.nombre 
    from
        unidades u1_0
2026-05-23 20:40:38 [STOQ] [http-nio-8080-exec-3] INFO  c.Proyecto.stoq.security.JwtFilter - Authenticated request for email=gerente@gmail.com role=GERENTE path=/api/productos
2026-05-23 20:40:38 [STOQ] [http-nio-8080-exec-9] INFO  c.Proyecto.stoq.security.JwtFilter - Authenticated request for email=gerente@gmail.com role=GERENTE path=/api/categorias
2026-05-23 20:40:38 [STOQ] [http-nio-8080-exec-3] DEBUG o.s.security.web.FilterChainProxy - Secured GET /api/productos
2026-05-23 20:40:38 [STOQ] [http-nio-8080-exec-9] DEBUG o.s.security.web.FilterChainProxy - Secured GET /api/categorias
2026-05-23 20:40:38 [STOQ] [http-nio-8080-exec-3] INFO  c.P.s.a.aspects.ApiLoggingAspect - [STOQ-MONITOR] ============================================================
2026-05-23 20:40:38 [STOQ] [http-nio-8080-exec-3] INFO  c.P.s.a.aspects.ApiLoggingAspect - [STOQ-MONITOR] IN  2026-05-23 20:40:38 | GET /api/productos | user=gerente@gmail.com | ip=0:0:0:0:0:0:0:1 | ua=Mozilla/5.0 (X11; Linux x86_64) AppleWebKit/537.36 (KHTML, like Gecko) Chrome/148.0.0.0 Safari/537.36
2026-05-23 20:40:38 [STOQ] [http-nio-8080-exec-9] INFO  c.P.s.a.aspects.ApiLoggingAspect - [STOQ-MONITOR] ============================================================
2026-05-23 20:40:38 [STOQ] [http-nio-8080-exec-9] INFO  c.P.s.a.aspects.ApiLoggingAspect - [STOQ-MONITOR] IN  2026-05-23 20:40:38 | GET /api/categorias | user=gerente@gmail.com | ip=0:0:0:0:0:0:0:1 | ua=Mozilla/5.0 (X11; Linux x86_64) AppleWebKit/537.36 (KHTML, like Gecko) Chrome/148.0.0.0 Safari/537.36
2026-05-23 20:40:38 [STOQ] [http-nio-8080-exec-3] DEBUG org.hibernate.SQL - 
    select
        u1_0.id,
        u1_0.contrasena_hash,
        u1_0.correo,
        u1_0.empresa,
        u1_0.estado,
        u1_0.nombre,
        u1_0.rol_id 
    from
        usuarios u1_0 
    where
        u1_0.correo=?
2026-05-23 20:40:39 [STOQ] [http-nio-8080-exec-9] DEBUG org.hibernate.SQL - 
    select
        c1_0.id,
        c1_0.descripcion,
        c1_0.estado,
        c1_0.fecha_creacion,
        c1_0.nombre 
    from
        categorias c1_0
2026-05-23 20:40:39 [STOQ] [http-nio-8080-exec-7] INFO  c.P.s.a.aspects.ApiLoggingAspect - [STOQ-MONITOR] OUT GET /api/unidades | status=OK | time=594 ms | endpoint=UnidadController.listado_unidades()
2026-05-23 20:40:39 [STOQ] [http-nio-8080-exec-7] INFO  c.P.s.a.aspects.ApiLoggingAspect - [STOQ-MONITOR] ============================================================
2026-05-23 20:40:39 [STOQ] [http-nio-8080-exec-3] DEBUG org.hibernate.SQL - 
    select
        r1_0.id,
        r1_0.descripcion,
        r1_0.nombre 
    from
        roles r1_0 
    where
        r1_0.id=?
2026-05-23 20:40:39 [STOQ] [http-nio-8080-exec-9] INFO  c.P.s.a.aspects.ApiLoggingAspect - [STOQ-MONITOR] OUT GET /api/categorias | status=OK | time=607 ms | endpoint=CategoriasController.obtenerCategorias()
2026-05-23 20:40:39 [STOQ] [http-nio-8080-exec-9] INFO  c.P.s.a.aspects.ApiLoggingAspect - [STOQ-MONITOR] ============================================================
2026-05-23 20:40:39 [STOQ] [http-nio-8080-exec-3] DEBUG org.hibernate.SQL - 
    select
        p1_0.id,
        p1_0.categoria_id,
        p1_0.codigo,
        p1_0.empresa,
        p1_0.estado,
        p1_0.fecha_actualizacion,
        p1_0.fecha_creacion,
        p1_0.nombre,
        p1_0.stock_actual,
        p1_0.stock_minimo,
        p1_0.ubicacion,
        p1_0.unidad_id 
    from
        productos p1_0
2026-05-23 20:40:39 [STOQ] [http-nio-8080-exec-3] DEBUG org.hibernate.SQL - 
    select
        c1_0.id,
        c1_0.descripcion,
        c1_0.estado,
        c1_0.fecha_creacion,
        c1_0.nombre 
    from
        categorias c1_0 
    where
        c1_0.id=?
2026-05-23 20:40:40 [STOQ] [http-nio-8080-exec-3] DEBUG org.hibernate.SQL - 
    select
        u1_0.id,
        u1_0.abreviatura,
        u1_0.estado,
        u1_0.nombre 
    from
        unidades u1_0 
    where
        u1_0.id=?
2026-05-23 20:40:40 [STOQ] [http-nio-8080-exec-3] DEBUG org.hibernate.SQL - 
    select
        u1_0.id,
        u1_0.abreviatura,
        u1_0.estado,
        u1_0.nombre 
    from
        unidades u1_0 
    where
        u1_0.id=?
2026-05-23 20:40:40 [STOQ] [http-nio-8080-exec-3] DEBUG org.hibernate.SQL - 
    select
        u1_0.id,
        u1_0.abreviatura,
        u1_0.estado,
        u1_0.nombre 
    from
        unidades u1_0 
    where
        u1_0.id=?
2026-05-23 20:40:41 [STOQ] [http-nio-8080-exec-3] DEBUG org.hibernate.SQL - 
    select
        u1_0.id,
        u1_0.abreviatura,
        u1_0.estado,
        u1_0.nombre 
    from
        unidades u1_0 
    where
        u1_0.id=?
2026-05-23 20:40:41 [STOQ] [http-nio-8080-exec-3] DEBUG org.hibernate.SQL - 
    select
        c1_0.id,
        c1_0.descripcion,
        c1_0.estado,
        c1_0.fecha_creacion,
        c1_0.nombre 
    from
        categorias c1_0 
    where
        c1_0.id=?
2026-05-23 20:40:41 [STOQ] [http-nio-8080-exec-3] DEBUG org.hibernate.SQL - 
    select
        c1_0.id,
        c1_0.descripcion,
        c1_0.estado,
        c1_0.fecha_creacion,
        c1_0.nombre 
    from
        categorias c1_0 
    where
        c1_0.id=?
2026-05-23 20:40:42 [STOQ] [http-nio-8080-exec-3] DEBUG org.hibernate.SQL - 
    select
        c1_0.id,
        c1_0.descripcion,
        c1_0.estado,
        c1_0.fecha_creacion,
        c1_0.nombre 
    from
        categorias c1_0 
    where
        c1_0.id=?
2026-05-23 20:40:42 [STOQ] [http-nio-8080-exec-3] INFO  c.P.s.a.aspects.ApiLoggingAspect - [STOQ-MONITOR] OUT GET /api/productos | status=OK | time=3680 ms | endpoint=ProductosController.obtenerProductos()
2026-05-23 20:40:42 [STOQ] [http-nio-8080-exec-3] INFO  c.P.s.a.aspects.ApiLoggingAspect - [STOQ-MONITOR] ============================================================
2026-05-23 20:40:46 [STOQ] [http-nio-8080-exec-8] DEBUG o.s.security.web.FilterChainProxy - Securing OPTIONS /api/reportes/categorias?inicio=2026-04-24&fin=2026-05-23
2026-05-23 20:40:46 [STOQ] [http-nio-8080-exec-2] DEBUG o.s.security.web.FilterChainProxy - Securing GET /api/reportes/categorias?inicio=2026-04-24&fin=2026-05-23
2026-05-23 20:40:46 [STOQ] [http-nio-8080-exec-2] DEBUG org.hibernate.SQL - 
    select
        u1_0.id,
        u1_0.contrasena_hash,
        u1_0.correo,
        u1_0.empresa,
        u1_0.estado,
        u1_0.nombre,
        u1_0.rol_id 
    from
        usuarios u1_0 
    where
        u1_0.correo=?
2026-05-23 20:40:47 [STOQ] [http-nio-8080-exec-2] DEBUG org.hibernate.SQL - 
    select
        r1_0.id,
        r1_0.descripcion,
        r1_0.nombre 
    from
        roles r1_0 
    where
        r1_0.id=?
2026-05-23 20:40:47 [STOQ] [http-nio-8080-exec-2] INFO  c.Proyecto.stoq.security.JwtFilter - Authenticated request for email=gerente@gmail.com role=GERENTE path=/api/reportes/categorias
2026-05-23 20:40:47 [STOQ] [http-nio-8080-exec-2] DEBUG o.s.security.web.FilterChainProxy - Secured GET /api/reportes/categorias?inicio=2026-04-24&fin=2026-05-23
2026-05-23 20:40:47 [STOQ] [http-nio-8080-exec-2] INFO  c.P.s.a.aspects.ApiLoggingAspect - [STOQ-MONITOR] ============================================================
2026-05-23 20:40:47 [STOQ] [http-nio-8080-exec-2] INFO  c.P.s.a.aspects.ApiLoggingAspect - [STOQ-MONITOR] IN  2026-05-23 20:40:47 | GET /api/reportes/categorias | user=gerente@gmail.com | ip=0:0:0:0:0:0:0:1 | ua=Mozilla/5.0 (X11; Linux x86_64) AppleWebKit/537.36 (KHTML, like Gecko) Chrome/148.0.0.0 Safari/537.36
2026-05-23 20:40:47 [STOQ] [http-nio-8080-exec-2] DEBUG org.hibernate.SQL - 
    select
        u1_0.id,
        u1_0.contrasena_hash,
        u1_0.correo,
        u1_0.empresa,
        u1_0.estado,
        u1_0.nombre,
        u1_0.rol_id 
    from
        usuarios u1_0 
    where
        u1_0.correo=?
2026-05-23 20:40:47 [STOQ] [http-nio-8080-exec-2] DEBUG org.hibernate.SQL - 
    select
        r1_0.id,
        r1_0.descripcion,
        r1_0.nombre 
    from
        roles r1_0 
    where
        r1_0.id=?
2026-05-23 20:40:48 [STOQ] [http-nio-8080-exec-2] DEBUG org.hibernate.SQL - 
    select
        c1_0.id,
        c1_0.nombre,
        count(p1_0.id),
        coalesce(sum(coalesce(p1_0.stock_actual, 0)), cast(0 as bigint)),
        coalesce(sum(coalesce(p1_0.stock_minimo, 0)), cast(0 as bigint)),
        cast(0 as bigint),
        cast(0 as bigint),
        cast(0 as bigint),
        cast(0 as bigint),
        cast(0 as bigint),
        cast(0 as bigint) 
    from
        productos p1_0 
    join
        categorias c1_0 
            on c1_0.id=p1_0.categoria_id 
    where
        p1_0.empresa=? 
        and p1_0.estado=true 
    group by
        c1_0.id,
        c1_0.nombre 
    order by
        c1_0.nombre
2026-05-23 20:40:48 [STOQ] [http-nio-8080-exec-2] DEBUG org.hibernate.SQL - 
    select
        c1_0.id,
        c1_0.nombre,
        cast(0 as bigint),
        cast(0 as bigint),
        cast(0 as bigint),
        count(mi1_0.id),
        coalesce(sum(mi1_0.cantidad), cast(0 as bigint)),
        coalesce(sum(case 
            when upper(mi1_0.tipo_movimiento)='ENTRADA' 
                then 1 
            else 0 
    end), cast(0 as bigint)),
    coalesce(sum(case 
        when upper(mi1_0.tipo_movimiento)='SALIDA' 
            then 1 
        else 0 
end), cast(0 as bigint)),
coalesce(sum(case 
    when upper(mi1_0.tipo_movimiento)='ENTRADA' 
        then mi1_0.cantidad 
    else 0 
end), cast(0 as bigint)),
coalesce(sum(case 
    when upper(mi1_0.tipo_movimiento)='SALIDA' 
        then mi1_0.cantidad 
    else 0 
end), cast(0 as bigint)) 
from
    movimientos_inventario mi1_0 
join
    productos p1_0 
        on p1_0.id=mi1_0.producto_id 
join
    categorias c1_0 
        on c1_0.id=p1_0.categoria_id 
where
    p1_0.empresa=? 
    and mi1_0.fecha_movimiento between ? and ? 
group by
    c1_0.id,
    c1_0.nombre 
order by
    c1_0.nombre
2026-05-23 20:40:48 [STOQ] [http-nio-8080-exec-2] INFO  c.P.s.a.aspects.ApiLoggingAspect - [STOQ-MONITOR] OUT GET /api/reportes/categorias | status=OK | time=1536 ms | endpoint=ReportesController.obtenerReporteCategorias(..)
2026-05-23 20:40:48 [STOQ] [http-nio-8080-exec-2] INFO  c.P.s.a.aspects.ApiLoggingAspect - [STOQ-MONITOR] ============================================================
2026-05-23 20:42:23 [STOQ] [http-nio-8080-exec-7] DEBUG o.s.security.web.FilterChainProxy - Securing OPTIONS /api/reportes/categorias?inicio=2026-04-24&fin=2026-05-23
2026-05-23 20:42:23 [STOQ] [http-nio-8080-exec-9] DEBUG o.s.security.web.FilterChainProxy - Securing GET /api/reportes/categorias?inicio=2026-04-24&fin=2026-05-23
2026-05-23 20:42:23 [STOQ] [http-nio-8080-exec-9] DEBUG org.hibernate.SQL - 
    select
        u1_0.id,
        u1_0.contrasena_hash,
        u1_0.correo,
        u1_0.empresa,
        u1_0.estado,
        u1_0.nombre,
        u1_0.rol_id 
    from
        usuarios u1_0 
    where
        u1_0.correo=?
2026-05-23 20:42:24 [STOQ] [http-nio-8080-exec-9] DEBUG org.hibernate.SQL - 
    select
        r1_0.id,
        r1_0.descripcion,
        r1_0.nombre 
    from
        roles r1_0 
    where
        r1_0.id=?
2026-05-23 20:42:24 [STOQ] [http-nio-8080-exec-9] INFO  c.Proyecto.stoq.security.JwtFilter - Authenticated request for email=gerente@gmail.com role=GERENTE path=/api/reportes/categorias
2026-05-23 20:42:24 [STOQ] [http-nio-8080-exec-9] DEBUG o.s.security.web.FilterChainProxy - Secured GET /api/reportes/categorias?inicio=2026-04-24&fin=2026-05-23
2026-05-23 20:42:24 [STOQ] [http-nio-8080-exec-9] INFO  c.P.s.a.aspects.ApiLoggingAspect - [STOQ-MONITOR] ============================================================
2026-05-23 20:42:24 [STOQ] [http-nio-8080-exec-9] INFO  c.P.s.a.aspects.ApiLoggingAspect - [STOQ-MONITOR] IN  2026-05-23 20:42:24 | GET /api/reportes/categorias | user=gerente@gmail.com | ip=0:0:0:0:0:0:0:1 | ua=Mozilla/5.0 (X11; Linux x86_64) AppleWebKit/537.36 (KHTML, like Gecko) Chrome/148.0.0.0 Safari/537.36
2026-05-23 20:42:24 [STOQ] [http-nio-8080-exec-9] DEBUG org.hibernate.SQL - 
    select
        u1_0.id,
        u1_0.contrasena_hash,
        u1_0.correo,
        u1_0.empresa,
        u1_0.estado,
        u1_0.nombre,
        u1_0.rol_id 
    from
        usuarios u1_0 
    where
        u1_0.correo=?
2026-05-23 20:42:25 [STOQ] [http-nio-8080-exec-9] DEBUG org.hibernate.SQL - 
    select
        r1_0.id,
        r1_0.descripcion,
        r1_0.nombre 
    from
        roles r1_0 
    where
        r1_0.id=?
2026-05-23 20:42:25 [STOQ] [http-nio-8080-exec-9] DEBUG org.hibernate.SQL - 
    select
        c1_0.id,
        c1_0.nombre,
        count(p1_0.id),
        coalesce(sum(coalesce(p1_0.stock_actual, 0)), cast(0 as bigint)),
        coalesce(sum(coalesce(p1_0.stock_minimo, 0)), cast(0 as bigint)),
        cast(0 as bigint),
        cast(0 as bigint),
        cast(0 as bigint),
        cast(0 as bigint),
        cast(0 as bigint),
        cast(0 as bigint) 
    from
        productos p1_0 
    join
        categorias c1_0 
            on c1_0.id=p1_0.categoria_id 
    where
        p1_0.empresa=? 
        and p1_0.estado=true 
    group by
        c1_0.id,
        c1_0.nombre 
    order by
        c1_0.nombre
2026-05-23 20:42:25 [STOQ] [http-nio-8080-exec-9] DEBUG org.hibernate.SQL - 
    select
        c1_0.id,
        c1_0.nombre,
        cast(0 as bigint),
        cast(0 as bigint),
        cast(0 as bigint),
        count(mi1_0.id),
        coalesce(sum(mi1_0.cantidad), cast(0 as bigint)),
        coalesce(sum(case 
            when upper(mi1_0.tipo_movimiento)='ENTRADA' 
                then 1 
            else 0 
    end), cast(0 as bigint)),
    coalesce(sum(case 
        when upper(mi1_0.tipo_movimiento)='SALIDA' 
            then 1 
        else 0 
end), cast(0 as bigint)),
coalesce(sum(case 
    when upper(mi1_0.tipo_movimiento)='ENTRADA' 
        then mi1_0.cantidad 
    else 0 
end), cast(0 as bigint)),
coalesce(sum(case 
    when upper(mi1_0.tipo_movimiento)='SALIDA' 
        then mi1_0.cantidad 
    else 0 
end), cast(0 as bigint)) 
from
    movimientos_inventario mi1_0 
join
    productos p1_0 
        on p1_0.id=mi1_0.producto_id 
join
    categorias c1_0 
        on c1_0.id=p1_0.categoria_id 
where
    p1_0.empresa=? 
    and mi1_0.fecha_movimiento between ? and ? 
group by
    c1_0.id,
    c1_0.nombre 
order by
    c1_0.nombre
2026-05-23 20:42:26 [STOQ] [http-nio-8080-exec-9] INFO  c.P.s.a.aspects.ApiLoggingAspect - [STOQ-MONITOR] OUT GET /api/reportes/categorias | status=OK | time=1545 ms | endpoint=ReportesController.obtenerReporteCategorias(..)
2026-05-23 20:42:26 [STOQ] [http-nio-8080-exec-9] INFO  c.P.s.a.aspects.ApiLoggingAspect - [STOQ-MONITOR] ============================================================
2026-05-23 20:43:01 [STOQ] [http-nio-8080-exec-3] DEBUG o.s.security.web.FilterChainProxy - Securing OPTIONS /api/reportes/categorias?inicio=2026-04-24&fin=2026-05-23
2026-05-23 20:43:01 [STOQ] [http-nio-8080-exec-8] DEBUG o.s.security.web.FilterChainProxy - Securing GET /api/reportes/categorias?inicio=2026-04-24&fin=2026-05-23
2026-05-23 20:43:01 [STOQ] [http-nio-8080-exec-8] DEBUG org.hibernate.SQL - 
    select
        u1_0.id,
        u1_0.contrasena_hash,
        u1_0.correo,
        u1_0.empresa,
        u1_0.estado,
        u1_0.nombre,
        u1_0.rol_id 
    from
        usuarios u1_0 
    where
        u1_0.correo=?
2026-05-23 20:43:02 [STOQ] [http-nio-8080-exec-8] DEBUG org.hibernate.SQL - 
    select
        r1_0.id,
        r1_0.descripcion,
        r1_0.nombre 
    from
        roles r1_0 
    where
        r1_0.id=?
2026-05-23 20:43:02 [STOQ] [http-nio-8080-exec-8] INFO  c.Proyecto.stoq.security.JwtFilter - Authenticated request for email=gerente@gmail.com role=GERENTE path=/api/reportes/categorias
2026-05-23 20:43:02 [STOQ] [http-nio-8080-exec-8] DEBUG o.s.security.web.FilterChainProxy - Secured GET /api/reportes/categorias?inicio=2026-04-24&fin=2026-05-23
2026-05-23 20:43:02 [STOQ] [http-nio-8080-exec-8] INFO  c.P.s.a.aspects.ApiLoggingAspect - [STOQ-MONITOR] ============================================================
2026-05-23 20:43:02 [STOQ] [http-nio-8080-exec-8] INFO  c.P.s.a.aspects.ApiLoggingAspect - [STOQ-MONITOR] IN  2026-05-23 20:43:02 | GET /api/reportes/categorias | user=gerente@gmail.com | ip=0:0:0:0:0:0:0:1 | ua=Mozilla/5.0 (X11; Linux x86_64) AppleWebKit/537.36 (KHTML, like Gecko) Chrome/148.0.0.0 Safari/537.36
2026-05-23 20:43:02 [STOQ] [http-nio-8080-exec-8] DEBUG org.hibernate.SQL - 
    select
        u1_0.id,
        u1_0.contrasena_hash,
        u1_0.correo,
        u1_0.empresa,
        u1_0.estado,
        u1_0.nombre,
        u1_0.rol_id 
    from
        usuarios u1_0 
    where
        u1_0.correo=?
2026-05-23 20:43:02 [STOQ] [http-nio-8080-exec-8] DEBUG org.hibernate.SQL - 
    select
        r1_0.id,
        r1_0.descripcion,
        r1_0.nombre 
    from
        roles r1_0 
    where
        r1_0.id=?
2026-05-23 20:43:03 [STOQ] [http-nio-8080-exec-8] DEBUG org.hibernate.SQL - 
    select
        c1_0.id,
        c1_0.nombre,
        count(p1_0.id),
        coalesce(sum(coalesce(p1_0.stock_actual, 0)), cast(0 as bigint)),
        coalesce(sum(coalesce(p1_0.stock_minimo, 0)), cast(0 as bigint)),
        cast(0 as bigint),
        cast(0 as bigint),
        cast(0 as bigint),
        cast(0 as bigint),
        cast(0 as bigint),
        cast(0 as bigint) 
    from
        productos p1_0 
    join
        categorias c1_0 
            on c1_0.id=p1_0.categoria_id 
    where
        p1_0.empresa=? 
        and p1_0.estado=true 
    group by
        c1_0.id,
        c1_0.nombre 
    order by
        c1_0.nombre
2026-05-23 20:43:03 [STOQ] [http-nio-8080-exec-8] DEBUG org.hibernate.SQL - 
    select
        c1_0.id,
        c1_0.nombre,
        cast(0 as bigint),
        cast(0 as bigint),
        cast(0 as bigint),
        count(mi1_0.id),
        coalesce(sum(mi1_0.cantidad), cast(0 as bigint)),
        coalesce(sum(case 
            when upper(mi1_0.tipo_movimiento)='ENTRADA' 
                then 1 
            else 0 
    end), cast(0 as bigint)),
    coalesce(sum(case 
        when upper(mi1_0.tipo_movimiento)='SALIDA' 
            then 1 
        else 0 
end), cast(0 as bigint)),
coalesce(sum(case 
    when upper(mi1_0.tipo_movimiento)='ENTRADA' 
        then mi1_0.cantidad 
    else 0 
end), cast(0 as bigint)),
coalesce(sum(case 
    when upper(mi1_0.tipo_movimiento)='SALIDA' 
        then mi1_0.cantidad 
    else 0 
end), cast(0 as bigint)) 
from
    movimientos_inventario mi1_0 
join
    productos p1_0 
        on p1_0.id=mi1_0.producto_id 
join
    categorias c1_0 
        on c1_0.id=p1_0.categoria_id 
where
    p1_0.empresa=? 
    and mi1_0.fecha_movimiento between ? and ? 
group by
    c1_0.id,
    c1_0.nombre 
order by
    c1_0.nombre
2026-05-23 20:43:04 [STOQ] [http-nio-8080-exec-8] INFO  c.P.s.a.aspects.ApiLoggingAspect - [STOQ-MONITOR] OUT GET /api/reportes/categorias | status=OK | time=1521 ms | endpoint=ReportesController.obtenerReporteCategorias(..)
2026-05-23 20:43:04 [STOQ] [http-nio-8080-exec-8] INFO  c.P.s.a.aspects.ApiLoggingAspect - [STOQ-MONITOR] ============================================================
2026-05-23 20:43:14 [STOQ] [http-nio-8080-exec-2] DEBUG o.s.security.web.FilterChainProxy - Securing OPTIONS /api/reportes/export/pdf?inicio=2026-04-24&fin=2026-05-23
2026-05-23 20:43:14 [STOQ] [http-nio-8080-exec-6] DEBUG o.s.security.web.FilterChainProxy - Securing GET /api/reportes/export/pdf?inicio=2026-04-24&fin=2026-05-23
2026-05-23 20:43:14 [STOQ] [http-nio-8080-exec-6] DEBUG org.hibernate.SQL - 
    select
        u1_0.id,
        u1_0.contrasena_hash,
        u1_0.correo,
        u1_0.empresa,
        u1_0.estado,
        u1_0.nombre,
        u1_0.rol_id 
    from
        usuarios u1_0 
    where
        u1_0.correo=?
2026-05-23 20:43:14 [STOQ] [http-nio-8080-exec-6] DEBUG org.hibernate.SQL - 
    select
        r1_0.id,
        r1_0.descripcion,
        r1_0.nombre 
    from
        roles r1_0 
    where
        r1_0.id=?
2026-05-23 20:43:15 [STOQ] [http-nio-8080-exec-6] INFO  c.Proyecto.stoq.security.JwtFilter - Authenticated request for email=gerente@gmail.com role=GERENTE path=/api/reportes/export/pdf
2026-05-23 20:43:15 [STOQ] [http-nio-8080-exec-6] DEBUG o.s.security.web.FilterChainProxy - Secured GET /api/reportes/export/pdf?inicio=2026-04-24&fin=2026-05-23
2026-05-23 20:43:15 [STOQ] [http-nio-8080-exec-6] INFO  c.P.s.a.aspects.ApiLoggingAspect - [STOQ-MONITOR] ============================================================
2026-05-23 20:43:15 [STOQ] [http-nio-8080-exec-6] INFO  c.P.s.a.aspects.ApiLoggingAspect - [STOQ-MONITOR] IN  2026-05-23 20:43:15 | GET /api/reportes/export/pdf | user=gerente@gmail.com | ip=0:0:0:0:0:0:0:1 | ua=Mozilla/5.0 (X11; Linux x86_64) AppleWebKit/537.36 (KHTML, like Gecko) Chrome/148.0.0.0 Safari/537.36
2026-05-23 20:43:15 [STOQ] [http-nio-8080-exec-6] DEBUG org.hibernate.SQL - 
    select
        u1_0.id,
        u1_0.contrasena_hash,
        u1_0.correo,
        u1_0.empresa,
        u1_0.estado,
        u1_0.nombre,
        u1_0.rol_id 
    from
        usuarios u1_0 
    where
        u1_0.correo=?
2026-05-23 20:43:15 [STOQ] [http-nio-8080-exec-6] DEBUG org.hibernate.SQL - 
    select
        r1_0.id,
        r1_0.descripcion,
        r1_0.nombre 
    from
        roles r1_0 
    where
        r1_0.id=?
2026-05-23 20:43:15 [STOQ] [http-nio-8080-exec-6] DEBUG org.hibernate.SQL - 
    select
        c1_0.id,
        c1_0.nombre,
        count(p1_0.id),
        coalesce(sum(coalesce(p1_0.stock_actual, 0)), cast(0 as bigint)),
        coalesce(sum(coalesce(p1_0.stock_minimo, 0)), cast(0 as bigint)),
        cast(0 as bigint),
        cast(0 as bigint),
        cast(0 as bigint),
        cast(0 as bigint),
        cast(0 as bigint),
        cast(0 as bigint) 
    from
        productos p1_0 
    join
        categorias c1_0 
            on c1_0.id=p1_0.categoria_id 
    where
        p1_0.empresa=? 
        and p1_0.estado=true 
    group by
        c1_0.id,
        c1_0.nombre 
    order by
        c1_0.nombre
2026-05-23 20:43:16 [STOQ] [http-nio-8080-exec-6] DEBUG org.hibernate.SQL - 
    select
        c1_0.id,
        c1_0.nombre,
        cast(0 as bigint),
        cast(0 as bigint),
        cast(0 as bigint),
        count(mi1_0.id),
        coalesce(sum(mi1_0.cantidad), cast(0 as bigint)),
        coalesce(sum(case 
            when upper(mi1_0.tipo_movimiento)='ENTRADA' 
                then 1 
            else 0 
    end), cast(0 as bigint)),
    coalesce(sum(case 
        when upper(mi1_0.tipo_movimiento)='SALIDA' 
            then 1 
        else 0 
end), cast(0 as bigint)),
coalesce(sum(case 
    when upper(mi1_0.tipo_movimiento)='ENTRADA' 
        then mi1_0.cantidad 
    else 0 
end), cast(0 as bigint)),
coalesce(sum(case 
    when upper(mi1_0.tipo_movimiento)='SALIDA' 
        then mi1_0.cantidad 
    else 0 
end), cast(0 as bigint)) 
from
    movimientos_inventario mi1_0 
join
    productos p1_0 
        on p1_0.id=mi1_0.producto_id 
join
    categorias c1_0 
        on c1_0.id=p1_0.categoria_id 
where
    p1_0.empresa=? 
    and mi1_0.fecha_movimiento between ? and ? 
group by
    c1_0.id,
    c1_0.nombre 
order by
    c1_0.nombre
2026-05-23 20:43:16 [STOQ] [http-nio-8080-exec-6] DEBUG org.hibernate.SQL - 
    select
        coalesce(sum(case 
            when upper(mi1_0.tipo_movimiento)='ENTRADA' 
                then 1 
            else 0 
    end), cast(0 as bigint)),
    coalesce(sum(case 
        when upper(mi1_0.tipo_movimiento)='SALIDA' 
            then 1 
        else 0 
end), cast(0 as bigint)),
coalesce(sum(case 
    when upper(mi1_0.tipo_movimiento)='ENTRADA' 
        then mi1_0.cantidad 
    else 0 
end), cast(0 as bigint)),
coalesce(sum(case 
    when upper(mi1_0.tipo_movimiento)='SALIDA' 
        then mi1_0.cantidad 
    else 0 
end), cast(0 as bigint)) 
from
    movimientos_inventario mi1_0 
join
    productos p1_0 
        on p1_0.id=mi1_0.producto_id 
where
    p1_0.empresa=? 
    and mi1_0.fecha_movimiento between ? and ?
2026-05-23 20:43:16 [STOQ] [http-nio-8080-exec-6] DEBUG org.hibernate.SQL - 
    select
        mi1_0.id,
        mi1_0.cantidad,
        mi1_0.fecha_movimiento,
        mi1_0.motivo,
        mi1_0.producto_id,
        mi1_0.stock_anterior,
        mi1_0.stock_resultante,
        mi1_0.tipo_movimiento,
        mi1_0.usuario_id 
    from
        movimientos_inventario mi1_0 
    join
        productos p1_0 
            on p1_0.id=mi1_0.producto_id 
    where
        p1_0.empresa=? 
        and mi1_0.fecha_movimiento between ? and ? 
    order by
        mi1_0.fecha_movimiento desc 
    fetch
        first ? rows only
2026-05-23 20:43:17 [STOQ] [http-nio-8080-exec-6] DEBUG org.hibernate.SQL - 
    select
        count(p1_0.id) 
    from
        productos p1_0 
    where
        p1_0.empresa=? 
        and p1_0.estado=true
2026-05-23 20:43:17 [STOQ] [http-nio-8080-exec-6] DEBUG org.hibernate.SQL - 
    select
        count(p1_0.id) 
    from
        productos p1_0 
    where
        p1_0.empresa=? 
        and p1_0.estado=true 
        and p1_0.stock_minimo is not null 
        and p1_0.stock_actual<=p1_0.stock_minimo
2026-05-23 20:43:18 [STOQ] [http-nio-8080-exec-6] WARN  o.a.p.p.font.FileSystemFontProvider - 2037 new fonts found, font cache will be re-built
2026-05-23 20:43:18 [STOQ] [http-nio-8080-exec-6] WARN  o.a.p.p.font.FileSystemFontProvider - Building on-disk font cache, this may take a while
2026-05-23 20:43:25 [STOQ] [http-nio-8080-exec-6] WARN  o.a.p.p.font.FileSystemFontProvider - Could not load font file '/usr/share/fonts/truetype/noto/NotoColorEmoji.ttf': 'loca' table is mandatory
2026-05-23 20:43:26 [STOQ] [http-nio-8080-exec-6] WARN  o.a.p.p.font.FileSystemFontProvider - Finished building on-disk font cache, found 2063 fonts
2026-05-23 20:43:26 [STOQ] [http-nio-8080-exec-6] INFO  c.P.s.a.aspects.ApiLoggingAspect - [STOQ-MONITOR] OUT GET /api/reportes/export/pdf | status=OK | time=11671 ms | endpoint=ReportesController.exportarPdf(..)
2026-05-23 20:43:26 [STOQ] [http-nio-8080-exec-6] INFO  c.P.s.a.aspects.ApiLoggingAspect - [STOQ-MONITOR] ============================================================
2026-05-23 20:45:48 [STOQ] [http-nio-8080-exec-5] DEBUG o.s.security.web.FilterChainProxy - Securing OPTIONS /api/reportes/categorias?inicio=2026-04-24&fin=2026-05-23
2026-05-23 20:45:48 [STOQ] [http-nio-8080-exec-1] DEBUG o.s.security.web.FilterChainProxy - Securing GET /api/reportes/categorias?inicio=2026-04-24&fin=2026-05-23
2026-05-23 20:45:48 [STOQ] [http-nio-8080-exec-1] DEBUG org.hibernate.SQL - 
    select
        u1_0.id,
        u1_0.contrasena_hash,
        u1_0.correo,
        u1_0.empresa,
        u1_0.estado,
        u1_0.nombre,
        u1_0.rol_id 
    from
        usuarios u1_0 
    where
        u1_0.correo=?
2026-05-23 20:45:49 [STOQ] [http-nio-8080-exec-1] DEBUG org.hibernate.SQL - 
    select
        r1_0.id,
        r1_0.descripcion,
        r1_0.nombre 
    from
        roles r1_0 
    where
        r1_0.id=?
2026-05-23 20:45:49 [STOQ] [http-nio-8080-exec-1] INFO  c.Proyecto.stoq.security.JwtFilter - Authenticated request for email=gerente@gmail.com role=GERENTE path=/api/reportes/categorias
2026-05-23 20:45:49 [STOQ] [http-nio-8080-exec-1] DEBUG o.s.security.web.FilterChainProxy - Secured GET /api/reportes/categorias?inicio=2026-04-24&fin=2026-05-23
2026-05-23 20:45:49 [STOQ] [http-nio-8080-exec-1] INFO  c.P.s.a.aspects.ApiLoggingAspect - [STOQ-MONITOR] ============================================================
2026-05-23 20:45:49 [STOQ] [http-nio-8080-exec-1] INFO  c.P.s.a.aspects.ApiLoggingAspect - [STOQ-MONITOR] IN  2026-05-23 20:45:49 | GET /api/reportes/categorias | user=gerente@gmail.com | ip=0:0:0:0:0:0:0:1 | ua=Mozilla/5.0 (X11; Linux x86_64) AppleWebKit/537.36 (KHTML, like Gecko) Chrome/148.0.0.0 Safari/537.36
2026-05-23 20:45:49 [STOQ] [http-nio-8080-exec-1] DEBUG org.hibernate.SQL - 
    select
        u1_0.id,
        u1_0.contrasena_hash,
        u1_0.correo,
        u1_0.empresa,
        u1_0.estado,
        u1_0.nombre,
        u1_0.rol_id 
    from
        usuarios u1_0 
    where
        u1_0.correo=?
2026-05-23 20:45:50 [STOQ] [http-nio-8080-exec-1] DEBUG org.hibernate.SQL - 
    select
        r1_0.id,
        r1_0.descripcion,
        r1_0.nombre 
    from
        roles r1_0 
    where
        r1_0.id=?
2026-05-23 20:45:50 [STOQ] [http-nio-8080-exec-1] DEBUG org.hibernate.SQL - 
    select
        c1_0.id,
        c1_0.nombre,
        count(p1_0.id),
        coalesce(sum(coalesce(p1_0.stock_actual, 0)), cast(0 as bigint)),
        coalesce(sum(coalesce(p1_0.stock_minimo, 0)), cast(0 as bigint)),
        cast(0 as bigint),
        cast(0 as bigint),
        cast(0 as bigint),
        cast(0 as bigint),
        cast(0 as bigint),
        cast(0 as bigint) 
    from
        productos p1_0 
    join
        categorias c1_0 
            on c1_0.id=p1_0.categoria_id 
    where
        p1_0.empresa=? 
        and p1_0.estado=true 
    group by
        c1_0.id,
        c1_0.nombre 
    order by
        c1_0.nombre
2026-05-23 20:45:50 [STOQ] [http-nio-8080-exec-1] DEBUG org.hibernate.SQL - 
    select
        c1_0.id,
        c1_0.nombre,
        cast(0 as bigint),
        cast(0 as bigint),
        cast(0 as bigint),
        count(mi1_0.id),
        coalesce(sum(mi1_0.cantidad), cast(0 as bigint)),
        coalesce(sum(case 
            when upper(mi1_0.tipo_movimiento)='ENTRADA' 
                then 1 
            else 0 
    end), cast(0 as bigint)),
    coalesce(sum(case 
        when upper(mi1_0.tipo_movimiento)='SALIDA' 
            then 1 
        else 0 
end), cast(0 as bigint)),
coalesce(sum(case 
    when upper(mi1_0.tipo_movimiento)='ENTRADA' 
        then mi1_0.cantidad 
    else 0 
end), cast(0 as bigint)),
coalesce(sum(case 
    when upper(mi1_0.tipo_movimiento)='SALIDA' 
        then mi1_0.cantidad 
    else 0 
end), cast(0 as bigint)) 
from
    movimientos_inventario mi1_0 
join
    productos p1_0 
        on p1_0.id=mi1_0.producto_id 
join
    categorias c1_0 
        on c1_0.id=p1_0.categoria_id 
where
    p1_0.empresa=? 
    and mi1_0.fecha_movimiento between ? and ? 
group by
    c1_0.id,
    c1_0.nombre 
order by
    c1_0.nombre
2026-05-23 20:45:51 [STOQ] [http-nio-8080-exec-1] INFO  c.P.s.a.aspects.ApiLoggingAspect - [STOQ-MONITOR] OUT GET /api/reportes/categorias | status=OK | time=1516 ms | endpoint=ReportesController.obtenerReporteCategorias(..)
2026-05-23 20:45:51 [STOQ] [http-nio-8080-exec-1] INFO  c.P.s.a.aspects.ApiLoggingAspect - [STOQ-MONITOR] ============================================================
2026-05-23 20:47:29 [STOQ] [http-nio-8080-exec-7] DEBUG o.s.security.web.FilterChainProxy - Securing OPTIONS /api/usuarios/me
2026-05-23 20:47:29 [STOQ] [http-nio-8080-exec-7] DEBUG o.s.security.web.FilterChainProxy - Securing OPTIONS /api/productos/criticos
2026-05-23 20:47:29 [STOQ] [http-nio-8080-exec-9] DEBUG o.s.security.web.FilterChainProxy - Securing OPTIONS /api/alertas/resumen
2026-05-23 20:47:29 [STOQ] [http-nio-8080-exec-8] DEBUG o.s.security.web.FilterChainProxy - Securing OPTIONS /api/productos/criticos
2026-05-23 20:47:29 [STOQ] [http-nio-8080-exec-2] DEBUG o.s.security.web.FilterChainProxy - Securing GET /api/usuarios/me
2026-05-23 20:47:29 [STOQ] [http-nio-8080-exec-6] DEBUG o.s.security.web.FilterChainProxy - Securing GET /api/productos/criticos
2026-05-23 20:47:29 [STOQ] [http-nio-8080-exec-4] DEBUG o.s.security.web.FilterChainProxy - Securing GET /api/alertas/resumen
2026-05-23 20:47:29 [STOQ] [http-nio-8080-exec-6] DEBUG org.hibernate.SQL - 
    select
        u1_0.id,
        u1_0.contrasena_hash,
        u1_0.correo,
        u1_0.empresa,
        u1_0.estado,
        u1_0.nombre,
        u1_0.rol_id 
    from
        usuarios u1_0 
    where
        u1_0.correo=?
2026-05-23 20:47:29 [STOQ] [http-nio-8080-exec-4] DEBUG org.hibernate.SQL - 
    select
        u1_0.id,
        u1_0.contrasena_hash,
        u1_0.correo,
        u1_0.empresa,
        u1_0.estado,
        u1_0.nombre,
        u1_0.rol_id 
    from
        usuarios u1_0 
    where
        u1_0.correo=?
2026-05-23 20:47:29 [STOQ] [http-nio-8080-exec-2] DEBUG org.hibernate.SQL - 
    select
        u1_0.id,
        u1_0.contrasena_hash,
        u1_0.correo,
        u1_0.empresa,
        u1_0.estado,
        u1_0.nombre,
        u1_0.rol_id 
    from
        usuarios u1_0 
    where
        u1_0.correo=?
2026-05-23 20:47:29 [STOQ] [http-nio-8080-exec-6] DEBUG org.hibernate.SQL - 
    select
        r1_0.id,
        r1_0.descripcion,
        r1_0.nombre 
    from
        roles r1_0 
    where
        r1_0.id=?
2026-05-23 20:47:29 [STOQ] [http-nio-8080-exec-2] DEBUG org.hibernate.SQL - 
    select
        r1_0.id,
        r1_0.descripcion,
        r1_0.nombre 
    from
        roles r1_0 
    where
        r1_0.id=?
2026-05-23 20:47:29 [STOQ] [http-nio-8080-exec-4] DEBUG org.hibernate.SQL - 
    select
        r1_0.id,
        r1_0.descripcion,
        r1_0.nombre 
    from
        roles r1_0 
    where
        r1_0.id=?
2026-05-23 20:47:30 [STOQ] [http-nio-8080-exec-6] INFO  c.Proyecto.stoq.security.JwtFilter - Authenticated request for email=gerente@gmail.com role=GERENTE path=/api/productos/criticos
2026-05-23 20:47:30 [STOQ] [http-nio-8080-exec-4] INFO  c.Proyecto.stoq.security.JwtFilter - Authenticated request for email=gerente@gmail.com role=GERENTE path=/api/alertas/resumen
2026-05-23 20:47:30 [STOQ] [http-nio-8080-exec-4] DEBUG o.s.security.web.FilterChainProxy - Secured GET /api/alertas/resumen
2026-05-23 20:47:30 [STOQ] [http-nio-8080-exec-2] INFO  c.Proyecto.stoq.security.JwtFilter - Authenticated request for email=gerente@gmail.com role=GERENTE path=/api/usuarios/me
2026-05-23 20:47:30 [STOQ] [http-nio-8080-exec-6] DEBUG o.s.security.web.FilterChainProxy - Secured GET /api/productos/criticos
2026-05-23 20:47:30 [STOQ] [http-nio-8080-exec-6] DEBUG o.s.s.a.m.AuthorizationManagerBeforeMethodInterceptor - Authorizing method invocation ReflectiveMethodInvocation: public java.util.List com.Proyecto.stoq.adapters.controllers.ProductosController.obtenerProductosCriticos(); target is of class [com.Proyecto.stoq.adapters.controllers.ProductosController]
2026-05-23 20:47:30 [STOQ] [http-nio-8080-exec-4] INFO  c.P.s.a.aspects.ApiLoggingAspect - [STOQ-MONITOR] ============================================================
2026-05-23 20:47:30 [STOQ] [http-nio-8080-exec-4] INFO  c.P.s.a.aspects.ApiLoggingAspect - [STOQ-MONITOR] IN  2026-05-23 20:47:30 | GET /api/alertas/resumen | user=gerente@gmail.com | ip=0:0:0:0:0:0:0:1 | ua=Mozilla/5.0 (X11; Linux x86_64) AppleWebKit/537.36 (KHTML, like Gecko) Chrome/148.0.0.0 Safari/537.36
2026-05-23 20:47:30 [STOQ] [http-nio-8080-exec-4] DEBUG org.hibernate.SQL - 
    select
        u1_0.id,
        u1_0.contrasena_hash,
        u1_0.correo,
        u1_0.empresa,
        u1_0.estado,
        u1_0.nombre,
        u1_0.rol_id 
    from
        usuarios u1_0 
    where
        u1_0.correo=?
2026-05-23 20:47:30 [STOQ] [http-nio-8080-exec-2] DEBUG o.s.security.web.FilterChainProxy - Secured GET /api/usuarios/me
2026-05-23 20:47:30 [STOQ] [http-nio-8080-exec-6] DEBUG o.s.s.a.m.AuthorizationManagerBeforeMethodInterceptor - Authorized method invocation ReflectiveMethodInvocation: public java.util.List com.Proyecto.stoq.adapters.controllers.ProductosController.obtenerProductosCriticos(); target is of class [com.Proyecto.stoq.adapters.controllers.ProductosController]
2026-05-23 20:47:30 [STOQ] [http-nio-8080-exec-2] INFO  c.P.s.a.aspects.ApiLoggingAspect - [STOQ-MONITOR] ============================================================
2026-05-23 20:47:30 [STOQ] [http-nio-8080-exec-6] INFO  c.P.s.a.aspects.ApiLoggingAspect - [STOQ-MONITOR] ============================================================
2026-05-23 20:47:30 [STOQ] [http-nio-8080-exec-6] INFO  c.P.s.a.aspects.ApiLoggingAspect - [STOQ-MONITOR] IN  2026-05-23 20:47:30 | GET /api/productos/criticos | user=gerente@gmail.com | ip=0:0:0:0:0:0:0:1 | ua=Mozilla/5.0 (X11; Linux x86_64) AppleWebKit/537.36 (KHTML, like Gecko) Chrome/148.0.0.0 Safari/537.36
2026-05-23 20:47:30 [STOQ] [http-nio-8080-exec-2] INFO  c.P.s.a.aspects.ApiLoggingAspect - [STOQ-MONITOR] IN  2026-05-23 20:47:30 | GET /api/usuarios/me | user=gerente@gmail.com | ip=0:0:0:0:0:0:0:1 | ua=Mozilla/5.0 (X11; Linux x86_64) AppleWebKit/537.36 (KHTML, like Gecko) Chrome/148.0.0.0 Safari/537.36
2026-05-23 20:47:30 [STOQ] [http-nio-8080-exec-6] DEBUG org.hibernate.SQL - 
    select
        u1_0.id,
        u1_0.contrasena_hash,
        u1_0.correo,
        u1_0.empresa,
        u1_0.estado,
        u1_0.nombre,
        u1_0.rol_id 
    from
        usuarios u1_0 
    where
        u1_0.correo=?
2026-05-23 20:47:30 [STOQ] [http-nio-8080-exec-2] DEBUG org.hibernate.SQL - 
    select
        u1_0.id,
        u1_0.contrasena_hash,
        u1_0.correo,
        u1_0.empresa,
        u1_0.estado,
        u1_0.nombre,
        u1_0.rol_id 
    from
        usuarios u1_0 
    where
        u1_0.correo=?
2026-05-23 20:47:30 [STOQ] [http-nio-8080-exec-6] DEBUG org.hibernate.SQL - 
    select
        r1_0.id,
        r1_0.descripcion,
        r1_0.nombre 
    from
        roles r1_0 
    where
        r1_0.id=?
2026-05-23 20:47:30 [STOQ] [http-nio-8080-exec-2] DEBUG org.hibernate.SQL - 
    select
        r1_0.id,
        r1_0.descripcion,
        r1_0.nombre 
    from
        roles r1_0 
    where
        r1_0.id=?
2026-05-23 20:47:30 [STOQ] [http-nio-8080-exec-4] DEBUG org.hibernate.SQL - 
    select
        r1_0.id,
        r1_0.descripcion,
        r1_0.nombre 
    from
        roles r1_0 
    where
        r1_0.id=?
2026-05-23 20:47:30 [STOQ] [http-nio-8080-exec-2] INFO  c.P.s.a.aspects.ApiLoggingAspect - [STOQ-MONITOR] OUT GET /api/usuarios/me | status=OK | time=541 ms | endpoint=UsuarioController.obtenerUsuarioAutenticado(..)
2026-05-23 20:47:30 [STOQ] [http-nio-8080-exec-2] INFO  c.P.s.a.aspects.ApiLoggingAspect - [STOQ-MONITOR] ============================================================
2026-05-23 20:47:30 [STOQ] [http-nio-8080-exec-5] DEBUG o.s.security.web.FilterChainProxy - Securing OPTIONS /api/productos
2026-05-23 20:47:30 [STOQ] [http-nio-8080-exec-4] DEBUG org.hibernate.SQL - 
    select
        p1_0.id,
        p1_0.categoria_id,
        p1_0.codigo,
        p1_0.empresa,
        p1_0.estado,
        p1_0.fecha_actualizacion,
        p1_0.fecha_creacion,
        p1_0.nombre,
        p1_0.stock_actual,
        p1_0.stock_minimo,
        p1_0.ubicacion,
        p1_0.unidad_id 
    from
        productos p1_0
2026-05-23 20:47:30 [STOQ] [http-nio-8080-exec-6] DEBUG org.hibernate.SQL - 
    select
        p1_0.id,
        p1_0.categoria_id,
        p1_0.codigo,
        p1_0.empresa,
        p1_0.estado,
        p1_0.fecha_actualizacion,
        p1_0.fecha_creacion,
        p1_0.nombre,
        p1_0.stock_actual,
        p1_0.stock_minimo,
        p1_0.ubicacion,
        p1_0.unidad_id 
    from
        productos p1_0
2026-05-23 20:47:30 [STOQ] [http-nio-8080-exec-1] DEBUG o.s.security.web.FilterChainProxy - Securing GET /api/productos
2026-05-23 20:47:30 [STOQ] [http-nio-8080-exec-3] DEBUG o.s.security.web.FilterChainProxy - Securing OPTIONS /api/unidades
2026-05-23 20:47:30 [STOQ] [http-nio-8080-exec-10] DEBUG o.s.security.web.FilterChainProxy - Securing OPTIONS /api/categorias
2026-05-23 20:47:30 [STOQ] [http-nio-8080-exec-1] DEBUG org.hibernate.SQL - 
    select
        u1_0.id,
        u1_0.contrasena_hash,
        u1_0.correo,
        u1_0.empresa,
        u1_0.estado,
        u1_0.nombre,
        u1_0.rol_id 
    from
        usuarios u1_0 
    where
        u1_0.correo=?
2026-05-23 20:47:30 [STOQ] [http-nio-8080-exec-7] DEBUG o.s.security.web.FilterChainProxy - Securing GET /api/categorias
2026-05-23 20:47:30 [STOQ] [http-nio-8080-exec-9] DEBUG o.s.security.web.FilterChainProxy - Securing GET /api/unidades
2026-05-23 20:47:30 [STOQ] [http-nio-8080-exec-7] DEBUG org.hibernate.SQL - 
    select
        u1_0.id,
        u1_0.contrasena_hash,
        u1_0.correo,
        u1_0.empresa,
        u1_0.estado,
        u1_0.nombre,
        u1_0.rol_id 
    from
        usuarios u1_0 
    where
        u1_0.correo=?
2026-05-23 20:47:30 [STOQ] [http-nio-8080-exec-9] DEBUG org.hibernate.SQL - 
    select
        u1_0.id,
        u1_0.contrasena_hash,
        u1_0.correo,
        u1_0.empresa,
        u1_0.estado,
        u1_0.nombre,
        u1_0.rol_id 
    from
        usuarios u1_0 
    where
        u1_0.correo=?
2026-05-23 20:47:31 [STOQ] [http-nio-8080-exec-4] DEBUG org.hibernate.SQL - 
    select
        c1_0.id,
        c1_0.descripcion,
        c1_0.estado,
        c1_0.fecha_creacion,
        c1_0.nombre 
    from
        categorias c1_0 
    where
        c1_0.id=?
2026-05-23 20:47:31 [STOQ] [http-nio-8080-exec-6] DEBUG org.hibernate.SQL - 
    select
        c1_0.id,
        c1_0.descripcion,
        c1_0.estado,
        c1_0.fecha_creacion,
        c1_0.nombre 
    from
        categorias c1_0 
    where
        c1_0.id=?
2026-05-23 20:47:31 [STOQ] [http-nio-8080-exec-7] DEBUG org.hibernate.SQL - 
    select
        r1_0.id,
        r1_0.descripcion,
        r1_0.nombre 
    from
        roles r1_0 
    where
        r1_0.id=?
2026-05-23 20:47:31 [STOQ] [http-nio-8080-exec-1] DEBUG org.hibernate.SQL - 
    select
        r1_0.id,
        r1_0.descripcion,
        r1_0.nombre 
    from
        roles r1_0 
    where
        r1_0.id=?
2026-05-23 20:47:31 [STOQ] [http-nio-8080-exec-6] DEBUG org.hibernate.SQL - 
    select
        u1_0.id,
        u1_0.abreviatura,
        u1_0.estado,
        u1_0.nombre 
    from
        unidades u1_0 
    where
        u1_0.id=?
2026-05-23 20:47:31 [STOQ] [http-nio-8080-exec-4] DEBUG org.hibernate.SQL - 
    select
        u1_0.id,
        u1_0.abreviatura,
        u1_0.estado,
        u1_0.nombre 
    from
        unidades u1_0 
    where
        u1_0.id=?
2026-05-23 20:47:31 [STOQ] [http-nio-8080-exec-7] INFO  c.Proyecto.stoq.security.JwtFilter - Authenticated request for email=gerente@gmail.com role=GERENTE path=/api/categorias
2026-05-23 20:47:31 [STOQ] [http-nio-8080-exec-7] DEBUG o.s.security.web.FilterChainProxy - Secured GET /api/categorias
2026-05-23 20:47:31 [STOQ] [http-nio-8080-exec-7] INFO  c.P.s.a.aspects.ApiLoggingAspect - [STOQ-MONITOR] ============================================================
2026-05-23 20:47:31 [STOQ] [http-nio-8080-exec-7] INFO  c.P.s.a.aspects.ApiLoggingAspect - [STOQ-MONITOR] IN  2026-05-23 20:47:31 | GET /api/categorias | user=gerente@gmail.com | ip=0:0:0:0:0:0:0:1 | ua=Mozilla/5.0 (X11; Linux x86_64) AppleWebKit/537.36 (KHTML, like Gecko) Chrome/148.0.0.0 Safari/537.36
2026-05-23 20:47:31 [STOQ] [http-nio-8080-exec-7] DEBUG org.hibernate.SQL - 
    select
        c1_0.id,
        c1_0.descripcion,
        c1_0.estado,
        c1_0.fecha_creacion,
        c1_0.nombre 
    from
        categorias c1_0
2026-05-23 20:47:31 [STOQ] [http-nio-8080-exec-9] DEBUG org.hibernate.SQL - 
    select
        r1_0.id,
        r1_0.descripcion,
        r1_0.nombre 
    from
        roles r1_0 
    where
        r1_0.id=?
2026-05-23 20:47:31 [STOQ] [http-nio-8080-exec-1] INFO  c.Proyecto.stoq.security.JwtFilter - Authenticated request for email=gerente@gmail.com role=GERENTE path=/api/productos
2026-05-23 20:47:31 [STOQ] [http-nio-8080-exec-4] DEBUG org.hibernate.SQL - 
    select
        u1_0.id,
        u1_0.abreviatura,
        u1_0.estado,
        u1_0.nombre 
    from
        unidades u1_0 
    where
        u1_0.id=?
2026-05-23 20:47:31 [STOQ] [http-nio-8080-exec-6] DEBUG org.hibernate.SQL - 
    select
        u1_0.id,
        u1_0.abreviatura,
        u1_0.estado,
        u1_0.nombre 
    from
        unidades u1_0 
    where
        u1_0.id=?
2026-05-23 20:47:31 [STOQ] [http-nio-8080-exec-9] INFO  c.Proyecto.stoq.security.JwtFilter - Authenticated request for email=gerente@gmail.com role=GERENTE path=/api/unidades
2026-05-23 20:47:31 [STOQ] [http-nio-8080-exec-1] DEBUG o.s.security.web.FilterChainProxy - Secured GET /api/productos
2026-05-23 20:47:31 [STOQ] [http-nio-8080-exec-9] DEBUG o.s.security.web.FilterChainProxy - Secured GET /api/unidades
2026-05-23 20:47:31 [STOQ] [http-nio-8080-exec-1] INFO  c.P.s.a.aspects.ApiLoggingAspect - [STOQ-MONITOR] ============================================================
2026-05-23 20:47:31 [STOQ] [http-nio-8080-exec-9] INFO  c.P.s.a.aspects.ApiLoggingAspect - [STOQ-MONITOR] ============================================================
2026-05-23 20:47:31 [STOQ] [http-nio-8080-exec-1] INFO  c.P.s.a.aspects.ApiLoggingAspect - [STOQ-MONITOR] IN  2026-05-23 20:47:31 | GET /api/productos | user=gerente@gmail.com | ip=0:0:0:0:0:0:0:1 | ua=Mozilla/5.0 (X11; Linux x86_64) AppleWebKit/537.36 (KHTML, like Gecko) Chrome/148.0.0.0 Safari/537.36
2026-05-23 20:47:31 [STOQ] [http-nio-8080-exec-9] INFO  c.P.s.a.aspects.ApiLoggingAspect - [STOQ-MONITOR] IN  2026-05-23 20:47:31 | GET /api/unidades | user=gerente@gmail.com | ip=0:0:0:0:0:0:0:1 | ua=Mozilla/5.0 (X11; Linux x86_64) AppleWebKit/537.36 (KHTML, like Gecko) Chrome/148.0.0.0 Safari/537.36
2026-05-23 20:47:31 [STOQ] [http-nio-8080-exec-1] DEBUG org.hibernate.SQL - 
    select
        u1_0.id,
        u1_0.contrasena_hash,
        u1_0.correo,
        u1_0.empresa,
        u1_0.estado,
        u1_0.nombre,
        u1_0.rol_id 
    from
        usuarios u1_0 
    where
        u1_0.correo=?
2026-05-23 20:47:31 [STOQ] [http-nio-8080-exec-9] DEBUG org.hibernate.SQL - 
    select
        u1_0.id,
        u1_0.abreviatura,
        u1_0.estado,
        u1_0.nombre 
    from
        unidades u1_0
2026-05-23 20:47:32 [STOQ] [http-nio-8080-exec-7] INFO  c.P.s.a.aspects.ApiLoggingAspect - [STOQ-MONITOR] OUT GET /api/categorias | status=OK | time=639 ms | endpoint=CategoriasController.obtenerCategorias()
2026-05-23 20:47:32 [STOQ] [http-nio-8080-exec-7] INFO  c.P.s.a.aspects.ApiLoggingAspect - [STOQ-MONITOR] ============================================================
2026-05-23 20:47:32 [STOQ] [http-nio-8080-exec-4] DEBUG org.hibernate.SQL - 
    select
        u1_0.id,
        u1_0.abreviatura,
        u1_0.estado,
        u1_0.nombre 
    from
        unidades u1_0 
    where
        u1_0.id=?
2026-05-23 20:47:32 [STOQ] [http-nio-8080-exec-6] DEBUG org.hibernate.SQL - 
    select
        u1_0.id,
        u1_0.abreviatura,
        u1_0.estado,
        u1_0.nombre 
    from
        unidades u1_0 
    where
        u1_0.id=?
2026-05-23 20:47:32 [STOQ] [http-nio-8080-exec-1] DEBUG org.hibernate.SQL - 
    select
        r1_0.id,
        r1_0.descripcion,
        r1_0.nombre 
    from
        roles r1_0 
    where
        r1_0.id=?
2026-05-23 20:47:32 [STOQ] [http-nio-8080-exec-9] INFO  c.P.s.a.aspects.ApiLoggingAspect - [STOQ-MONITOR] OUT GET /api/unidades | status=OK | time=607 ms | endpoint=UnidadController.listado_unidades()
2026-05-23 20:47:32 [STOQ] [http-nio-8080-exec-9] INFO  c.P.s.a.aspects.ApiLoggingAspect - [STOQ-MONITOR] ============================================================
2026-05-23 20:47:32 [STOQ] [http-nio-8080-exec-6] DEBUG org.hibernate.SQL - 
    select
        u1_0.id,
        u1_0.abreviatura,
        u1_0.estado,
        u1_0.nombre 
    from
        unidades u1_0 
    where
        u1_0.id=?
2026-05-23 20:47:32 [STOQ] [http-nio-8080-exec-4] DEBUG org.hibernate.SQL - 
    select
        u1_0.id,
        u1_0.abreviatura,
        u1_0.estado,
        u1_0.nombre 
    from
        unidades u1_0 
    where
        u1_0.id=?
2026-05-23 20:47:32 [STOQ] [http-nio-8080-exec-1] DEBUG org.hibernate.SQL - 
    select
        p1_0.id,
        p1_0.categoria_id,
        p1_0.codigo,
        p1_0.empresa,
        p1_0.estado,
        p1_0.fecha_actualizacion,
        p1_0.fecha_creacion,
        p1_0.nombre,
        p1_0.stock_actual,
        p1_0.stock_minimo,
        p1_0.ubicacion,
        p1_0.unidad_id 
    from
        productos p1_0
2026-05-23 20:47:32 [STOQ] [http-nio-8080-exec-4] DEBUG org.hibernate.SQL - 
    select
        c1_0.id,
        c1_0.descripcion,
        c1_0.estado,
        c1_0.fecha_creacion,
        c1_0.nombre 
    from
        categorias c1_0 
    where
        c1_0.id=?
2026-05-23 20:47:32 [STOQ] [http-nio-8080-exec-6] DEBUG org.hibernate.SQL - 
    select
        c1_0.id,
        c1_0.descripcion,
        c1_0.estado,
        c1_0.fecha_creacion,
        c1_0.nombre 
    from
        categorias c1_0 
    where
        c1_0.id=?
2026-05-23 20:47:32 [STOQ] [http-nio-8080-exec-1] DEBUG org.hibernate.SQL - 
    select
        c1_0.id,
        c1_0.descripcion,
        c1_0.estado,
        c1_0.fecha_creacion,
        c1_0.nombre 
    from
        categorias c1_0 
    where
        c1_0.id=?
2026-05-23 20:47:32 [STOQ] [http-nio-8080-exec-1] DEBUG org.hibernate.SQL - 
    select
        u1_0.id,
        u1_0.abreviatura,
        u1_0.estado,
        u1_0.nombre 
    from
        unidades u1_0 
    where
        u1_0.id=?
2026-05-23 20:47:32 [STOQ] [http-nio-8080-exec-6] DEBUG org.hibernate.SQL - 
    select
        c1_0.id,
        c1_0.descripcion,
        c1_0.estado,
        c1_0.fecha_creacion,
        c1_0.nombre 
    from
        categorias c1_0 
    where
        c1_0.id=?
2026-05-23 20:47:32 [STOQ] [http-nio-8080-exec-4] DEBUG org.hibernate.SQL - 
    select
        c1_0.id,
        c1_0.descripcion,
        c1_0.estado,
        c1_0.fecha_creacion,
        c1_0.nombre 
    from
        categorias c1_0 
    where
        c1_0.id=?
2026-05-23 20:47:33 [STOQ] [http-nio-8080-exec-6] DEBUG org.hibernate.SQL - 
    select
        c1_0.id,
        c1_0.descripcion,
        c1_0.estado,
        c1_0.fecha_creacion,
        c1_0.nombre 
    from
        categorias c1_0 
    where
        c1_0.id=?
2026-05-23 20:47:33 [STOQ] [http-nio-8080-exec-4] DEBUG org.hibernate.SQL - 
    select
        c1_0.id,
        c1_0.descripcion,
        c1_0.estado,
        c1_0.fecha_creacion,
        c1_0.nombre 
    from
        categorias c1_0 
    where
        c1_0.id=?
2026-05-23 20:47:33 [STOQ] [http-nio-8080-exec-1] DEBUG org.hibernate.SQL - 
    select
        u1_0.id,
        u1_0.abreviatura,
        u1_0.estado,
        u1_0.nombre 
    from
        unidades u1_0 
    where
        u1_0.id=?
2026-05-23 20:47:33 [STOQ] [http-nio-8080-exec-1] DEBUG org.hibernate.SQL - 
    select
        u1_0.id,
        u1_0.abreviatura,
        u1_0.estado,
        u1_0.nombre 
    from
        unidades u1_0 
    where
        u1_0.id=?
2026-05-23 20:47:33 [STOQ] [http-nio-8080-exec-6] INFO  c.P.s.a.aspects.ApiLoggingAspect - [STOQ-MONITOR] OUT GET /api/productos/criticos | status=OK | time=3664 ms | endpoint=ProductosController.obtenerProductosCriticos()
2026-05-23 20:47:33 [STOQ] [http-nio-8080-exec-6] INFO  c.P.s.a.aspects.ApiLoggingAspect - [STOQ-MONITOR] ============================================================
2026-05-23 20:47:33 [STOQ] [http-nio-8080-exec-1] DEBUG org.hibernate.SQL - 
    select
        u1_0.id,
        u1_0.abreviatura,
        u1_0.estado,
        u1_0.nombre 
    from
        unidades u1_0 
    where
        u1_0.id=?
2026-05-23 20:47:33 [STOQ] [http-nio-8080-exec-8] DEBUG o.s.security.web.FilterChainProxy - Securing GET /api/productos/criticos
2026-05-23 20:47:33 [STOQ] [http-nio-8080-exec-4] DEBUG org.hibernate.SQL - 
    select
        a1_0.id,
        a1_0.fecha,
        a1_0.leida,
        a1_0.mensaje,
        a1_0.producto_id,
        p1_0.id,
        p1_0.categoria_id,
        c1_0.id,
        c1_0.descripcion,
        c1_0.estado,
        c1_0.fecha_creacion,
        c1_0.nombre,
        p1_0.codigo,
        p1_0.empresa,
        p1_0.estado,
        p1_0.fecha_actualizacion,
        p1_0.fecha_creacion,
        p1_0.nombre,
        p1_0.stock_actual,
        p1_0.stock_minimo,
        p1_0.ubicacion,
        p1_0.unidad_id,
        a1_0.tipo 
    from
        alertas a1_0 
    join
        productos p1_0 
            on p1_0.id=a1_0.producto_id 
    join
        categorias c1_0 
            on c1_0.id=p1_0.categoria_id
2026-05-23 20:47:33 [STOQ] [http-nio-8080-exec-8] DEBUG org.hibernate.SQL - 
    select
        u1_0.id,
        u1_0.contrasena_hash,
        u1_0.correo,
        u1_0.empresa,
        u1_0.estado,
        u1_0.nombre,
        u1_0.rol_id 
    from
        usuarios u1_0 
    where
        u1_0.correo=?
2026-05-23 20:47:34 [STOQ] [http-nio-8080-exec-1] DEBUG org.hibernate.SQL - 
    select
        c1_0.id,
        c1_0.descripcion,
        c1_0.estado,
        c1_0.fecha_creacion,
        c1_0.nombre 
    from
        categorias c1_0 
    where
        c1_0.id=?
2026-05-23 20:47:34 [STOQ] [http-nio-8080-exec-8] DEBUG org.hibernate.SQL - 
    select
        r1_0.id,
        r1_0.descripcion,
        r1_0.nombre 
    from
        roles r1_0 
    where
        r1_0.id=?
2026-05-23 20:47:34 [STOQ] [http-nio-8080-exec-8] INFO  c.Proyecto.stoq.security.JwtFilter - Authenticated request for email=gerente@gmail.com role=GERENTE path=/api/productos/criticos
2026-05-23 20:47:34 [STOQ] [http-nio-8080-exec-1] DEBUG org.hibernate.SQL - 
    select
        c1_0.id,
        c1_0.descripcion,
        c1_0.estado,
        c1_0.fecha_creacion,
        c1_0.nombre 
    from
        categorias c1_0 
    where
        c1_0.id=?
2026-05-23 20:47:34 [STOQ] [http-nio-8080-exec-8] DEBUG o.s.security.web.FilterChainProxy - Secured GET /api/productos/criticos
2026-05-23 20:47:34 [STOQ] [http-nio-8080-exec-8] DEBUG o.s.s.a.m.AuthorizationManagerBeforeMethodInterceptor - Authorizing method invocation ReflectiveMethodInvocation: public java.util.List com.Proyecto.stoq.adapters.controllers.ProductosController.obtenerProductosCriticos(); target is of class [com.Proyecto.stoq.adapters.controllers.ProductosController]
2026-05-23 20:47:34 [STOQ] [http-nio-8080-exec-8] DEBUG o.s.s.a.m.AuthorizationManagerBeforeMethodInterceptor - Authorized method invocation ReflectiveMethodInvocation: public java.util.List com.Proyecto.stoq.adapters.controllers.ProductosController.obtenerProductosCriticos(); target is of class [com.Proyecto.stoq.adapters.controllers.ProductosController]
2026-05-23 20:47:34 [STOQ] [http-nio-8080-exec-8] INFO  c.P.s.a.aspects.ApiLoggingAspect - [STOQ-MONITOR] ============================================================
2026-05-23 20:47:34 [STOQ] [http-nio-8080-exec-8] INFO  c.P.s.a.aspects.ApiLoggingAspect - [STOQ-MONITOR] IN  2026-05-23 20:47:34 | GET /api/productos/criticos | user=gerente@gmail.com | ip=0:0:0:0:0:0:0:1 | ua=Mozilla/5.0 (X11; Linux x86_64) AppleWebKit/537.36 (KHTML, like Gecko) Chrome/148.0.0.0 Safari/537.36
2026-05-23 20:47:34 [STOQ] [http-nio-8080-exec-8] DEBUG org.hibernate.SQL - 
    select
        u1_0.id,
        u1_0.contrasena_hash,
        u1_0.correo,
        u1_0.empresa,
        u1_0.estado,
        u1_0.nombre,
        u1_0.rol_id 
    from
        usuarios u1_0 
    where
        u1_0.correo=?
2026-05-23 20:47:34 [STOQ] [http-nio-8080-exec-4] DEBUG org.hibernate.SQL - 
    select
        a1_0.id,
        a1_0.fecha,
        a1_0.leida,
        a1_0.mensaje,
        a1_0.producto_id,
        p1_0.id,
        p1_0.categoria_id,
        c1_0.id,
        c1_0.descripcion,
        c1_0.estado,
        c1_0.fecha_creacion,
        c1_0.nombre,
        p1_0.codigo,
        p1_0.empresa,
        p1_0.estado,
        p1_0.fecha_actualizacion,
        p1_0.fecha_creacion,
        p1_0.nombre,
        p1_0.stock_actual,
        p1_0.stock_minimo,
        p1_0.ubicacion,
        p1_0.unidad_id,
        a1_0.tipo 
    from
        alertas a1_0 
    join
        productos p1_0 
            on p1_0.id=a1_0.producto_id 
    join
        categorias c1_0 
            on c1_0.id=p1_0.categoria_id
2026-05-23 20:47:34 [STOQ] [http-nio-8080-exec-8] DEBUG org.hibernate.SQL - 
    select
        r1_0.id,
        r1_0.descripcion,
        r1_0.nombre 
    from
        roles r1_0 
    where
        r1_0.id=?
2026-05-23 20:47:34 [STOQ] [http-nio-8080-exec-1] DEBUG org.hibernate.SQL - 
    select
        c1_0.id,
        c1_0.descripcion,
        c1_0.estado,
        c1_0.fecha_creacion,
        c1_0.nombre 
    from
        categorias c1_0 
    where
        c1_0.id=?
2026-05-23 20:47:35 [STOQ] [http-nio-8080-exec-4] INFO  c.P.s.a.aspects.ApiLoggingAspect - [STOQ-MONITOR] OUT GET /api/alertas/resumen | status=OK | time=4900 ms | endpoint=AlertaController.obtenerResumen()
2026-05-23 20:47:35 [STOQ] [http-nio-8080-exec-4] INFO  c.P.s.a.aspects.ApiLoggingAspect - [STOQ-MONITOR] ============================================================
2026-05-23 20:47:35 [STOQ] [http-nio-8080-exec-8] DEBUG org.hibernate.SQL - 
    select
        p1_0.id,
        p1_0.categoria_id,
        p1_0.codigo,
        p1_0.empresa,
        p1_0.estado,
        p1_0.fecha_actualizacion,
        p1_0.fecha_creacion,
        p1_0.nombre,
        p1_0.stock_actual,
        p1_0.stock_minimo,
        p1_0.ubicacion,
        p1_0.unidad_id 
    from
        productos p1_0
2026-05-23 20:47:35 [STOQ] [http-nio-8080-exec-5] DEBUG o.s.security.web.FilterChainProxy - Securing GET /api/alertas/resumen
2026-05-23 20:47:35 [STOQ] [http-nio-8080-exec-5] DEBUG org.hibernate.SQL - 
    select
        u1_0.id,
        u1_0.contrasena_hash,
        u1_0.correo,
        u1_0.empresa,
        u1_0.estado,
        u1_0.nombre,
        u1_0.rol_id 
    from
        usuarios u1_0 
    where
        u1_0.correo=?
2026-05-23 20:47:35 [STOQ] [http-nio-8080-exec-8] DEBUG org.hibernate.SQL - 
    select
        c1_0.id,
        c1_0.descripcion,
        c1_0.estado,
        c1_0.fecha_creacion,
        c1_0.nombre 
    from
        categorias c1_0 
    where
        c1_0.id=?
2026-05-23 20:47:35 [STOQ] [http-nio-8080-exec-1] INFO  c.P.s.a.aspects.ApiLoggingAspect - [STOQ-MONITOR] OUT GET /api/productos | status=OK | time=3628 ms | endpoint=ProductosController.obtenerProductos()
2026-05-23 20:47:35 [STOQ] [http-nio-8080-exec-1] INFO  c.P.s.a.aspects.ApiLoggingAspect - [STOQ-MONITOR] ============================================================
2026-05-23 20:47:35 [STOQ] [http-nio-8080-exec-5] DEBUG org.hibernate.SQL - 
    select
        r1_0.id,
        r1_0.descripcion,
        r1_0.nombre 
    from
        roles r1_0 
    where
        r1_0.id=?
2026-05-23 20:47:35 [STOQ] [http-nio-8080-exec-8] DEBUG org.hibernate.SQL - 
    select
        u1_0.id,
        u1_0.abreviatura,
        u1_0.estado,
        u1_0.nombre 
    from
        unidades u1_0 
    where
        u1_0.id=?
2026-05-23 20:47:35 [STOQ] [http-nio-8080-exec-5] INFO  c.Proyecto.stoq.security.JwtFilter - Authenticated request for email=gerente@gmail.com role=GERENTE path=/api/alertas/resumen
2026-05-23 20:47:35 [STOQ] [http-nio-8080-exec-5] DEBUG o.s.security.web.FilterChainProxy - Secured GET /api/alertas/resumen
2026-05-23 20:47:35 [STOQ] [http-nio-8080-exec-5] INFO  c.P.s.a.aspects.ApiLoggingAspect - [STOQ-MONITOR] ============================================================
2026-05-23 20:47:35 [STOQ] [http-nio-8080-exec-5] INFO  c.P.s.a.aspects.ApiLoggingAspect - [STOQ-MONITOR] IN  2026-05-23 20:47:35 | GET /api/alertas/resumen | user=gerente@gmail.com | ip=0:0:0:0:0:0:0:1 | ua=Mozilla/5.0 (X11; Linux x86_64) AppleWebKit/537.36 (KHTML, like Gecko) Chrome/148.0.0.0 Safari/537.36
2026-05-23 20:47:35 [STOQ] [http-nio-8080-exec-5] DEBUG org.hibernate.SQL - 
    select
        u1_0.id,
        u1_0.contrasena_hash,
        u1_0.correo,
        u1_0.empresa,
        u1_0.estado,
        u1_0.nombre,
        u1_0.rol_id 
    from
        usuarios u1_0 
    where
        u1_0.correo=?
2026-05-23 20:47:35 [STOQ] [http-nio-8080-exec-5] DEBUG org.hibernate.SQL - 
    select
        r1_0.id,
        r1_0.descripcion,
        r1_0.nombre 
    from
        roles r1_0 
    where
        r1_0.id=?
2026-05-23 20:47:35 [STOQ] [http-nio-8080-exec-8] DEBUG org.hibernate.SQL - 
    select
        u1_0.id,
        u1_0.abreviatura,
        u1_0.estado,
        u1_0.nombre 
    from
        unidades u1_0 
    where
        u1_0.id=?
2026-05-23 20:47:36 [STOQ] [http-nio-8080-exec-8] DEBUG org.hibernate.SQL - 
    select
        u1_0.id,
        u1_0.abreviatura,
        u1_0.estado,
        u1_0.nombre 
    from
        unidades u1_0 
    where
        u1_0.id=?
2026-05-23 20:47:36 [STOQ] [http-nio-8080-exec-5] DEBUG org.hibernate.SQL - 
    select
        p1_0.id,
        p1_0.categoria_id,
        p1_0.codigo,
        p1_0.empresa,
        p1_0.estado,
        p1_0.fecha_actualizacion,
        p1_0.fecha_creacion,
        p1_0.nombre,
        p1_0.stock_actual,
        p1_0.stock_minimo,
        p1_0.ubicacion,
        p1_0.unidad_id 
    from
        productos p1_0
2026-05-23 20:47:36 [STOQ] [http-nio-8080-exec-8] DEBUG org.hibernate.SQL - 
    select
        u1_0.id,
        u1_0.abreviatura,
        u1_0.estado,
        u1_0.nombre 
    from
        unidades u1_0 
    where
        u1_0.id=?
2026-05-23 20:47:36 [STOQ] [http-nio-8080-exec-5] DEBUG org.hibernate.SQL - 
    select
        c1_0.id,
        c1_0.descripcion,
        c1_0.estado,
        c1_0.fecha_creacion,
        c1_0.nombre 
    from
        categorias c1_0 
    where
        c1_0.id=?
2026-05-23 20:47:36 [STOQ] [http-nio-8080-exec-5] DEBUG org.hibernate.SQL - 
    select
        u1_0.id,
        u1_0.abreviatura,
        u1_0.estado,
        u1_0.nombre 
    from
        unidades u1_0 
    where
        u1_0.id=?
2026-05-23 20:47:36 [STOQ] [http-nio-8080-exec-8] DEBUG org.hibernate.SQL - 
    select
        c1_0.id,
        c1_0.descripcion,
        c1_0.estado,
        c1_0.fecha_creacion,
        c1_0.nombre 
    from
        categorias c1_0 
    where
        c1_0.id=?
2026-05-23 20:47:37 [STOQ] [http-nio-8080-exec-5] DEBUG org.hibernate.SQL - 
    select
        u1_0.id,
        u1_0.abreviatura,
        u1_0.estado,
        u1_0.nombre 
    from
        unidades u1_0 
    where
        u1_0.id=?
2026-05-23 20:47:37 [STOQ] [http-nio-8080-exec-8] DEBUG org.hibernate.SQL - 
    select
        c1_0.id,
        c1_0.descripcion,
        c1_0.estado,
        c1_0.fecha_creacion,
        c1_0.nombre 
    from
        categorias c1_0 
    where
        c1_0.id=?
2026-05-23 20:47:37 [STOQ] [http-nio-8080-exec-5] DEBUG org.hibernate.SQL - 
    select
        u1_0.id,
        u1_0.abreviatura,
        u1_0.estado,
        u1_0.nombre 
    from
        unidades u1_0 
    where
        u1_0.id=?
2026-05-23 20:47:37 [STOQ] [http-nio-8080-exec-8] DEBUG org.hibernate.SQL - 
    select
        c1_0.id,
        c1_0.descripcion,
        c1_0.estado,
        c1_0.fecha_creacion,
        c1_0.nombre 
    from
        categorias c1_0 
    where
        c1_0.id=?
2026-05-23 20:47:37 [STOQ] [http-nio-8080-exec-5] DEBUG org.hibernate.SQL - 
    select
        u1_0.id,
        u1_0.abreviatura,
        u1_0.estado,
        u1_0.nombre 
    from
        unidades u1_0 
    where
        u1_0.id=?
2026-05-23 20:47:38 [STOQ] [http-nio-8080-exec-8] INFO  c.P.s.a.aspects.ApiLoggingAspect - [STOQ-MONITOR] OUT GET /api/productos/criticos | status=OK | time=3613 ms | endpoint=ProductosController.obtenerProductosCriticos()
2026-05-23 20:47:38 [STOQ] [http-nio-8080-exec-8] INFO  c.P.s.a.aspects.ApiLoggingAspect - [STOQ-MONITOR] ============================================================
2026-05-23 20:47:38 [STOQ] [http-nio-8080-exec-5] DEBUG org.hibernate.SQL - 
    select
        c1_0.id,
        c1_0.descripcion,
        c1_0.estado,
        c1_0.fecha_creacion,
        c1_0.nombre 
    from
        categorias c1_0 
    where
        c1_0.id=?
2026-05-23 20:47:38 [STOQ] [http-nio-8080-exec-2] DEBUG o.s.security.web.FilterChainProxy - Securing GET /api/productos/criticos
2026-05-23 20:47:38 [STOQ] [http-nio-8080-exec-2] DEBUG org.hibernate.SQL - 
    select
        u1_0.id,
        u1_0.contrasena_hash,
        u1_0.correo,
        u1_0.empresa,
        u1_0.estado,
        u1_0.nombre,
        u1_0.rol_id 
    from
        usuarios u1_0 
    where
        u1_0.correo=?
2026-05-23 20:47:38 [STOQ] [http-nio-8080-exec-5] DEBUG org.hibernate.SQL - 
    select
        c1_0.id,
        c1_0.descripcion,
        c1_0.estado,
        c1_0.fecha_creacion,
        c1_0.nombre 
    from
        categorias c1_0 
    where
        c1_0.id=?
2026-05-23 20:47:38 [STOQ] [http-nio-8080-exec-2] DEBUG org.hibernate.SQL - 
    select
        r1_0.id,
        r1_0.descripcion,
        r1_0.nombre 
    from
        roles r1_0 
    where
        r1_0.id=?
2026-05-23 20:47:38 [STOQ] [http-nio-8080-exec-5] DEBUG org.hibernate.SQL - 
    select
        c1_0.id,
        c1_0.descripcion,
        c1_0.estado,
        c1_0.fecha_creacion,
        c1_0.nombre 
    from
        categorias c1_0 
    where
        c1_0.id=?
2026-05-23 20:47:39 [STOQ] [http-nio-8080-exec-2] INFO  c.Proyecto.stoq.security.JwtFilter - Authenticated request for email=gerente@gmail.com role=GERENTE path=/api/productos/criticos
2026-05-23 20:47:39 [STOQ] [http-nio-8080-exec-2] DEBUG o.s.security.web.FilterChainProxy - Secured GET /api/productos/criticos
2026-05-23 20:47:39 [STOQ] [http-nio-8080-exec-2] DEBUG o.s.s.a.m.AuthorizationManagerBeforeMethodInterceptor - Authorizing method invocation ReflectiveMethodInvocation: public java.util.List com.Proyecto.stoq.adapters.controllers.ProductosController.obtenerProductosCriticos(); target is of class [com.Proyecto.stoq.adapters.controllers.ProductosController]
2026-05-23 20:47:39 [STOQ] [http-nio-8080-exec-2] DEBUG o.s.s.a.m.AuthorizationManagerBeforeMethodInterceptor - Authorized method invocation ReflectiveMethodInvocation: public java.util.List com.Proyecto.stoq.adapters.controllers.ProductosController.obtenerProductosCriticos(); target is of class [com.Proyecto.stoq.adapters.controllers.ProductosController]
2026-05-23 20:47:39 [STOQ] [http-nio-8080-exec-2] INFO  c.P.s.a.aspects.ApiLoggingAspect - [STOQ-MONITOR] ============================================================
2026-05-23 20:47:39 [STOQ] [http-nio-8080-exec-2] INFO  c.P.s.a.aspects.ApiLoggingAspect - [STOQ-MONITOR] IN  2026-05-23 20:47:39 | GET /api/productos/criticos | user=gerente@gmail.com | ip=0:0:0:0:0:0:0:1 | ua=Mozilla/5.0 (X11; Linux x86_64) AppleWebKit/537.36 (KHTML, like Gecko) Chrome/148.0.0.0 Safari/537.36
2026-05-23 20:47:39 [STOQ] [http-nio-8080-exec-2] DEBUG org.hibernate.SQL - 
    select
        u1_0.id,
        u1_0.contrasena_hash,
        u1_0.correo,
        u1_0.empresa,
        u1_0.estado,
        u1_0.nombre,
        u1_0.rol_id 
    from
        usuarios u1_0 
    where
        u1_0.correo=?
2026-05-23 20:47:39 [STOQ] [http-nio-8080-exec-2] DEBUG org.hibernate.SQL - 
    select
        r1_0.id,
        r1_0.descripcion,
        r1_0.nombre 
    from
        roles r1_0 
    where
        r1_0.id=?
2026-05-23 20:47:39 [STOQ] [http-nio-8080-exec-5] DEBUG org.hibernate.SQL - 
    select
        a1_0.id,
        a1_0.fecha,
        a1_0.leida,
        a1_0.mensaje,
        a1_0.producto_id,
        p1_0.id,
        p1_0.categoria_id,
        c1_0.id,
        c1_0.descripcion,
        c1_0.estado,
        c1_0.fecha_creacion,
        c1_0.nombre,
        p1_0.codigo,
        p1_0.empresa,
        p1_0.estado,
        p1_0.fecha_actualizacion,
        p1_0.fecha_creacion,
        p1_0.nombre,
        p1_0.stock_actual,
        p1_0.stock_minimo,
        p1_0.ubicacion,
        p1_0.unidad_id,
        a1_0.tipo 
    from
        alertas a1_0 
    join
        productos p1_0 
            on p1_0.id=a1_0.producto_id 
    join
        categorias c1_0 
            on c1_0.id=p1_0.categoria_id
2026-05-23 20:47:39 [STOQ] [http-nio-8080-exec-2] DEBUG org.hibernate.SQL - 
    select
        p1_0.id,
        p1_0.categoria_id,
        p1_0.codigo,
        p1_0.empresa,
        p1_0.estado,
        p1_0.fecha_actualizacion,
        p1_0.fecha_creacion,
        p1_0.nombre,
        p1_0.stock_actual,
        p1_0.stock_minimo,
        p1_0.ubicacion,
        p1_0.unidad_id 
    from
        productos p1_0
2026-05-23 20:47:39 [STOQ] [http-nio-8080-exec-2] DEBUG org.hibernate.SQL - 
    select
        c1_0.id,
        c1_0.descripcion,
        c1_0.estado,
        c1_0.fecha_creacion,
        c1_0.nombre 
    from
        categorias c1_0 
    where
        c1_0.id=?
2026-05-23 20:47:39 [STOQ] [http-nio-8080-exec-5] DEBUG org.hibernate.SQL - 
    select
        a1_0.id,
        a1_0.fecha,
        a1_0.leida,
        a1_0.mensaje,
        a1_0.producto_id,
        p1_0.id,
        p1_0.categoria_id,
        c1_0.id,
        c1_0.descripcion,
        c1_0.estado,
        c1_0.fecha_creacion,
        c1_0.nombre,
        p1_0.codigo,
        p1_0.empresa,
        p1_0.estado,
        p1_0.fecha_actualizacion,
        p1_0.fecha_creacion,
        p1_0.nombre,
        p1_0.stock_actual,
        p1_0.stock_minimo,
        p1_0.ubicacion,
        p1_0.unidad_id,
        a1_0.tipo 
    from
        alertas a1_0 
    join
        productos p1_0 
            on p1_0.id=a1_0.producto_id 
    join
        categorias c1_0 
            on c1_0.id=p1_0.categoria_id
2026-05-23 20:47:40 [STOQ] [http-nio-8080-exec-2] DEBUG org.hibernate.SQL - 
    select
        u1_0.id,
        u1_0.abreviatura,
        u1_0.estado,
        u1_0.nombre 
    from
        unidades u1_0 
    where
        u1_0.id=?
2026-05-23 20:47:40 [STOQ] [http-nio-8080-exec-5] INFO  c.P.s.a.aspects.ApiLoggingAspect - [STOQ-MONITOR] OUT GET /api/alertas/resumen | status=OK | time=4883 ms | endpoint=AlertaController.obtenerResumen()
2026-05-23 20:47:40 [STOQ] [http-nio-8080-exec-5] INFO  c.P.s.a.aspects.ApiLoggingAspect - [STOQ-MONITOR] ============================================================
2026-05-23 20:47:40 [STOQ] [http-nio-8080-exec-2] DEBUG org.hibernate.SQL - 
    select
        u1_0.id,
        u1_0.abreviatura,
        u1_0.estado,
        u1_0.nombre 
    from
        unidades u1_0 
    where
        u1_0.id=?
2026-05-23 20:47:40 [STOQ] [http-nio-8080-exec-2] DEBUG org.hibernate.SQL - 
    select
        u1_0.id,
        u1_0.abreviatura,
        u1_0.estado,
        u1_0.nombre 
    from
        unidades u1_0 
    where
        u1_0.id=?
2026-05-23 20:47:41 [STOQ] [http-nio-8080-exec-2] DEBUG org.hibernate.SQL - 
    select
        u1_0.id,
        u1_0.abreviatura,
        u1_0.estado,
        u1_0.nombre 
    from
        unidades u1_0 
    where
        u1_0.id=?
2026-05-23 20:47:41 [STOQ] [http-nio-8080-exec-2] DEBUG org.hibernate.SQL - 
    select
        c1_0.id,
        c1_0.descripcion,
        c1_0.estado,
        c1_0.fecha_creacion,
        c1_0.nombre 
    from
        categorias c1_0 
    where
        c1_0.id=?
2026-05-23 20:47:41 [STOQ] [http-nio-8080-exec-2] DEBUG org.hibernate.SQL - 
    select
        c1_0.id,
        c1_0.descripcion,
        c1_0.estado,
        c1_0.fecha_creacion,
        c1_0.nombre 
    from
        categorias c1_0 
    where
        c1_0.id=?
2026-05-23 20:47:42 [STOQ] [http-nio-8080-exec-2] DEBUG org.hibernate.SQL - 
    select
        c1_0.id,
        c1_0.descripcion,
        c1_0.estado,
        c1_0.fecha_creacion,
        c1_0.nombre 
    from
        categorias c1_0 
    where
        c1_0.id=?
2026-05-23 20:47:42 [STOQ] [http-nio-8080-exec-2] INFO  c.P.s.a.aspects.ApiLoggingAspect - [STOQ-MONITOR] OUT GET /api/productos/criticos | status=OK | time=3571 ms | endpoint=ProductosController.obtenerProductosCriticos()
2026-05-23 20:47:42 [STOQ] [http-nio-8080-exec-2] INFO  c.P.s.a.aspects.ApiLoggingAspect - [STOQ-MONITOR] ============================================================
2026-05-23 20:47:57 [STOQ] [http-nio-8080-exec-3] DEBUG o.s.security.web.FilterChainProxy - Securing OPTIONS /api/movimientos
2026-05-23 20:47:57 [STOQ] [http-nio-8080-exec-10] DEBUG o.s.security.web.FilterChainProxy - Securing POST /api/movimientos
2026-05-23 20:47:57 [STOQ] [http-nio-8080-exec-10] DEBUG org.hibernate.SQL - 
    select
        u1_0.id,
        u1_0.contrasena_hash,
        u1_0.correo,
        u1_0.empresa,
        u1_0.estado,
        u1_0.nombre,
        u1_0.rol_id 
    from
        usuarios u1_0 
    where
        u1_0.correo=?
2026-05-23 20:47:58 [STOQ] [http-nio-8080-exec-10] DEBUG org.hibernate.SQL - 
    select
        r1_0.id,
        r1_0.descripcion,
        r1_0.nombre 
    from
        roles r1_0 
    where
        r1_0.id=?
2026-05-23 20:47:58 [STOQ] [http-nio-8080-exec-10] INFO  c.Proyecto.stoq.security.JwtFilter - Authenticated request for email=gerente@gmail.com role=GERENTE path=/api/movimientos
2026-05-23 20:47:58 [STOQ] [http-nio-8080-exec-10] DEBUG o.s.security.web.FilterChainProxy - Secured POST /api/movimientos
2026-05-23 20:47:58 [STOQ] [http-nio-8080-exec-10] INFO  c.P.s.a.aspects.ApiLoggingAspect - [STOQ-MONITOR] ============================================================
2026-05-23 20:47:58 [STOQ] [http-nio-8080-exec-10] INFO  c.P.s.a.aspects.ApiLoggingAspect - [STOQ-MONITOR] IN  2026-05-23 20:47:58 | POST /api/movimientos | user=gerente@gmail.com | ip=0:0:0:0:0:0:0:1 | ua=Mozilla/5.0 (X11; Linux x86_64) AppleWebKit/537.36 (KHTML, like Gecko) Chrome/148.0.0.0 Safari/537.36
2026-05-23 20:47:58 [STOQ] [http-nio-8080-exec-10] DEBUG org.hibernate.SQL - 
    select
        p1_0.id,
        p1_0.categoria_id,
        c1_0.id,
        c1_0.descripcion,
        c1_0.estado,
        c1_0.fecha_creacion,
        c1_0.nombre,
        p1_0.codigo,
        p1_0.empresa,
        p1_0.estado,
        p1_0.fecha_actualizacion,
        p1_0.fecha_creacion,
        p1_0.nombre,
        p1_0.stock_actual,
        p1_0.stock_minimo,
        p1_0.ubicacion,
        p1_0.unidad_id,
        u1_0.id,
        u1_0.abreviatura,
        u1_0.estado,
        u1_0.nombre 
    from
        productos p1_0 
    join
        categorias c1_0 
            on c1_0.id=p1_0.categoria_id 
    join
        unidades u1_0 
            on u1_0.id=p1_0.unidad_id 
    where
        p1_0.id=?
2026-05-23 20:47:59 [STOQ] [http-nio-8080-exec-10] DEBUG org.hibernate.SQL - 
    select
        u1_0.id,
        u1_0.contrasena_hash,
        u1_0.correo,
        u1_0.empresa,
        u1_0.estado,
        u1_0.nombre,
        u1_0.rol_id 
    from
        usuarios u1_0 
    where
        u1_0.correo=?
2026-05-23 20:47:59 [STOQ] [http-nio-8080-exec-10] DEBUG org.hibernate.SQL - 
    select
        r1_0.id,
        r1_0.descripcion,
        r1_0.nombre 
    from
        roles r1_0 
    where
        r1_0.id=?
2026-05-23 20:47:59 [STOQ] [http-nio-8080-exec-10] INFO  c.P.s.a.s.MovimientoInventarioServiceImpl - [STOQ-BIZ] MOVIMIENTO SALIDA | productoId=3186e576-8afe-4814-ad4c-a6eaa59fd965 | cantidad=15 | stockAnterior=60 | stockResultante=45 | usuario=gerente@gmail.com
2026-05-23 20:47:59 [STOQ] [http-nio-8080-exec-10] INFO  c.P.s.a.services.AuditService - [STOQ-AUDIT] SAVE | entity=MovimientoInventario | operation=CREATE | record=1b855b9e-da8d-44a1-b9cb-2ffbe953efc4 | user=gerente@gmail.com | endpoint=POST /api/movimientos | ip=0:0:0:0:0:0:0:1
2026-05-23 20:47:59 [STOQ] [http-nio-8080-exec-10] DEBUG org.hibernate.SQL - 
    insert 
    into
        movimientos_inventario
        (cantidad, fecha_movimiento, motivo, producto_id, stock_anterior, stock_resultante, tipo_movimiento, usuario_id, id) 
    values
        (?, ?, ?, ?, ?, ?, ?, ?, ?)
2026-05-23 20:48:00 [STOQ] [http-nio-8080-exec-10] DEBUG org.hibernate.SQL - 
    insert 
    into
        audit_logs
        (cambios_anterior, cambios_nuevo, created_by, created_date, endpoint, entidad, id_registro, ip_origen, operacion, user_agent, id) 
    values
        (?, ?, ?, ?, ?, ?, ?, ?, ?, ?, ?)
2026-05-23 20:48:00 [STOQ] [http-nio-8080-exec-10] DEBUG org.hibernate.SQL - 
    update
        productos 
    set
        categoria_id=?,
        codigo=?,
        empresa=?,
        estado=?,
        fecha_actualizacion=?,
        nombre=?,
        stock_actual=?,
        stock_minimo=?,
        ubicacion=?,
        unidad_id=? 
    where
        id=?
2026-05-23 20:48:01 [STOQ] [http-nio-8080-exec-10] INFO  c.P.s.a.aspects.ApiLoggingAspect - [STOQ-MONITOR] OUT POST /api/movimientos | status=OK | time=2222 ms | endpoint=MovimientoInventarioController.crearMovimiento(..)
2026-05-23 20:48:01 [STOQ] [http-nio-8080-exec-10] INFO  c.P.s.a.aspects.ApiLoggingAspect - [STOQ-MONITOR] ============================================================
2026-05-23 20:48:01 [STOQ] [http-nio-8080-exec-7] DEBUG o.s.security.web.FilterChainProxy - Securing OPTIONS /api/productos
2026-05-23 20:48:01 [STOQ] [http-nio-8080-exec-9] DEBUG o.s.security.web.FilterChainProxy - Securing OPTIONS /api/categorias
2026-05-23 20:48:01 [STOQ] [http-nio-8080-exec-7] DEBUG o.s.security.web.FilterChainProxy - Securing OPTIONS /api/unidades
2026-05-23 20:48:01 [STOQ] [http-nio-8080-exec-4] DEBUG o.s.security.web.FilterChainProxy - Securing GET /api/productos
2026-05-23 20:48:01 [STOQ] [http-nio-8080-exec-1] DEBUG o.s.security.web.FilterChainProxy - Securing GET /api/categorias
2026-05-23 20:48:01 [STOQ] [http-nio-8080-exec-8] DEBUG o.s.security.web.FilterChainProxy - Securing GET /api/unidades
2026-05-23 20:48:01 [STOQ] [http-nio-8080-exec-4] DEBUG org.hibernate.SQL - 
    select
        u1_0.id,
        u1_0.contrasena_hash,
        u1_0.correo,
        u1_0.empresa,
        u1_0.estado,
        u1_0.nombre,
        u1_0.rol_id 
    from
        usuarios u1_0 
    where
        u1_0.correo=?
2026-05-23 20:48:01 [STOQ] [http-nio-8080-exec-1] DEBUG org.hibernate.SQL - 
    select
        u1_0.id,
        u1_0.contrasena_hash,
        u1_0.correo,
        u1_0.empresa,
        u1_0.estado,
        u1_0.nombre,
        u1_0.rol_id 
    from
        usuarios u1_0 
    where
        u1_0.correo=?
2026-05-23 20:48:01 [STOQ] [http-nio-8080-exec-8] DEBUG org.hibernate.SQL - 
    select
        u1_0.id,
        u1_0.contrasena_hash,
        u1_0.correo,
        u1_0.empresa,
        u1_0.estado,
        u1_0.nombre,
        u1_0.rol_id 
    from
        usuarios u1_0 
    where
        u1_0.correo=?
2026-05-23 20:48:01 [STOQ] [http-nio-8080-exec-8] DEBUG org.hibernate.SQL - 
    select
        r1_0.id,
        r1_0.descripcion,
        r1_0.nombre 
    from
        roles r1_0 
    where
        r1_0.id=?
2026-05-23 20:48:01 [STOQ] [http-nio-8080-exec-1] DEBUG org.hibernate.SQL - 
    select
        r1_0.id,
        r1_0.descripcion,
        r1_0.nombre 
    from
        roles r1_0 
    where
        r1_0.id=?
2026-05-23 20:48:01 [STOQ] [http-nio-8080-exec-8] INFO  c.Proyecto.stoq.security.JwtFilter - Authenticated request for email=gerente@gmail.com role=GERENTE path=/api/unidades
2026-05-23 20:48:01 [STOQ] [http-nio-8080-exec-4] DEBUG org.hibernate.SQL - 
    select
        r1_0.id,
        r1_0.descripcion,
        r1_0.nombre 
    from
        roles r1_0 
    where
        r1_0.id=?
2026-05-23 20:48:01 [STOQ] [http-nio-8080-exec-8] DEBUG o.s.security.web.FilterChainProxy - Secured GET /api/unidades
2026-05-23 20:48:01 [STOQ] [http-nio-8080-exec-8] INFO  c.P.s.a.aspects.ApiLoggingAspect - [STOQ-MONITOR] ============================================================
2026-05-23 20:48:01 [STOQ] [http-nio-8080-exec-8] INFO  c.P.s.a.aspects.ApiLoggingAspect - [STOQ-MONITOR] IN  2026-05-23 20:48:01 | GET /api/unidades | user=gerente@gmail.com | ip=0:0:0:0:0:0:0:1 | ua=Mozilla/5.0 (X11; Linux x86_64) AppleWebKit/537.36 (KHTML, like Gecko) Chrome/148.0.0.0 Safari/537.36
2026-05-23 20:48:01 [STOQ] [http-nio-8080-exec-8] DEBUG org.hibernate.SQL - 
    select
        u1_0.id,
        u1_0.abreviatura,
        u1_0.estado,
        u1_0.nombre 
    from
        unidades u1_0
2026-05-23 20:48:02 [STOQ] [http-nio-8080-exec-1] INFO  c.Proyecto.stoq.security.JwtFilter - Authenticated request for email=gerente@gmail.com role=GERENTE path=/api/categorias
2026-05-23 20:48:02 [STOQ] [http-nio-8080-exec-4] INFO  c.Proyecto.stoq.security.JwtFilter - Authenticated request for email=gerente@gmail.com role=GERENTE path=/api/productos
2026-05-23 20:48:02 [STOQ] [http-nio-8080-exec-4] DEBUG o.s.security.web.FilterChainProxy - Secured GET /api/productos
2026-05-23 20:48:02 [STOQ] [http-nio-8080-exec-1] DEBUG o.s.security.web.FilterChainProxy - Secured GET /api/categorias
2026-05-23 20:48:02 [STOQ] [http-nio-8080-exec-4] INFO  c.P.s.a.aspects.ApiLoggingAspect - [STOQ-MONITOR] ============================================================
2026-05-23 20:48:02 [STOQ] [http-nio-8080-exec-1] INFO  c.P.s.a.aspects.ApiLoggingAspect - [STOQ-MONITOR] ============================================================
2026-05-23 20:48:02 [STOQ] [http-nio-8080-exec-4] INFO  c.P.s.a.aspects.ApiLoggingAspect - [STOQ-MONITOR] IN  2026-05-23 20:48:02 | GET /api/productos | user=gerente@gmail.com | ip=0:0:0:0:0:0:0:1 | ua=Mozilla/5.0 (X11; Linux x86_64) AppleWebKit/537.36 (KHTML, like Gecko) Chrome/148.0.0.0 Safari/537.36
2026-05-23 20:48:02 [STOQ] [http-nio-8080-exec-1] INFO  c.P.s.a.aspects.ApiLoggingAspect - [STOQ-MONITOR] IN  2026-05-23 20:48:02 | GET /api/categorias | user=gerente@gmail.com | ip=0:0:0:0:0:0:0:1 | ua=Mozilla/5.0 (X11; Linux x86_64) AppleWebKit/537.36 (KHTML, like Gecko) Chrome/148.0.0.0 Safari/537.36
2026-05-23 20:48:02 [STOQ] [http-nio-8080-exec-4] DEBUG org.hibernate.SQL - 
    select
        u1_0.id,
        u1_0.contrasena_hash,
        u1_0.correo,
        u1_0.empresa,
        u1_0.estado,
        u1_0.nombre,
        u1_0.rol_id 
    from
        usuarios u1_0 
    where
        u1_0.correo=?
2026-05-23 20:48:02 [STOQ] [http-nio-8080-exec-1] DEBUG org.hibernate.SQL - 
    select
        c1_0.id,
        c1_0.descripcion,
        c1_0.estado,
        c1_0.fecha_creacion,
        c1_0.nombre 
    from
        categorias c1_0
2026-05-23 20:48:02 [STOQ] [http-nio-8080-exec-8] INFO  c.P.s.a.aspects.ApiLoggingAspect - [STOQ-MONITOR] OUT GET /api/unidades | status=OK | time=548 ms | endpoint=UnidadController.listado_unidades()
2026-05-23 20:48:02 [STOQ] [http-nio-8080-exec-8] INFO  c.P.s.a.aspects.ApiLoggingAspect - [STOQ-MONITOR] ============================================================
2026-05-23 20:48:02 [STOQ] [http-nio-8080-exec-4] DEBUG org.hibernate.SQL - 
    select
        r1_0.id,
        r1_0.descripcion,
        r1_0.nombre 
    from
        roles r1_0 
    where
        r1_0.id=?
2026-05-23 20:48:02 [STOQ] [http-nio-8080-exec-1] INFO  c.P.s.a.aspects.ApiLoggingAspect - [STOQ-MONITOR] OUT GET /api/categorias | status=OK | time=610 ms | endpoint=CategoriasController.obtenerCategorias()
2026-05-23 20:48:02 [STOQ] [http-nio-8080-exec-1] INFO  c.P.s.a.aspects.ApiLoggingAspect - [STOQ-MONITOR] ============================================================
2026-05-23 20:48:02 [STOQ] [http-nio-8080-exec-4] DEBUG org.hibernate.SQL - 
    select
        p1_0.id,
        p1_0.categoria_id,
        p1_0.codigo,
        p1_0.empresa,
        p1_0.estado,
        p1_0.fecha_actualizacion,
        p1_0.fecha_creacion,
        p1_0.nombre,
        p1_0.stock_actual,
        p1_0.stock_minimo,
        p1_0.ubicacion,
        p1_0.unidad_id 
    from
        productos p1_0
2026-05-23 20:48:02 [STOQ] [http-nio-8080-exec-4] DEBUG org.hibernate.SQL - 
    select
        c1_0.id,
        c1_0.descripcion,
        c1_0.estado,
        c1_0.fecha_creacion,
        c1_0.nombre 
    from
        categorias c1_0 
    where
        c1_0.id=?
2026-05-23 20:48:03 [STOQ] [http-nio-8080-exec-4] DEBUG org.hibernate.SQL - 
    select
        u1_0.id,
        u1_0.abreviatura,
        u1_0.estado,
        u1_0.nombre 
    from
        unidades u1_0 
    where
        u1_0.id=?
2026-05-23 20:48:03 [STOQ] [http-nio-8080-exec-4] DEBUG org.hibernate.SQL - 
    select
        u1_0.id,
        u1_0.abreviatura,
        u1_0.estado,
        u1_0.nombre 
    from
        unidades u1_0 
    where
        u1_0.id=?
2026-05-23 20:48:03 [STOQ] [http-nio-8080-exec-4] DEBUG org.hibernate.SQL - 
    select
        u1_0.id,
        u1_0.abreviatura,
        u1_0.estado,
        u1_0.nombre 
    from
        unidades u1_0 
    where
        u1_0.id=?
2026-05-23 20:48:04 [STOQ] [http-nio-8080-exec-4] DEBUG org.hibernate.SQL - 
    select
        u1_0.id,
        u1_0.abreviatura,
        u1_0.estado,
        u1_0.nombre 
    from
        unidades u1_0 
    where
        u1_0.id=?
2026-05-23 20:48:04 [STOQ] [http-nio-8080-exec-4] DEBUG org.hibernate.SQL - 
    select
        c1_0.id,
        c1_0.descripcion,
        c1_0.estado,
        c1_0.fecha_creacion,
        c1_0.nombre 
    from
        categorias c1_0 
    where
        c1_0.id=?
2026-05-23 20:48:04 [STOQ] [http-nio-8080-exec-4] DEBUG org.hibernate.SQL - 
    select
        c1_0.id,
        c1_0.descripcion,
        c1_0.estado,
        c1_0.fecha_creacion,
        c1_0.nombre 
    from
        categorias c1_0 
    where
        c1_0.id=?
2026-05-23 20:48:05 [STOQ] [http-nio-8080-exec-4] DEBUG org.hibernate.SQL - 
    select
        c1_0.id,
        c1_0.descripcion,
        c1_0.estado,
        c1_0.fecha_creacion,
        c1_0.nombre 
    from
        categorias c1_0 
    where
        c1_0.id=?
2026-05-23 20:48:05 [STOQ] [http-nio-8080-exec-4] INFO  c.P.s.a.aspects.ApiLoggingAspect - [STOQ-MONITOR] OUT GET /api/productos | status=OK | time=3579 ms | endpoint=ProductosController.obtenerProductos()
2026-05-23 20:48:05 [STOQ] [http-nio-8080-exec-4] INFO  c.P.s.a.aspects.ApiLoggingAspect - [STOQ-MONITOR] ============================================================
2026-05-23 20:48:19 [STOQ] [http-nio-8080-exec-7] DEBUG o.s.security.web.FilterChainProxy - Securing OPTIONS /api/reportes/categorias?inicio=2026-04-24&fin=2026-05-23
2026-05-23 20:48:19 [STOQ] [http-nio-8080-exec-8] DEBUG o.s.security.web.FilterChainProxy - Securing GET /api/reportes/categorias?inicio=2026-04-24&fin=2026-05-23
2026-05-23 20:48:19 [STOQ] [http-nio-8080-exec-8] DEBUG org.hibernate.SQL - 
    select
        u1_0.id,
        u1_0.contrasena_hash,
        u1_0.correo,
        u1_0.empresa,
        u1_0.estado,
        u1_0.nombre,
        u1_0.rol_id 
    from
        usuarios u1_0 
    where
        u1_0.correo=?
2026-05-23 20:48:19 [STOQ] [http-nio-8080-exec-8] DEBUG org.hibernate.SQL - 
    select
        r1_0.id,
        r1_0.descripcion,
        r1_0.nombre 
    from
        roles r1_0 
    where
        r1_0.id=?
2026-05-23 20:48:20 [STOQ] [http-nio-8080-exec-8] INFO  c.Proyecto.stoq.security.JwtFilter - Authenticated request for email=gerente@gmail.com role=GERENTE path=/api/reportes/categorias
2026-05-23 20:48:20 [STOQ] [http-nio-8080-exec-8] DEBUG o.s.security.web.FilterChainProxy - Secured GET /api/reportes/categorias?inicio=2026-04-24&fin=2026-05-23
2026-05-23 20:48:20 [STOQ] [http-nio-8080-exec-8] INFO  c.P.s.a.aspects.ApiLoggingAspect - [STOQ-MONITOR] ============================================================
2026-05-23 20:48:20 [STOQ] [http-nio-8080-exec-8] INFO  c.P.s.a.aspects.ApiLoggingAspect - [STOQ-MONITOR] IN  2026-05-23 20:48:20 | GET /api/reportes/categorias | user=gerente@gmail.com | ip=0:0:0:0:0:0:0:1 | ua=Mozilla/5.0 (X11; Linux x86_64) AppleWebKit/537.36 (KHTML, like Gecko) Chrome/148.0.0.0 Safari/537.36
2026-05-23 20:48:20 [STOQ] [http-nio-8080-exec-8] DEBUG org.hibernate.SQL - 
    select
        u1_0.id,
        u1_0.contrasena_hash,
        u1_0.correo,
        u1_0.empresa,
        u1_0.estado,
        u1_0.nombre,
        u1_0.rol_id 
    from
        usuarios u1_0 
    where
        u1_0.correo=?
2026-05-23 20:48:20 [STOQ] [http-nio-8080-exec-8] DEBUG org.hibernate.SQL - 
    select
        r1_0.id,
        r1_0.descripcion,
        r1_0.nombre 
    from
        roles r1_0 
    where
        r1_0.id=?
2026-05-23 20:48:20 [STOQ] [http-nio-8080-exec-8] DEBUG org.hibernate.SQL - 
    select
        c1_0.id,
        c1_0.nombre,
        count(p1_0.id),
        coalesce(sum(coalesce(p1_0.stock_actual, 0)), cast(0 as bigint)),
        coalesce(sum(coalesce(p1_0.stock_minimo, 0)), cast(0 as bigint)),
        cast(0 as bigint),
        cast(0 as bigint),
        cast(0 as bigint),
        cast(0 as bigint),
        cast(0 as bigint),
        cast(0 as bigint) 
    from
        productos p1_0 
    join
        categorias c1_0 
            on c1_0.id=p1_0.categoria_id 
    where
        p1_0.empresa=? 
        and p1_0.estado=true 
    group by
        c1_0.id,
        c1_0.nombre 
    order by
        c1_0.nombre
2026-05-23 20:48:21 [STOQ] [http-nio-8080-exec-8] DEBUG org.hibernate.SQL - 
    select
        c1_0.id,
        c1_0.nombre,
        cast(0 as bigint),
        cast(0 as bigint),
        cast(0 as bigint),
        count(mi1_0.id),
        coalesce(sum(mi1_0.cantidad), cast(0 as bigint)),
        coalesce(sum(case 
            when upper(mi1_0.tipo_movimiento)='ENTRADA' 
                then 1 
            else 0 
    end), cast(0 as bigint)),
    coalesce(sum(case 
        when upper(mi1_0.tipo_movimiento)='SALIDA' 
            then 1 
        else 0 
end), cast(0 as bigint)),
coalesce(sum(case 
    when upper(mi1_0.tipo_movimiento)='ENTRADA' 
        then mi1_0.cantidad 
    else 0 
end), cast(0 as bigint)),
coalesce(sum(case 
    when upper(mi1_0.tipo_movimiento)='SALIDA' 
        then mi1_0.cantidad 
    else 0 
end), cast(0 as bigint)) 
from
    movimientos_inventario mi1_0 
join
    productos p1_0 
        on p1_0.id=mi1_0.producto_id 
join
    categorias c1_0 
        on c1_0.id=p1_0.categoria_id 
where
    p1_0.empresa=? 
    and mi1_0.fecha_movimiento between ? and ? 
group by
    c1_0.id,
    c1_0.nombre 
order by
    c1_0.nombre
2026-05-23 20:48:21 [STOQ] [http-nio-8080-exec-8] INFO  c.P.s.a.aspects.ApiLoggingAspect - [STOQ-MONITOR] OUT GET /api/reportes/categorias | status=OK | time=1483 ms | endpoint=ReportesController.obtenerReporteCategorias(..)
2026-05-23 20:48:21 [STOQ] [http-nio-8080-exec-8] INFO  c.P.s.a.aspects.ApiLoggingAspect - [STOQ-MONITOR] ============================================================
2026-05-23 21:06:16 [STOQ] [SpringApplicationShutdownHook] INFO  o.s.boot.tomcat.GracefulShutdown - Commencing graceful shutdown. Waiting for active requests to complete
2026-05-23 21:06:17 [STOQ] [tomcat-shutdown] INFO  o.s.boot.tomcat.GracefulShutdown - Graceful shutdown complete
2026-05-23 21:06:17 [STOQ] [SpringApplicationShutdownHook] INFO  o.s.o.j.LocalContainerEntityManagerFactoryBean - Closing JPA EntityManagerFactory for persistence unit 'default'
2026-05-23 21:06:17 [STOQ] [SpringApplicationShutdownHook] INFO  com.zaxxer.hikari.HikariDataSource - HikariPool-1 - Shutdown initiated...
2026-05-23 21:06:19 [STOQ] [SpringApplicationShutdownHook] INFO  com.zaxxer.hikari.HikariDataSource - HikariPool-1 - Shutdown completed.
2026-05-23 21:15:07 [STOQ] [restartedMain] INFO  com.Proyecto.stoq.StoqApplication - Starting StoqApplication using Java 25 with PID 59682 (/home/robert/Documents/TallerSisInfo/Stoq-backend/build/classes/java/main started by robert in /home/robert/Documents/TallerSisInfo/Stoq-backend)
2026-05-23 21:15:07 [STOQ] [restartedMain] DEBUG com.Proyecto.stoq.StoqApplication - Running with Spring Boot v4.0.3, Spring v7.0.5
2026-05-23 21:15:07 [STOQ] [restartedMain] INFO  com.Proyecto.stoq.StoqApplication - No active profile set, falling back to 1 default profile: "default"
2026-05-23 21:15:07 [STOQ] [restartedMain] INFO  o.s.b.d.e.DevToolsPropertyDefaultsPostProcessor - Devtools property defaults active! Set 'spring.devtools.add-properties' to 'false' to disable
2026-05-23 21:15:07 [STOQ] [restartedMain] INFO  o.s.b.d.e.DevToolsPropertyDefaultsPostProcessor - For additional web related logging consider setting the 'logging.level.web' property to 'DEBUG'
2026-05-23 21:15:11 [STOQ] [restartedMain] INFO  o.s.d.r.c.RepositoryConfigurationDelegate - Bootstrapping Spring Data JPA repositories in DEFAULT mode.
2026-05-23 21:15:11 [STOQ] [restartedMain] INFO  o.s.d.r.c.RepositoryConfigurationDelegate - Finished Spring Data repository scanning in 215 ms. Found 9 JPA repository interfaces.
2026-05-23 21:15:14 [STOQ] [restartedMain] INFO  o.s.boot.tomcat.TomcatWebServer - Tomcat initialized with port 8080 (http)
2026-05-23 21:15:14 [STOQ] [restartedMain] INFO  o.a.catalina.core.StandardService - Starting service [Tomcat]
2026-05-23 21:15:14 [STOQ] [restartedMain] INFO  o.a.catalina.core.StandardEngine - Starting Servlet engine: [Apache Tomcat/11.0.18]
2026-05-23 21:15:15 [STOQ] [restartedMain] INFO  o.s.b.w.c.s.WebApplicationContextInitializer - Root WebApplicationContext: initialization completed in 7682 ms
2026-05-23 21:15:16 [STOQ] [restartedMain] INFO  org.hibernate.orm.jpa - HHH008540: Processing PersistenceUnitInfo [name: default]
2026-05-23 21:15:16 [STOQ] [restartedMain] INFO  org.hibernate.orm.core - HHH000001: Hibernate ORM core version 7.2.4.Final
2026-05-23 21:15:18 [STOQ] [restartedMain] INFO  o.s.o.j.p.SpringPersistenceUnitInfo - No LoadTimeWeaver setup: ignoring JPA class transformer
2026-05-23 21:15:18 [STOQ] [restartedMain] INFO  com.zaxxer.hikari.HikariDataSource - HikariPool-1 - Starting...
2026-05-23 21:15:22 [STOQ] [restartedMain] INFO  com.zaxxer.hikari.pool.HikariPool - HikariPool-1 - Added connection org.postgresql.jdbc.PgConnection@70a628a5
2026-05-23 21:15:22 [STOQ] [restartedMain] INFO  com.zaxxer.hikari.HikariDataSource - HikariPool-1 - Start completed.
2026-05-23 21:15:22 [STOQ] [restartedMain] WARN  org.hibernate.orm.deprecation - HHH90000025: PostgreSQLDialect does not need to be specified explicitly using 'hibernate.dialect' (remove the property setting and it will be selected by default)
2026-05-23 21:15:23 [STOQ] [restartedMain] INFO  o.hibernate.orm.connections.pooling - HHH10001005: Database info:
	Database JDBC URL [jdbc:postgresql://aws-0-us-west-2.pooler.supabase.com:5432/postgres?sslmode=require]
	Database driver: PostgreSQL JDBC Driver
	Database dialect: PostgreSQLDialect
	Database version: 17.6
	Default catalog/schema: postgres/public
	Autocommit mode: undefined/unknown
	Isolation level: READ_COMMITTED [default READ_COMMITTED]
	JDBC fetch size: none
	Pool: DataSourceConnectionProvider
	Minimum pool size: undefined/unknown
	Maximum pool size: undefined/unknown
2026-05-23 21:15:28 [STOQ] [restartedMain] INFO  org.hibernate.orm.core - HHH000489: No JTA platform available (set 'hibernate.transaction.jta.platform' to enable JTA platform integration)
2026-05-23 21:15:30 [STOQ] [restartedMain] INFO  o.s.o.j.LocalContainerEntityManagerFactoryBean - Initialized JPA EntityManagerFactory for persistence unit 'default'
2026-05-23 21:15:30 [STOQ] [restartedMain] INFO  o.s.d.j.r.q.QueryEnhancerFactories - Hibernate is in classpath; If applicable, HQL parser will be used.
2026-05-23 21:15:31 [STOQ] [restartedMain] DEBUG c.Proyecto.stoq.security.JwtFilter - Filter 'jwtFilter' configured for use
2026-05-23 21:15:41 [STOQ] [restartedMain] WARN  o.s.b.j.a.JpaBaseConfiguration$JpaWebConfiguration - spring.jpa.open-in-view is enabled by default. Therefore, database queries may be performed during view rendering. Explicitly configure spring.jpa.open-in-view to disable this warning
2026-05-23 21:15:42 [STOQ] [restartedMain] WARN  o.s.b.s.a.UserDetailsServiceAutoConfiguration - 

Using generated security password: 874c1e80-7a0f-40a3-8c9f-34b6f71c1f11

This generated password is for development use only. Your security configuration must be updated before running your application in production.

2026-05-23 21:15:42 [STOQ] [restartedMain] INFO  o.s.s.c.a.a.c.InitializeUserDetailsBeanManagerConfigurer$InitializeUserDetailsManagerConfigurer - Global AuthenticationManager configured with UserDetailsService bean with name inMemoryUserDetailsManager
2026-05-23 21:15:42 [STOQ] [restartedMain] DEBUG o.s.s.web.DefaultSecurityFilterChain - Will secure any request with filters: DisableEncodeUrlFilter, WebAsyncManagerIntegrationFilter, SecurityContextHolderFilter, HeaderWriterFilter, CorsFilter, LogoutFilter, JwtFilter, RequestCacheAwareFilter, SecurityContextHolderAwareRequestFilter, AnonymousAuthenticationFilter, ExceptionTranslationFilter, AuthorizationFilter
2026-05-23 21:15:46 [STOQ] [restartedMain] INFO  o.s.b.a.e.web.EndpointLinksResolver - Exposing 6 endpoints beneath base path '/actuator'
2026-05-23 21:15:47 [STOQ] [restartedMain] INFO  o.s.boot.tomcat.TomcatWebServer - Tomcat started on port 8080 (http) with context path '/'
2026-05-23 21:15:47 [STOQ] [restartedMain] INFO  com.Proyecto.stoq.StoqApplication - Started StoqApplication in 41.385 seconds (process running for 45.023)
2026-05-23 21:15:48 [STOQ] [restartedMain] DEBUG org.hibernate.SQL - 
    select
        r1_0.id,
        r1_0.descripcion,
        r1_0.nombre 
    from
        roles r1_0 
    where
        r1_0.nombre=?
2026-05-23 21:15:48 [STOQ] [restartedMain] DEBUG org.hibernate.SQL - 
    select
        r1_0.id,
        r1_0.descripcion,
        r1_0.nombre 
    from
        roles r1_0 
    where
        r1_0.id=?
2026-05-23 21:15:49 [STOQ] [restartedMain] INFO  c.P.s.i.config.DataInitializer - [STOQ-SEED] Rol sincronizado: ADMIN
2026-05-23 21:15:49 [STOQ] [restartedMain] DEBUG org.hibernate.SQL - 
    select
        r1_0.id,
        r1_0.descripcion,
        r1_0.nombre 
    from
        roles r1_0 
    where
        r1_0.nombre=?
2026-05-23 21:15:49 [STOQ] [restartedMain] DEBUG org.hibernate.SQL - 
    select
        r1_0.id,
        r1_0.descripcion,
        r1_0.nombre 
    from
        roles r1_0 
    where
        r1_0.id=?
2026-05-23 21:15:50 [STOQ] [restartedMain] INFO  c.P.s.i.config.DataInitializer - [STOQ-SEED] Rol sincronizado: OPERADOR
2026-05-23 21:15:50 [STOQ] [restartedMain] DEBUG org.hibernate.SQL - 
    select
        r1_0.id,
        r1_0.descripcion,
        r1_0.nombre 
    from
        roles r1_0 
    where
        r1_0.nombre=?
2026-05-23 21:15:50 [STOQ] [restartedMain] DEBUG org.hibernate.SQL - 
    select
        r1_0.id,
        r1_0.descripcion,
        r1_0.nombre 
    from
        roles r1_0 
    where
        r1_0.id=?
2026-05-23 21:15:51 [STOQ] [restartedMain] INFO  c.P.s.i.config.DataInitializer - [STOQ-SEED] Rol sincronizado: GERENTE
2026-05-23 21:17:20 [STOQ] [http-nio-8080-exec-1] INFO  o.a.c.c.C.[Tomcat].[localhost].[/] - Initializing Spring DispatcherServlet 'dispatcherServlet'
2026-05-23 21:17:20 [STOQ] [http-nio-8080-exec-1] INFO  o.s.web.servlet.DispatcherServlet - Initializing Servlet 'dispatcherServlet'
2026-05-23 21:17:20 [STOQ] [http-nio-8080-exec-1] INFO  o.s.web.servlet.DispatcherServlet - Completed initialization in 7 ms
2026-05-23 21:17:20 [STOQ] [http-nio-8080-exec-1] DEBUG o.s.security.web.FilterChainProxy - Securing OPTIONS /api/reportes/categorias?inicio=2026-04-24&fin=2026-05-23
2026-05-23 21:17:21 [STOQ] [http-nio-8080-exec-2] DEBUG o.s.security.web.FilterChainProxy - Securing GET /api/reportes/categorias?inicio=2026-04-24&fin=2026-05-23
2026-05-23 21:17:22 [STOQ] [http-nio-8080-exec-2] DEBUG org.hibernate.SQL - 
    select
        u1_0.id,
        u1_0.contrasena_hash,
        u1_0.correo,
        u1_0.empresa,
        u1_0.estado,
        u1_0.nombre,
        u1_0.rol_id 
    from
        usuarios u1_0 
    where
        u1_0.correo=?
2026-05-23 21:17:23 [STOQ] [http-nio-8080-exec-2] DEBUG org.hibernate.SQL - 
    select
        r1_0.id,
        r1_0.descripcion,
        r1_0.nombre 
    from
        roles r1_0 
    where
        r1_0.id=?
2026-05-23 21:17:23 [STOQ] [http-nio-8080-exec-2] INFO  c.Proyecto.stoq.security.JwtFilter - Authenticated request for email=gerente@gmail.com role=GERENTE path=/api/reportes/categorias
2026-05-23 21:17:23 [STOQ] [http-nio-8080-exec-2] DEBUG o.s.security.web.FilterChainProxy - Secured GET /api/reportes/categorias?inicio=2026-04-24&fin=2026-05-23
2026-05-23 21:17:24 [STOQ] [http-nio-8080-exec-2] INFO  c.P.s.a.aspects.ApiLoggingAspect - [STOQ-MONITOR] ============================================================
2026-05-23 21:17:24 [STOQ] [http-nio-8080-exec-2] INFO  c.P.s.a.aspects.ApiLoggingAspect - [STOQ-MONITOR] IN  2026-05-23 21:17:24 | GET /api/reportes/categorias | user=gerente@gmail.com | ip=0:0:0:0:0:0:0:1 | ua=Mozilla/5.0 (X11; Linux x86_64) AppleWebKit/537.36 (KHTML, like Gecko) Chrome/148.0.0.0 Safari/537.36
2026-05-23 21:17:24 [STOQ] [http-nio-8080-exec-2] DEBUG org.hibernate.SQL - 
    select
        u1_0.id,
        u1_0.contrasena_hash,
        u1_0.correo,
        u1_0.empresa,
        u1_0.estado,
        u1_0.nombre,
        u1_0.rol_id 
    from
        usuarios u1_0 
    where
        u1_0.correo=?
2026-05-23 21:17:24 [STOQ] [http-nio-8080-exec-2] DEBUG org.hibernate.SQL - 
    select
        r1_0.id,
        r1_0.descripcion,
        r1_0.nombre 
    from
        roles r1_0 
    where
        r1_0.id=?
2026-05-23 21:17:25 [STOQ] [http-nio-8080-exec-2] DEBUG org.hibernate.SQL - 
    select
        c1_0.id,
        c1_0.nombre,
        count(p1_0.id),
        coalesce(sum(coalesce(p1_0.stock_actual, 0)), cast(0 as bigint)),
        coalesce(sum(coalesce(p1_0.stock_minimo, 0)), cast(0 as bigint)),
        cast(0 as bigint),
        cast(0 as bigint),
        cast(0 as bigint),
        cast(0 as bigint),
        cast(0 as bigint),
        cast(0 as bigint) 
    from
        productos p1_0 
    join
        categorias c1_0 
            on c1_0.id=p1_0.categoria_id 
    where
        p1_0.empresa=? 
        and p1_0.estado=true 
    group by
        c1_0.id,
        c1_0.nombre 
    order by
        c1_0.nombre
2026-05-23 21:17:25 [STOQ] [http-nio-8080-exec-2] DEBUG org.hibernate.SQL - 
    select
        c1_0.id,
        c1_0.nombre,
        cast(0 as bigint),
        cast(0 as bigint),
        cast(0 as bigint),
        count(mi1_0.id),
        coalesce(sum(mi1_0.cantidad), cast(0 as bigint)),
        coalesce(sum(case 
            when upper(mi1_0.tipo_movimiento)='ENTRADA' 
                then 1 
            else 0 
    end), cast(0 as bigint)),
    coalesce(sum(case 
        when upper(mi1_0.tipo_movimiento)='SALIDA' 
            then 1 
        else 0 
end), cast(0 as bigint)),
coalesce(sum(case 
    when upper(mi1_0.tipo_movimiento)='ENTRADA' 
        then mi1_0.cantidad 
    else 0 
end), cast(0 as bigint)),
coalesce(sum(case 
    when upper(mi1_0.tipo_movimiento)='SALIDA' 
        then mi1_0.cantidad 
    else 0 
end), cast(0 as bigint)) 
from
    movimientos_inventario mi1_0 
join
    productos p1_0 
        on p1_0.id=mi1_0.producto_id 
join
    categorias c1_0 
        on c1_0.id=p1_0.categoria_id 
where
    p1_0.empresa=? 
    and mi1_0.fecha_movimiento between ? and ? 
group by
    c1_0.id,
    c1_0.nombre 
order by
    c1_0.nombre
2026-05-23 21:17:26 [STOQ] [http-nio-8080-exec-2] INFO  c.P.s.a.aspects.ApiLoggingAspect - [STOQ-MONITOR] OUT GET /api/reportes/categorias | status=OK | time=2123 ms | endpoint=ReportesController.obtenerReporteCategorias(..)
2026-05-23 21:17:26 [STOQ] [http-nio-8080-exec-2] INFO  c.P.s.a.aspects.ApiLoggingAspect - [STOQ-MONITOR] ============================================================
2026-05-23 21:18:33 [STOQ] [http-nio-8080-exec-4] DEBUG o.s.security.web.FilterChainProxy - Securing OPTIONS /api/reportes/categorias?inicio=2026-04-24&fin=2026-05-23
2026-05-23 21:18:33 [STOQ] [http-nio-8080-exec-5] DEBUG o.s.security.web.FilterChainProxy - Securing GET /api/reportes/categorias?inicio=2026-04-24&fin=2026-05-23
2026-05-23 21:18:33 [STOQ] [http-nio-8080-exec-5] DEBUG org.hibernate.SQL - 
    select
        u1_0.id,
        u1_0.contrasena_hash,
        u1_0.correo,
        u1_0.empresa,
        u1_0.estado,
        u1_0.nombre,
        u1_0.rol_id 
    from
        usuarios u1_0 
    where
        u1_0.correo=?
2026-05-23 21:18:33 [STOQ] [http-nio-8080-exec-5] DEBUG org.hibernate.SQL - 
    select
        r1_0.id,
        r1_0.descripcion,
        r1_0.nombre 
    from
        roles r1_0 
    where
        r1_0.id=?
2026-05-23 21:18:34 [STOQ] [http-nio-8080-exec-5] INFO  c.Proyecto.stoq.security.JwtFilter - Authenticated request for email=gerente@gmail.com role=GERENTE path=/api/reportes/categorias
2026-05-23 21:18:34 [STOQ] [http-nio-8080-exec-5] DEBUG o.s.security.web.FilterChainProxy - Secured GET /api/reportes/categorias?inicio=2026-04-24&fin=2026-05-23
2026-05-23 21:18:34 [STOQ] [http-nio-8080-exec-5] INFO  c.P.s.a.aspects.ApiLoggingAspect - [STOQ-MONITOR] ============================================================
2026-05-23 21:18:34 [STOQ] [http-nio-8080-exec-5] INFO  c.P.s.a.aspects.ApiLoggingAspect - [STOQ-MONITOR] IN  2026-05-23 21:18:34 | GET /api/reportes/categorias | user=gerente@gmail.com | ip=0:0:0:0:0:0:0:1 | ua=Mozilla/5.0 (X11; Linux x86_64) AppleWebKit/537.36 (KHTML, like Gecko) Chrome/148.0.0.0 Safari/537.36
2026-05-23 21:18:34 [STOQ] [http-nio-8080-exec-5] DEBUG org.hibernate.SQL - 
    select
        u1_0.id,
        u1_0.contrasena_hash,
        u1_0.correo,
        u1_0.empresa,
        u1_0.estado,
        u1_0.nombre,
        u1_0.rol_id 
    from
        usuarios u1_0 
    where
        u1_0.correo=?
2026-05-23 21:18:34 [STOQ] [http-nio-8080-exec-5] DEBUG org.hibernate.SQL - 
    select
        r1_0.id,
        r1_0.descripcion,
        r1_0.nombre 
    from
        roles r1_0 
    where
        r1_0.id=?
2026-05-23 21:18:34 [STOQ] [http-nio-8080-exec-5] DEBUG org.hibernate.SQL - 
    select
        c1_0.id,
        c1_0.nombre,
        count(p1_0.id),
        coalesce(sum(coalesce(p1_0.stock_actual, 0)), cast(0 as bigint)),
        coalesce(sum(coalesce(p1_0.stock_minimo, 0)), cast(0 as bigint)),
        cast(0 as bigint),
        cast(0 as bigint),
        cast(0 as bigint),
        cast(0 as bigint),
        cast(0 as bigint),
        cast(0 as bigint) 
    from
        productos p1_0 
    join
        categorias c1_0 
            on c1_0.id=p1_0.categoria_id 
    where
        p1_0.empresa=? 
        and p1_0.estado=true 
    group by
        c1_0.id,
        c1_0.nombre 
    order by
        c1_0.nombre
2026-05-23 21:18:35 [STOQ] [http-nio-8080-exec-5] DEBUG org.hibernate.SQL - 
    select
        c1_0.id,
        c1_0.nombre,
        cast(0 as bigint),
        cast(0 as bigint),
        cast(0 as bigint),
        count(mi1_0.id),
        coalesce(sum(mi1_0.cantidad), cast(0 as bigint)),
        coalesce(sum(case 
            when upper(mi1_0.tipo_movimiento)='ENTRADA' 
                then 1 
            else 0 
    end), cast(0 as bigint)),
    coalesce(sum(case 
        when upper(mi1_0.tipo_movimiento)='SALIDA' 
            then 1 
        else 0 
end), cast(0 as bigint)),
coalesce(sum(case 
    when upper(mi1_0.tipo_movimiento)='ENTRADA' 
        then mi1_0.cantidad 
    else 0 
end), cast(0 as bigint)),
coalesce(sum(case 
    when upper(mi1_0.tipo_movimiento)='SALIDA' 
        then mi1_0.cantidad 
    else 0 
end), cast(0 as bigint)) 
from
    movimientos_inventario mi1_0 
join
    productos p1_0 
        on p1_0.id=mi1_0.producto_id 
join
    categorias c1_0 
        on c1_0.id=p1_0.categoria_id 
where
    p1_0.empresa=? 
    and mi1_0.fecha_movimiento between ? and ? 
group by
    c1_0.id,
    c1_0.nombre 
order by
    c1_0.nombre
2026-05-23 21:18:35 [STOQ] [http-nio-8080-exec-5] INFO  c.P.s.a.aspects.ApiLoggingAspect - [STOQ-MONITOR] OUT GET /api/reportes/categorias | status=OK | time=1427 ms | endpoint=ReportesController.obtenerReporteCategorias(..)
2026-05-23 21:18:35 [STOQ] [http-nio-8080-exec-5] INFO  c.P.s.a.aspects.ApiLoggingAspect - [STOQ-MONITOR] ============================================================
2026-05-23 21:18:53 [STOQ] [http-nio-8080-exec-6] DEBUG o.s.security.web.FilterChainProxy - Securing OPTIONS /api/auth/login
2026-05-23 21:18:53 [STOQ] [http-nio-8080-exec-7] DEBUG o.s.security.web.FilterChainProxy - Securing POST /api/auth/login
2026-05-23 21:18:53 [STOQ] [http-nio-8080-exec-7] DEBUG c.Proyecto.stoq.security.JwtFilter - No Authorization header present or not Bearer - path=/api/auth/login
2026-05-23 21:18:53 [STOQ] [http-nio-8080-exec-7] DEBUG o.s.security.web.FilterChainProxy - Secured POST /api/auth/login
2026-05-23 21:18:53 [STOQ] [http-nio-8080-exec-7] DEBUG o.s.s.w.a.AnonymousAuthenticationFilter - Set SecurityContextHolder to anonymous SecurityContext
2026-05-23 21:18:53 [STOQ] [http-nio-8080-exec-7] INFO  c.P.s.a.aspects.ApiLoggingAspect - [STOQ-MONITOR] ============================================================
2026-05-23 21:18:53 [STOQ] [http-nio-8080-exec-7] INFO  c.P.s.a.aspects.ApiLoggingAspect - [STOQ-MONITOR] IN  2026-05-23 21:18:53 | POST /api/auth/login | user=ANONYMOUS | ip=0:0:0:0:0:0:0:1 | ua=Mozilla/5.0 (X11; Linux x86_64) AppleWebKit/537.36 (KHTML, like Gecko) Chrome/148.0.0.0 Safari/537.36
2026-05-23 21:18:53 [STOQ] [http-nio-8080-exec-7] DEBUG org.hibernate.SQL - 
    select
        u1_0.id,
        u1_0.contrasena_hash,
        u1_0.correo,
        u1_0.empresa,
        u1_0.estado,
        u1_0.nombre,
        u1_0.rol_id 
    from
        usuarios u1_0 
    where
        u1_0.correo=?
2026-05-23 21:18:54 [STOQ] [http-nio-8080-exec-7] DEBUG org.hibernate.SQL - 
    select
        r1_0.id,
        r1_0.descripcion,
        r1_0.nombre 
    from
        roles r1_0 
    where
        r1_0.id=?
2026-05-23 21:18:54 [STOQ] [http-nio-8080-exec-7] INFO  c.P.s.a.services.UsuarioServiceImpl - [STOQ-BIZ] LOGIN Usuario | correo=gerente@gmail.com | rol=GERENTE
2026-05-23 21:18:55 [STOQ] [http-nio-8080-exec-7] DEBUG org.hibernate.SQL - 
    insert 
    into
        audit_logs
        (cambios_anterior, cambios_nuevo, created_by, created_date, endpoint, entidad, id_registro, ip_origen, operacion, user_agent, id) 
    values
        (?, ?, ?, ?, ?, ?, ?, ?, ?, ?, ?)
2026-05-23 21:18:55 [STOQ] [http-nio-8080-exec-7] INFO  c.P.s.a.services.AuditService - [STOQ-AUDIT] SAVE | entity=Usuario | operation=LOGIN | record=05faf721-dbef-4f23-803b-8b3df1f17acf | user=SYSTEM | endpoint=POST /api/auth/login | ip=0:0:0:0:0:0:0:1
2026-05-23 21:18:55 [STOQ] [http-nio-8080-exec-7] INFO  c.P.s.a.aspects.ApiLoggingAspect - [STOQ-MONITOR] OUT POST /api/auth/login | status=OK | time=2343 ms | endpoint=AuthController.login(..)
2026-05-23 21:18:55 [STOQ] [http-nio-8080-exec-7] INFO  c.P.s.a.aspects.ApiLoggingAspect - [STOQ-MONITOR] ============================================================
2026-05-23 21:18:55 [STOQ] [http-nio-8080-exec-8] DEBUG o.s.security.web.FilterChainProxy - Securing OPTIONS /api/usuarios/me
2026-05-23 21:18:55 [STOQ] [http-nio-8080-exec-9] DEBUG o.s.security.web.FilterChainProxy - Securing GET /api/usuarios/me
2026-05-23 21:18:56 [STOQ] [http-nio-8080-exec-9] DEBUG org.hibernate.SQL - 
    select
        u1_0.id,
        u1_0.contrasena_hash,
        u1_0.correo,
        u1_0.empresa,
        u1_0.estado,
        u1_0.nombre,
        u1_0.rol_id 
    from
        usuarios u1_0 
    where
        u1_0.correo=?
2026-05-23 21:18:56 [STOQ] [http-nio-8080-exec-9] DEBUG org.hibernate.SQL - 
    select
        r1_0.id,
        r1_0.descripcion,
        r1_0.nombre 
    from
        roles r1_0 
    where
        r1_0.id=?
2026-05-23 21:18:56 [STOQ] [http-nio-8080-exec-9] INFO  c.Proyecto.stoq.security.JwtFilter - Authenticated request for email=gerente@gmail.com role=GERENTE path=/api/usuarios/me
2026-05-23 21:18:56 [STOQ] [http-nio-8080-exec-9] DEBUG o.s.security.web.FilterChainProxy - Secured GET /api/usuarios/me
2026-05-23 21:18:56 [STOQ] [http-nio-8080-exec-9] INFO  c.P.s.a.aspects.ApiLoggingAspect - [STOQ-MONITOR] ============================================================
2026-05-23 21:18:56 [STOQ] [http-nio-8080-exec-9] INFO  c.P.s.a.aspects.ApiLoggingAspect - [STOQ-MONITOR] IN  2026-05-23 21:18:56 | GET /api/usuarios/me | user=gerente@gmail.com | ip=0:0:0:0:0:0:0:1 | ua=Mozilla/5.0 (X11; Linux x86_64) AppleWebKit/537.36 (KHTML, like Gecko) Chrome/148.0.0.0 Safari/537.36
2026-05-23 21:18:56 [STOQ] [http-nio-8080-exec-9] DEBUG org.hibernate.SQL - 
    select
        u1_0.id,
        u1_0.contrasena_hash,
        u1_0.correo,
        u1_0.empresa,
        u1_0.estado,
        u1_0.nombre,
        u1_0.rol_id 
    from
        usuarios u1_0 
    where
        u1_0.correo=?
2026-05-23 21:18:56 [STOQ] [http-nio-8080-exec-9] DEBUG org.hibernate.SQL - 
    select
        r1_0.id,
        r1_0.descripcion,
        r1_0.nombre 
    from
        roles r1_0 
    where
        r1_0.id=?
2026-05-23 21:18:57 [STOQ] [http-nio-8080-exec-9] INFO  c.P.s.a.aspects.ApiLoggingAspect - [STOQ-MONITOR] OUT GET /api/usuarios/me | status=OK | time=526 ms | endpoint=UsuarioController.obtenerUsuarioAutenticado(..)
2026-05-23 21:18:57 [STOQ] [http-nio-8080-exec-9] INFO  c.P.s.a.aspects.ApiLoggingAspect - [STOQ-MONITOR] ============================================================
2026-05-23 21:18:57 [STOQ] [http-nio-8080-exec-10] DEBUG o.s.security.web.FilterChainProxy - Securing GET /api/usuarios/me
2026-05-23 21:18:57 [STOQ] [http-nio-8080-exec-10] DEBUG org.hibernate.SQL - 
    select
        u1_0.id,
        u1_0.contrasena_hash,
        u1_0.correo,
        u1_0.empresa,
        u1_0.estado,
        u1_0.nombre,
        u1_0.rol_id 
    from
        usuarios u1_0 
    where
        u1_0.correo=?
2026-05-23 21:18:57 [STOQ] [http-nio-8080-exec-1] DEBUG o.s.security.web.FilterChainProxy - Securing OPTIONS /api/alertas/resumen
2026-05-23 21:18:57 [STOQ] [http-nio-8080-exec-3] DEBUG o.s.security.web.FilterChainProxy - Securing OPTIONS /api/productos/criticos
2026-05-23 21:18:57 [STOQ] [http-nio-8080-exec-2] DEBUG o.s.security.web.FilterChainProxy - Securing OPTIONS /api/productos/criticos
2026-05-23 21:18:57 [STOQ] [http-nio-8080-exec-4] DEBUG o.s.security.web.FilterChainProxy - Securing GET /api/alertas/resumen
2026-05-23 21:18:57 [STOQ] [http-nio-8080-exec-4] DEBUG org.hibernate.SQL - 
    select
        u1_0.id,
        u1_0.contrasena_hash,
        u1_0.correo,
        u1_0.empresa,
        u1_0.estado,
        u1_0.nombre,
        u1_0.rol_id 
    from
        usuarios u1_0 
    where
        u1_0.correo=?
2026-05-23 21:18:57 [STOQ] [http-nio-8080-exec-5] DEBUG o.s.security.web.FilterChainProxy - Securing GET /api/productos/criticos
2026-05-23 21:18:57 [STOQ] [http-nio-8080-exec-5] DEBUG org.hibernate.SQL - 
    select
        u1_0.id,
        u1_0.contrasena_hash,
        u1_0.correo,
        u1_0.empresa,
        u1_0.estado,
        u1_0.nombre,
        u1_0.rol_id 
    from
        usuarios u1_0 
    where
        u1_0.correo=?
2026-05-23 21:18:57 [STOQ] [http-nio-8080-exec-10] DEBUG org.hibernate.SQL - 
    select
        r1_0.id,
        r1_0.descripcion,
        r1_0.nombre 
    from
        roles r1_0 
    where
        r1_0.id=?
2026-05-23 21:18:57 [STOQ] [http-nio-8080-exec-10] INFO  c.Proyecto.stoq.security.JwtFilter - Authenticated request for email=gerente@gmail.com role=GERENTE path=/api/usuarios/me
2026-05-23 21:18:57 [STOQ] [http-nio-8080-exec-10] DEBUG o.s.security.web.FilterChainProxy - Secured GET /api/usuarios/me
2026-05-23 21:18:57 [STOQ] [http-nio-8080-exec-10] INFO  c.P.s.a.aspects.ApiLoggingAspect - [STOQ-MONITOR] ============================================================
2026-05-23 21:18:57 [STOQ] [http-nio-8080-exec-10] INFO  c.P.s.a.aspects.ApiLoggingAspect - [STOQ-MONITOR] IN  2026-05-23 21:18:57 | GET /api/usuarios/me | user=gerente@gmail.com | ip=0:0:0:0:0:0:0:1 | ua=Mozilla/5.0 (X11; Linux x86_64) AppleWebKit/537.36 (KHTML, like Gecko) Chrome/148.0.0.0 Safari/537.36
2026-05-23 21:18:57 [STOQ] [http-nio-8080-exec-10] DEBUG org.hibernate.SQL - 
    select
        u1_0.id,
        u1_0.contrasena_hash,
        u1_0.correo,
        u1_0.empresa,
        u1_0.estado,
        u1_0.nombre,
        u1_0.rol_id 
    from
        usuarios u1_0 
    where
        u1_0.correo=?
2026-05-23 21:18:58 [STOQ] [http-nio-8080-exec-4] DEBUG org.hibernate.SQL - 
    select
        r1_0.id,
        r1_0.descripcion,
        r1_0.nombre 
    from
        roles r1_0 
    where
        r1_0.id=?
2026-05-23 21:18:58 [STOQ] [http-nio-8080-exec-5] DEBUG org.hibernate.SQL - 
    select
        r1_0.id,
        r1_0.descripcion,
        r1_0.nombre 
    from
        roles r1_0 
    where
        r1_0.id=?
2026-05-23 21:18:58 [STOQ] [http-nio-8080-exec-10] DEBUG org.hibernate.SQL - 
    select
        r1_0.id,
        r1_0.descripcion,
        r1_0.nombre 
    from
        roles r1_0 
    where
        r1_0.id=?
2026-05-23 21:18:58 [STOQ] [http-nio-8080-exec-4] INFO  c.Proyecto.stoq.security.JwtFilter - Authenticated request for email=gerente@gmail.com role=GERENTE path=/api/alertas/resumen
2026-05-23 21:18:58 [STOQ] [http-nio-8080-exec-4] DEBUG o.s.security.web.FilterChainProxy - Secured GET /api/alertas/resumen
2026-05-23 21:18:58 [STOQ] [http-nio-8080-exec-4] INFO  c.P.s.a.aspects.ApiLoggingAspect - [STOQ-MONITOR] ============================================================
2026-05-23 21:18:58 [STOQ] [http-nio-8080-exec-4] INFO  c.P.s.a.aspects.ApiLoggingAspect - [STOQ-MONITOR] IN  2026-05-23 21:18:58 | GET /api/alertas/resumen | user=gerente@gmail.com | ip=0:0:0:0:0:0:0:1 | ua=Mozilla/5.0 (X11; Linux x86_64) AppleWebKit/537.36 (KHTML, like Gecko) Chrome/148.0.0.0 Safari/537.36
2026-05-23 21:18:58 [STOQ] [http-nio-8080-exec-4] DEBUG org.hibernate.SQL - 
    select
        u1_0.id,
        u1_0.contrasena_hash,
        u1_0.correo,
        u1_0.empresa,
        u1_0.estado,
        u1_0.nombre,
        u1_0.rol_id 
    from
        usuarios u1_0 
    where
        u1_0.correo=?
2026-05-23 21:18:58 [STOQ] [http-nio-8080-exec-5] INFO  c.Proyecto.stoq.security.JwtFilter - Authenticated request for email=gerente@gmail.com role=GERENTE path=/api/productos/criticos
2026-05-23 21:18:58 [STOQ] [http-nio-8080-exec-5] DEBUG o.s.security.web.FilterChainProxy - Secured GET /api/productos/criticos
2026-05-23 21:18:58 [STOQ] [http-nio-8080-exec-5] DEBUG o.s.s.a.m.AuthorizationManagerBeforeMethodInterceptor - Authorizing method invocation ReflectiveMethodInvocation: public java.util.List com.Proyecto.stoq.adapters.controllers.ProductosController.obtenerProductosCriticos(); target is of class [com.Proyecto.stoq.adapters.controllers.ProductosController]
2026-05-23 21:18:58 [STOQ] [http-nio-8080-exec-10] INFO  c.P.s.a.aspects.ApiLoggingAspect - [STOQ-MONITOR] OUT GET /api/usuarios/me | status=OK | time=507 ms | endpoint=UsuarioController.obtenerUsuarioAutenticado(..)
2026-05-23 21:18:58 [STOQ] [http-nio-8080-exec-10] INFO  c.P.s.a.aspects.ApiLoggingAspect - [STOQ-MONITOR] ============================================================
2026-05-23 21:18:58 [STOQ] [http-nio-8080-exec-5] DEBUG o.s.s.a.m.AuthorizationManagerBeforeMethodInterceptor - Authorized method invocation ReflectiveMethodInvocation: public java.util.List com.Proyecto.stoq.adapters.controllers.ProductosController.obtenerProductosCriticos(); target is of class [com.Proyecto.stoq.adapters.controllers.ProductosController]
2026-05-23 21:18:58 [STOQ] [http-nio-8080-exec-5] INFO  c.P.s.a.aspects.ApiLoggingAspect - [STOQ-MONITOR] ============================================================
2026-05-23 21:18:58 [STOQ] [http-nio-8080-exec-5] INFO  c.P.s.a.aspects.ApiLoggingAspect - [STOQ-MONITOR] IN  2026-05-23 21:18:58 | GET /api/productos/criticos | user=gerente@gmail.com | ip=0:0:0:0:0:0:0:1 | ua=Mozilla/5.0 (X11; Linux x86_64) AppleWebKit/537.36 (KHTML, like Gecko) Chrome/148.0.0.0 Safari/537.36
2026-05-23 21:18:58 [STOQ] [http-nio-8080-exec-5] DEBUG org.hibernate.SQL - 
    select
        u1_0.id,
        u1_0.contrasena_hash,
        u1_0.correo,
        u1_0.empresa,
        u1_0.estado,
        u1_0.nombre,
        u1_0.rol_id 
    from
        usuarios u1_0 
    where
        u1_0.correo=?
2026-05-23 21:18:58 [STOQ] [http-nio-8080-exec-4] DEBUG org.hibernate.SQL - 
    select
        r1_0.id,
        r1_0.descripcion,
        r1_0.nombre 
    from
        roles r1_0 
    where
        r1_0.id=?
2026-05-23 21:18:58 [STOQ] [http-nio-8080-exec-5] DEBUG org.hibernate.SQL - 
    select
        r1_0.id,
        r1_0.descripcion,
        r1_0.nombre 
    from
        roles r1_0 
    where
        r1_0.id=?
2026-05-23 21:18:59 [STOQ] [http-nio-8080-exec-4] DEBUG org.hibernate.SQL - 
    select
        p1_0.id,
        p1_0.categoria_id,
        p1_0.codigo,
        p1_0.empresa,
        p1_0.estado,
        p1_0.fecha_actualizacion,
        p1_0.fecha_creacion,
        p1_0.nombre,
        p1_0.stock_actual,
        p1_0.stock_minimo,
        p1_0.ubicacion,
        p1_0.unidad_id 
    from
        productos p1_0
2026-05-23 21:18:59 [STOQ] [http-nio-8080-exec-5] DEBUG org.hibernate.SQL - 
    select
        p1_0.id,
        p1_0.categoria_id,
        p1_0.codigo,
        p1_0.empresa,
        p1_0.estado,
        p1_0.fecha_actualizacion,
        p1_0.fecha_creacion,
        p1_0.nombre,
        p1_0.stock_actual,
        p1_0.stock_minimo,
        p1_0.ubicacion,
        p1_0.unidad_id 
    from
        productos p1_0
2026-05-23 21:18:59 [STOQ] [http-nio-8080-exec-5] DEBUG org.hibernate.SQL - 
    select
        c1_0.id,
        c1_0.descripcion,
        c1_0.estado,
        c1_0.fecha_creacion,
        c1_0.nombre 
    from
        categorias c1_0 
    where
        c1_0.id=?
2026-05-23 21:18:59 [STOQ] [http-nio-8080-exec-4] DEBUG org.hibernate.SQL - 
    select
        c1_0.id,
        c1_0.descripcion,
        c1_0.estado,
        c1_0.fecha_creacion,
        c1_0.nombre 
    from
        categorias c1_0 
    where
        c1_0.id=?
2026-05-23 21:18:59 [STOQ] [http-nio-8080-exec-4] DEBUG org.hibernate.SQL - 
    select
        u1_0.id,
        u1_0.abreviatura,
        u1_0.estado,
        u1_0.nombre 
    from
        unidades u1_0 
    where
        u1_0.id=?
2026-05-23 21:18:59 [STOQ] [http-nio-8080-exec-5] DEBUG org.hibernate.SQL - 
    select
        u1_0.id,
        u1_0.abreviatura,
        u1_0.estado,
        u1_0.nombre 
    from
        unidades u1_0 
    where
        u1_0.id=?
2026-05-23 21:19:00 [STOQ] [http-nio-8080-exec-4] DEBUG org.hibernate.SQL - 
    select
        u1_0.id,
        u1_0.abreviatura,
        u1_0.estado,
        u1_0.nombre 
    from
        unidades u1_0 
    where
        u1_0.id=?
2026-05-23 21:19:00 [STOQ] [http-nio-8080-exec-5] DEBUG org.hibernate.SQL - 
    select
        u1_0.id,
        u1_0.abreviatura,
        u1_0.estado,
        u1_0.nombre 
    from
        unidades u1_0 
    where
        u1_0.id=?
2026-05-23 21:19:00 [STOQ] [http-nio-8080-exec-4] DEBUG org.hibernate.SQL - 
    select
        u1_0.id,
        u1_0.abreviatura,
        u1_0.estado,
        u1_0.nombre 
    from
        unidades u1_0 
    where
        u1_0.id=?
2026-05-23 21:19:00 [STOQ] [http-nio-8080-exec-5] DEBUG org.hibernate.SQL - 
    select
        u1_0.id,
        u1_0.abreviatura,
        u1_0.estado,
        u1_0.nombre 
    from
        unidades u1_0 
    where
        u1_0.id=?
2026-05-23 21:19:00 [STOQ] [http-nio-8080-exec-4] DEBUG org.hibernate.SQL - 
    select
        u1_0.id,
        u1_0.abreviatura,
        u1_0.estado,
        u1_0.nombre 
    from
        unidades u1_0 
    where
        u1_0.id=?
2026-05-23 21:19:00 [STOQ] [http-nio-8080-exec-5] DEBUG org.hibernate.SQL - 
    select
        u1_0.id,
        u1_0.abreviatura,
        u1_0.estado,
        u1_0.nombre 
    from
        unidades u1_0 
    where
        u1_0.id=?
2026-05-23 21:19:00 [STOQ] [http-nio-8080-exec-4] DEBUG org.hibernate.SQL - 
    select
        c1_0.id,
        c1_0.descripcion,
        c1_0.estado,
        c1_0.fecha_creacion,
        c1_0.nombre 
    from
        categorias c1_0 
    where
        c1_0.id=?
2026-05-23 21:19:01 [STOQ] [http-nio-8080-exec-5] DEBUG org.hibernate.SQL - 
    select
        c1_0.id,
        c1_0.descripcion,
        c1_0.estado,
        c1_0.fecha_creacion,
        c1_0.nombre 
    from
        categorias c1_0 
    where
        c1_0.id=?
2026-05-23 21:19:01 [STOQ] [http-nio-8080-exec-5] DEBUG org.hibernate.SQL - 
    select
        c1_0.id,
        c1_0.descripcion,
        c1_0.estado,
        c1_0.fecha_creacion,
        c1_0.nombre 
    from
        categorias c1_0 
    where
        c1_0.id=?
2026-05-23 21:19:01 [STOQ] [http-nio-8080-exec-4] DEBUG org.hibernate.SQL - 
    select
        c1_0.id,
        c1_0.descripcion,
        c1_0.estado,
        c1_0.fecha_creacion,
        c1_0.nombre 
    from
        categorias c1_0 
    where
        c1_0.id=?
2026-05-23 21:19:01 [STOQ] [http-nio-8080-exec-4] DEBUG org.hibernate.SQL - 
    select
        c1_0.id,
        c1_0.descripcion,
        c1_0.estado,
        c1_0.fecha_creacion,
        c1_0.nombre 
    from
        categorias c1_0 
    where
        c1_0.id=?
2026-05-23 21:19:01 [STOQ] [http-nio-8080-exec-5] DEBUG org.hibernate.SQL - 
    select
        c1_0.id,
        c1_0.descripcion,
        c1_0.estado,
        c1_0.fecha_creacion,
        c1_0.nombre 
    from
        categorias c1_0 
    where
        c1_0.id=?
2026-05-23 21:19:01 [STOQ] [http-nio-8080-exec-6] DEBUG o.s.security.web.FilterChainProxy - Securing OPTIONS /api/reportes/categorias?inicio=2026-04-24&fin=2026-05-23
2026-05-23 21:19:01 [STOQ] [http-nio-8080-exec-7] DEBUG o.s.security.web.FilterChainProxy - Securing GET /api/reportes/categorias?inicio=2026-04-24&fin=2026-05-23
2026-05-23 21:19:01 [STOQ] [http-nio-8080-exec-7] DEBUG org.hibernate.SQL - 
    select
        u1_0.id,
        u1_0.contrasena_hash,
        u1_0.correo,
        u1_0.empresa,
        u1_0.estado,
        u1_0.nombre,
        u1_0.rol_id 
    from
        usuarios u1_0 
    where
        u1_0.correo=?
2026-05-23 21:19:02 [STOQ] [http-nio-8080-exec-5] INFO  c.P.s.a.aspects.ApiLoggingAspect - [STOQ-MONITOR] OUT GET /api/productos/criticos | status=OK | time=3650 ms | endpoint=ProductosController.obtenerProductosCriticos()
2026-05-23 21:19:02 [STOQ] [http-nio-8080-exec-5] INFO  c.P.s.a.aspects.ApiLoggingAspect - [STOQ-MONITOR] ============================================================
2026-05-23 21:19:02 [STOQ] [http-nio-8080-exec-8] DEBUG o.s.security.web.FilterChainProxy - Securing GET /api/productos/criticos
2026-05-23 21:19:02 [STOQ] [http-nio-8080-exec-8] DEBUG org.hibernate.SQL - 
    select
        u1_0.id,
        u1_0.contrasena_hash,
        u1_0.correo,
        u1_0.empresa,
        u1_0.estado,
        u1_0.nombre,
        u1_0.rol_id 
    from
        usuarios u1_0 
    where
        u1_0.correo=?
2026-05-23 21:19:02 [STOQ] [http-nio-8080-exec-4] DEBUG org.hibernate.SQL - 
    select
        a1_0.id,
        a1_0.fecha,
        a1_0.leida,
        a1_0.mensaje,
        a1_0.producto_id,
        p1_0.id,
        p1_0.categoria_id,
        c1_0.id,
        c1_0.descripcion,
        c1_0.estado,
        c1_0.fecha_creacion,
        c1_0.nombre,
        p1_0.codigo,
        p1_0.empresa,
        p1_0.estado,
        p1_0.fecha_actualizacion,
        p1_0.fecha_creacion,
        p1_0.nombre,
        p1_0.stock_actual,
        p1_0.stock_minimo,
        p1_0.ubicacion,
        p1_0.unidad_id,
        a1_0.tipo 
    from
        alertas a1_0 
    join
        productos p1_0 
            on p1_0.id=a1_0.producto_id 
    join
        categorias c1_0 
            on c1_0.id=p1_0.categoria_id
2026-05-23 21:19:02 [STOQ] [http-nio-8080-exec-7] DEBUG org.hibernate.SQL - 
    select
        r1_0.id,
        r1_0.descripcion,
        r1_0.nombre 
    from
        roles r1_0 
    where
        r1_0.id=?
2026-05-23 21:19:02 [STOQ] [http-nio-8080-exec-8] DEBUG org.hibernate.SQL - 
    select
        r1_0.id,
        r1_0.descripcion,
        r1_0.nombre 
    from
        roles r1_0 
    where
        r1_0.id=?
2026-05-23 21:19:02 [STOQ] [http-nio-8080-exec-7] INFO  c.Proyecto.stoq.security.JwtFilter - Authenticated request for email=gerente@gmail.com role=GERENTE path=/api/reportes/categorias
2026-05-23 21:19:02 [STOQ] [http-nio-8080-exec-7] DEBUG o.s.security.web.FilterChainProxy - Secured GET /api/reportes/categorias?inicio=2026-04-24&fin=2026-05-23
2026-05-23 21:19:02 [STOQ] [http-nio-8080-exec-7] INFO  c.P.s.a.aspects.ApiLoggingAspect - [STOQ-MONITOR] ============================================================
2026-05-23 21:19:02 [STOQ] [http-nio-8080-exec-7] INFO  c.P.s.a.aspects.ApiLoggingAspect - [STOQ-MONITOR] IN  2026-05-23 21:19:02 | GET /api/reportes/categorias | user=gerente@gmail.com | ip=0:0:0:0:0:0:0:1 | ua=Mozilla/5.0 (X11; Linux x86_64) AppleWebKit/537.36 (KHTML, like Gecko) Chrome/148.0.0.0 Safari/537.36
2026-05-23 21:19:02 [STOQ] [http-nio-8080-exec-7] DEBUG org.hibernate.SQL - 
    select
        u1_0.id,
        u1_0.contrasena_hash,
        u1_0.correo,
        u1_0.empresa,
        u1_0.estado,
        u1_0.nombre,
        u1_0.rol_id 
    from
        usuarios u1_0 
    where
        u1_0.correo=?
2026-05-23 21:19:03 [STOQ] [http-nio-8080-exec-8] INFO  c.Proyecto.stoq.security.JwtFilter - Authenticated request for email=gerente@gmail.com role=GERENTE path=/api/productos/criticos
2026-05-23 21:19:03 [STOQ] [http-nio-8080-exec-8] DEBUG o.s.security.web.FilterChainProxy - Secured GET /api/productos/criticos
2026-05-23 21:19:03 [STOQ] [http-nio-8080-exec-4] DEBUG org.hibernate.SQL - 
    select
        a1_0.id,
        a1_0.fecha,
        a1_0.leida,
        a1_0.mensaje,
        a1_0.producto_id,
        p1_0.id,
        p1_0.categoria_id,
        c1_0.id,
        c1_0.descripcion,
        c1_0.estado,
        c1_0.fecha_creacion,
        c1_0.nombre,
        p1_0.codigo,
        p1_0.empresa,
        p1_0.estado,
        p1_0.fecha_actualizacion,
        p1_0.fecha_creacion,
        p1_0.nombre,
        p1_0.stock_actual,
        p1_0.stock_minimo,
        p1_0.ubicacion,
        p1_0.unidad_id,
        a1_0.tipo 
    from
        alertas a1_0 
    join
        productos p1_0 
            on p1_0.id=a1_0.producto_id 
    join
        categorias c1_0 
            on c1_0.id=p1_0.categoria_id
2026-05-23 21:19:03 [STOQ] [http-nio-8080-exec-7] DEBUG org.hibernate.SQL - 
    select
        r1_0.id,
        r1_0.descripcion,
        r1_0.nombre 
    from
        roles r1_0 
    where
        r1_0.id=?
2026-05-23 21:19:03 [STOQ] [http-nio-8080-exec-8] DEBUG o.s.s.a.m.AuthorizationManagerBeforeMethodInterceptor - Authorizing method invocation ReflectiveMethodInvocation: public java.util.List com.Proyecto.stoq.adapters.controllers.ProductosController.obtenerProductosCriticos(); target is of class [com.Proyecto.stoq.adapters.controllers.ProductosController]
2026-05-23 21:19:03 [STOQ] [http-nio-8080-exec-8] DEBUG o.s.s.a.m.AuthorizationManagerBeforeMethodInterceptor - Authorized method invocation ReflectiveMethodInvocation: public java.util.List com.Proyecto.stoq.adapters.controllers.ProductosController.obtenerProductosCriticos(); target is of class [com.Proyecto.stoq.adapters.controllers.ProductosController]
2026-05-23 21:19:03 [STOQ] [http-nio-8080-exec-8] INFO  c.P.s.a.aspects.ApiLoggingAspect - [STOQ-MONITOR] ============================================================
2026-05-23 21:19:03 [STOQ] [http-nio-8080-exec-8] INFO  c.P.s.a.aspects.ApiLoggingAspect - [STOQ-MONITOR] IN  2026-05-23 21:19:03 | GET /api/productos/criticos | user=gerente@gmail.com | ip=0:0:0:0:0:0:0:1 | ua=Mozilla/5.0 (X11; Linux x86_64) AppleWebKit/537.36 (KHTML, like Gecko) Chrome/148.0.0.0 Safari/537.36
2026-05-23 21:19:03 [STOQ] [http-nio-8080-exec-8] DEBUG org.hibernate.SQL - 
    select
        u1_0.id,
        u1_0.contrasena_hash,
        u1_0.correo,
        u1_0.empresa,
        u1_0.estado,
        u1_0.nombre,
        u1_0.rol_id 
    from
        usuarios u1_0 
    where
        u1_0.correo=?
2026-05-23 21:19:03 [STOQ] [http-nio-8080-exec-8] DEBUG org.hibernate.SQL - 
    select
        r1_0.id,
        r1_0.descripcion,
        r1_0.nombre 
    from
        roles r1_0 
    where
        r1_0.id=?
2026-05-23 21:19:03 [STOQ] [http-nio-8080-exec-7] DEBUG org.hibernate.SQL - 
    select
        c1_0.id,
        c1_0.nombre,
        count(p1_0.id),
        coalesce(sum(coalesce(p1_0.stock_actual, 0)), cast(0 as bigint)),
        coalesce(sum(coalesce(p1_0.stock_minimo, 0)), cast(0 as bigint)),
        cast(0 as bigint),
        cast(0 as bigint),
        cast(0 as bigint),
        cast(0 as bigint),
        cast(0 as bigint),
        cast(0 as bigint) 
    from
        productos p1_0 
    join
        categorias c1_0 
            on c1_0.id=p1_0.categoria_id 
    where
        p1_0.empresa=? 
        and p1_0.estado=true 
    group by
        c1_0.id,
        c1_0.nombre 
    order by
        c1_0.nombre
2026-05-23 21:19:03 [STOQ] [http-nio-8080-exec-4] INFO  c.P.s.a.aspects.ApiLoggingAspect - [STOQ-MONITOR] OUT GET /api/alertas/resumen | status=OK | time=5218 ms | endpoint=AlertaController.obtenerResumen()
2026-05-23 21:19:03 [STOQ] [http-nio-8080-exec-4] INFO  c.P.s.a.aspects.ApiLoggingAspect - [STOQ-MONITOR] ============================================================
2026-05-23 21:19:03 [STOQ] [http-nio-8080-exec-8] DEBUG org.hibernate.SQL - 
    select
        p1_0.id,
        p1_0.categoria_id,
        p1_0.codigo,
        p1_0.empresa,
        p1_0.estado,
        p1_0.fecha_actualizacion,
        p1_0.fecha_creacion,
        p1_0.nombre,
        p1_0.stock_actual,
        p1_0.stock_minimo,
        p1_0.ubicacion,
        p1_0.unidad_id 
    from
        productos p1_0
2026-05-23 21:19:03 [STOQ] [http-nio-8080-exec-7] DEBUG org.hibernate.SQL - 
    select
        c1_0.id,
        c1_0.nombre,
        cast(0 as bigint),
        cast(0 as bigint),
        cast(0 as bigint),
        count(mi1_0.id),
        coalesce(sum(mi1_0.cantidad), cast(0 as bigint)),
        coalesce(sum(case 
            when upper(mi1_0.tipo_movimiento)='ENTRADA' 
                then 1 
            else 0 
    end), cast(0 as bigint)),
    coalesce(sum(case 
        when upper(mi1_0.tipo_movimiento)='SALIDA' 
            then 1 
        else 0 
end), cast(0 as bigint)),
coalesce(sum(case 
    when upper(mi1_0.tipo_movimiento)='ENTRADA' 
        then mi1_0.cantidad 
    else 0 
end), cast(0 as bigint)),
coalesce(sum(case 
    when upper(mi1_0.tipo_movimiento)='SALIDA' 
        then mi1_0.cantidad 
    else 0 
end), cast(0 as bigint)) 
from
    movimientos_inventario mi1_0 
join
    productos p1_0 
        on p1_0.id=mi1_0.producto_id 
join
    categorias c1_0 
        on c1_0.id=p1_0.categoria_id 
where
    p1_0.empresa=? 
    and mi1_0.fecha_movimiento between ? and ? 
group by
    c1_0.id,
    c1_0.nombre 
order by
    c1_0.nombre
2026-05-23 21:19:03 [STOQ] [http-nio-8080-exec-8] DEBUG org.hibernate.SQL - 
    select
        c1_0.id,
        c1_0.descripcion,
        c1_0.estado,
        c1_0.fecha_creacion,
        c1_0.nombre 
    from
        categorias c1_0 
    where
        c1_0.id=?
2026-05-23 21:19:04 [STOQ] [http-nio-8080-exec-7] INFO  c.P.s.a.aspects.ApiLoggingAspect - [STOQ-MONITOR] OUT GET /api/reportes/categorias | status=OK | time=1408 ms | endpoint=ReportesController.obtenerReporteCategorias(..)
2026-05-23 21:19:04 [STOQ] [http-nio-8080-exec-7] INFO  c.P.s.a.aspects.ApiLoggingAspect - [STOQ-MONITOR] ============================================================
2026-05-23 21:19:04 [STOQ] [http-nio-8080-exec-8] DEBUG org.hibernate.SQL - 
    select
        u1_0.id,
        u1_0.abreviatura,
        u1_0.estado,
        u1_0.nombre 
    from
        unidades u1_0 
    where
        u1_0.id=?
2026-05-23 21:19:04 [STOQ] [http-nio-8080-exec-8] DEBUG org.hibernate.SQL - 
    select
        u1_0.id,
        u1_0.abreviatura,
        u1_0.estado,
        u1_0.nombre 
    from
        unidades u1_0 
    where
        u1_0.id=?
2026-05-23 21:19:04 [STOQ] [http-nio-8080-exec-8] DEBUG org.hibernate.SQL - 
    select
        u1_0.id,
        u1_0.abreviatura,
        u1_0.estado,
        u1_0.nombre 
    from
        unidades u1_0 
    where
        u1_0.id=?
2026-05-23 21:19:05 [STOQ] [http-nio-8080-exec-8] DEBUG org.hibernate.SQL - 
    select
        u1_0.id,
        u1_0.abreviatura,
        u1_0.estado,
        u1_0.nombre 
    from
        unidades u1_0 
    where
        u1_0.id=?
2026-05-23 21:19:05 [STOQ] [http-nio-8080-exec-8] DEBUG org.hibernate.SQL - 
    select
        c1_0.id,
        c1_0.descripcion,
        c1_0.estado,
        c1_0.fecha_creacion,
        c1_0.nombre 
    from
        categorias c1_0 
    where
        c1_0.id=?
2026-05-23 21:19:05 [STOQ] [http-nio-8080-exec-8] DEBUG org.hibernate.SQL - 
    select
        c1_0.id,
        c1_0.descripcion,
        c1_0.estado,
        c1_0.fecha_creacion,
        c1_0.nombre 
    from
        categorias c1_0 
    where
        c1_0.id=?
2026-05-23 21:19:06 [STOQ] [http-nio-8080-exec-8] DEBUG org.hibernate.SQL - 
    select
        c1_0.id,
        c1_0.descripcion,
        c1_0.estado,
        c1_0.fecha_creacion,
        c1_0.nombre 
    from
        categorias c1_0 
    where
        c1_0.id=?
2026-05-23 21:19:06 [STOQ] [http-nio-8080-exec-8] INFO  c.P.s.a.aspects.ApiLoggingAspect - [STOQ-MONITOR] OUT GET /api/productos/criticos | status=OK | time=3823 ms | endpoint=ProductosController.obtenerProductosCriticos()
2026-05-23 21:19:06 [STOQ] [http-nio-8080-exec-8] INFO  c.P.s.a.aspects.ApiLoggingAspect - [STOQ-MONITOR] ============================================================
2026-05-23 21:19:25 [STOQ] [http-nio-8080-exec-9] DEBUG o.s.security.web.FilterChainProxy - Securing OPTIONS /api/usuarios/me
2026-05-23 21:19:25 [STOQ] [http-nio-8080-exec-2] DEBUG o.s.security.web.FilterChainProxy - Securing OPTIONS /api/productos/criticos
2026-05-23 21:19:25 [STOQ] [http-nio-8080-exec-1] DEBUG o.s.security.web.FilterChainProxy - Securing OPTIONS /api/alertas/resumen
2026-05-23 21:19:25 [STOQ] [http-nio-8080-exec-3] DEBUG o.s.security.web.FilterChainProxy - Securing OPTIONS /api/productos/criticos
2026-05-23 21:19:25 [STOQ] [http-nio-8080-exec-10] DEBUG o.s.security.web.FilterChainProxy - Securing GET /api/usuarios/me
2026-05-23 21:19:25 [STOQ] [http-nio-8080-exec-5] DEBUG o.s.security.web.FilterChainProxy - Securing GET /api/productos/criticos
2026-05-23 21:19:25 [STOQ] [http-nio-8080-exec-6] DEBUG o.s.security.web.FilterChainProxy - Securing GET /api/alertas/resumen
2026-05-23 21:19:25 [STOQ] [http-nio-8080-exec-6] DEBUG org.hibernate.SQL - 
    select
        u1_0.id,
        u1_0.contrasena_hash,
        u1_0.correo,
        u1_0.empresa,
        u1_0.estado,
        u1_0.nombre,
        u1_0.rol_id 
    from
        usuarios u1_0 
    where
        u1_0.correo=?
2026-05-23 21:19:25 [STOQ] [http-nio-8080-exec-10] DEBUG org.hibernate.SQL - 
    select
        u1_0.id,
        u1_0.contrasena_hash,
        u1_0.correo,
        u1_0.empresa,
        u1_0.estado,
        u1_0.nombre,
        u1_0.rol_id 
    from
        usuarios u1_0 
    where
        u1_0.correo=?
2026-05-23 21:19:25 [STOQ] [http-nio-8080-exec-5] DEBUG org.hibernate.SQL - 
    select
        u1_0.id,
        u1_0.contrasena_hash,
        u1_0.correo,
        u1_0.empresa,
        u1_0.estado,
        u1_0.nombre,
        u1_0.rol_id 
    from
        usuarios u1_0 
    where
        u1_0.correo=?
2026-05-23 21:19:25 [STOQ] [http-nio-8080-exec-6] DEBUG org.hibernate.SQL - 
    select
        r1_0.id,
        r1_0.descripcion,
        r1_0.nombre 
    from
        roles r1_0 
    where
        r1_0.id=?
2026-05-23 21:19:25 [STOQ] [http-nio-8080-exec-10] DEBUG org.hibernate.SQL - 
    select
        r1_0.id,
        r1_0.descripcion,
        r1_0.nombre 
    from
        roles r1_0 
    where
        r1_0.id=?
2026-05-23 21:19:25 [STOQ] [http-nio-8080-exec-5] DEBUG org.hibernate.SQL - 
    select
        r1_0.id,
        r1_0.descripcion,
        r1_0.nombre 
    from
        roles r1_0 
    where
        r1_0.id=?
2026-05-23 21:19:26 [STOQ] [http-nio-8080-exec-6] INFO  c.Proyecto.stoq.security.JwtFilter - Authenticated request for email=gerente@gmail.com role=GERENTE path=/api/alertas/resumen
2026-05-23 21:19:26 [STOQ] [http-nio-8080-exec-6] DEBUG o.s.security.web.FilterChainProxy - Secured GET /api/alertas/resumen
2026-05-23 21:19:26 [STOQ] [http-nio-8080-exec-10] INFO  c.Proyecto.stoq.security.JwtFilter - Authenticated request for email=gerente@gmail.com role=GERENTE path=/api/usuarios/me
2026-05-23 21:19:26 [STOQ] [http-nio-8080-exec-10] DEBUG o.s.security.web.FilterChainProxy - Secured GET /api/usuarios/me
2026-05-23 21:19:26 [STOQ] [http-nio-8080-exec-6] INFO  c.P.s.a.aspects.ApiLoggingAspect - [STOQ-MONITOR] ============================================================
2026-05-23 21:19:26 [STOQ] [http-nio-8080-exec-6] INFO  c.P.s.a.aspects.ApiLoggingAspect - [STOQ-MONITOR] IN  2026-05-23 21:19:26 | GET /api/alertas/resumen | user=gerente@gmail.com | ip=0:0:0:0:0:0:0:1 | ua=Mozilla/5.0 (X11; Linux x86_64) AppleWebKit/537.36 (KHTML, like Gecko) Chrome/148.0.0.0 Safari/537.36
2026-05-23 21:19:26 [STOQ] [http-nio-8080-exec-5] INFO  c.Proyecto.stoq.security.JwtFilter - Authenticated request for email=gerente@gmail.com role=GERENTE path=/api/productos/criticos
2026-05-23 21:19:26 [STOQ] [http-nio-8080-exec-6] DEBUG org.hibernate.SQL - 
    select
        u1_0.id,
        u1_0.contrasena_hash,
        u1_0.correo,
        u1_0.empresa,
        u1_0.estado,
        u1_0.nombre,
        u1_0.rol_id 
    from
        usuarios u1_0 
    where
        u1_0.correo=?
2026-05-23 21:19:26 [STOQ] [http-nio-8080-exec-5] DEBUG o.s.security.web.FilterChainProxy - Secured GET /api/productos/criticos
2026-05-23 21:19:26 [STOQ] [http-nio-8080-exec-10] INFO  c.P.s.a.aspects.ApiLoggingAspect - [STOQ-MONITOR] ============================================================
2026-05-23 21:19:26 [STOQ] [http-nio-8080-exec-10] INFO  c.P.s.a.aspects.ApiLoggingAspect - [STOQ-MONITOR] IN  2026-05-23 21:19:26 | GET /api/usuarios/me | user=gerente@gmail.com | ip=0:0:0:0:0:0:0:1 | ua=Mozilla/5.0 (X11; Linux x86_64) AppleWebKit/537.36 (KHTML, like Gecko) Chrome/148.0.0.0 Safari/537.36
2026-05-23 21:19:26 [STOQ] [http-nio-8080-exec-5] DEBUG o.s.s.a.m.AuthorizationManagerBeforeMethodInterceptor - Authorizing method invocation ReflectiveMethodInvocation: public java.util.List com.Proyecto.stoq.adapters.controllers.ProductosController.obtenerProductosCriticos(); target is of class [com.Proyecto.stoq.adapters.controllers.ProductosController]
2026-05-23 21:19:26 [STOQ] [http-nio-8080-exec-5] DEBUG o.s.s.a.m.AuthorizationManagerBeforeMethodInterceptor - Authorized method invocation ReflectiveMethodInvocation: public java.util.List com.Proyecto.stoq.adapters.controllers.ProductosController.obtenerProductosCriticos(); target is of class [com.Proyecto.stoq.adapters.controllers.ProductosController]
2026-05-23 21:19:26 [STOQ] [http-nio-8080-exec-5] INFO  c.P.s.a.aspects.ApiLoggingAspect - [STOQ-MONITOR] ============================================================
2026-05-23 21:19:26 [STOQ] [http-nio-8080-exec-5] INFO  c.P.s.a.aspects.ApiLoggingAspect - [STOQ-MONITOR] IN  2026-05-23 21:19:26 | GET /api/productos/criticos | user=gerente@gmail.com | ip=0:0:0:0:0:0:0:1 | ua=Mozilla/5.0 (X11; Linux x86_64) AppleWebKit/537.36 (KHTML, like Gecko) Chrome/148.0.0.0 Safari/537.36
2026-05-23 21:19:26 [STOQ] [http-nio-8080-exec-5] DEBUG org.hibernate.SQL - 
    select
        u1_0.id,
        u1_0.contrasena_hash,
        u1_0.correo,
        u1_0.empresa,
        u1_0.estado,
        u1_0.nombre,
        u1_0.rol_id 
    from
        usuarios u1_0 
    where
        u1_0.correo=?
2026-05-23 21:19:26 [STOQ] [http-nio-8080-exec-10] DEBUG org.hibernate.SQL - 
    select
        u1_0.id,
        u1_0.contrasena_hash,
        u1_0.correo,
        u1_0.empresa,
        u1_0.estado,
        u1_0.nombre,
        u1_0.rol_id 
    from
        usuarios u1_0 
    where
        u1_0.correo=?
2026-05-23 21:19:26 [STOQ] [http-nio-8080-exec-10] DEBUG org.hibernate.SQL - 
    select
        r1_0.id,
        r1_0.descripcion,
        r1_0.nombre 
    from
        roles r1_0 
    where
        r1_0.id=?
2026-05-23 21:19:26 [STOQ] [http-nio-8080-exec-5] DEBUG org.hibernate.SQL - 
    select
        r1_0.id,
        r1_0.descripcion,
        r1_0.nombre 
    from
        roles r1_0 
    where
        r1_0.id=?
2026-05-23 21:19:26 [STOQ] [http-nio-8080-exec-6] DEBUG org.hibernate.SQL - 
    select
        r1_0.id,
        r1_0.descripcion,
        r1_0.nombre 
    from
        roles r1_0 
    where
        r1_0.id=?
2026-05-23 21:19:26 [STOQ] [http-nio-8080-exec-10] INFO  c.P.s.a.aspects.ApiLoggingAspect - [STOQ-MONITOR] OUT GET /api/usuarios/me | status=OK | time=581 ms | endpoint=UsuarioController.obtenerUsuarioAutenticado(..)
2026-05-23 21:19:26 [STOQ] [http-nio-8080-exec-10] INFO  c.P.s.a.aspects.ApiLoggingAspect - [STOQ-MONITOR] ============================================================
2026-05-23 21:19:26 [STOQ] [http-nio-8080-exec-6] DEBUG org.hibernate.SQL - 
    select
        p1_0.id,
        p1_0.categoria_id,
        p1_0.codigo,
        p1_0.empresa,
        p1_0.estado,
        p1_0.fecha_actualizacion,
        p1_0.fecha_creacion,
        p1_0.nombre,
        p1_0.stock_actual,
        p1_0.stock_minimo,
        p1_0.ubicacion,
        p1_0.unidad_id 
    from
        productos p1_0
2026-05-23 21:19:26 [STOQ] [http-nio-8080-exec-5] DEBUG org.hibernate.SQL - 
    select
        p1_0.id,
        p1_0.categoria_id,
        p1_0.codigo,
        p1_0.empresa,
        p1_0.estado,
        p1_0.fecha_actualizacion,
        p1_0.fecha_creacion,
        p1_0.nombre,
        p1_0.stock_actual,
        p1_0.stock_minimo,
        p1_0.ubicacion,
        p1_0.unidad_id 
    from
        productos p1_0
2026-05-23 21:19:27 [STOQ] [http-nio-8080-exec-6] DEBUG org.hibernate.SQL - 
    select
        c1_0.id,
        c1_0.descripcion,
        c1_0.estado,
        c1_0.fecha_creacion,
        c1_0.nombre 
    from
        categorias c1_0 
    where
        c1_0.id=?
2026-05-23 21:19:27 [STOQ] [http-nio-8080-exec-5] DEBUG org.hibernate.SQL - 
    select
        c1_0.id,
        c1_0.descripcion,
        c1_0.estado,
        c1_0.fecha_creacion,
        c1_0.nombre 
    from
        categorias c1_0 
    where
        c1_0.id=?
2026-05-23 21:19:27 [STOQ] [http-nio-8080-exec-5] DEBUG org.hibernate.SQL - 
    select
        u1_0.id,
        u1_0.abreviatura,
        u1_0.estado,
        u1_0.nombre 
    from
        unidades u1_0 
    where
        u1_0.id=?
2026-05-23 21:19:27 [STOQ] [http-nio-8080-exec-6] DEBUG org.hibernate.SQL - 
    select
        u1_0.id,
        u1_0.abreviatura,
        u1_0.estado,
        u1_0.nombre 
    from
        unidades u1_0 
    where
        u1_0.id=?
2026-05-23 21:19:27 [STOQ] [http-nio-8080-exec-5] DEBUG org.hibernate.SQL - 
    select
        u1_0.id,
        u1_0.abreviatura,
        u1_0.estado,
        u1_0.nombre 
    from
        unidades u1_0 
    where
        u1_0.id=?
2026-05-23 21:19:27 [STOQ] [http-nio-8080-exec-6] DEBUG org.hibernate.SQL - 
    select
        u1_0.id,
        u1_0.abreviatura,
        u1_0.estado,
        u1_0.nombre 
    from
        unidades u1_0 
    where
        u1_0.id=?
2026-05-23 21:19:28 [STOQ] [http-nio-8080-exec-5] DEBUG org.hibernate.SQL - 
    select
        u1_0.id,
        u1_0.abreviatura,
        u1_0.estado,
        u1_0.nombre 
    from
        unidades u1_0 
    where
        u1_0.id=?
2026-05-23 21:19:28 [STOQ] [http-nio-8080-exec-6] DEBUG org.hibernate.SQL - 
    select
        u1_0.id,
        u1_0.abreviatura,
        u1_0.estado,
        u1_0.nombre 
    from
        unidades u1_0 
    where
        u1_0.id=?
2026-05-23 21:19:28 [STOQ] [http-nio-8080-exec-5] DEBUG org.hibernate.SQL - 
    select
        u1_0.id,
        u1_0.abreviatura,
        u1_0.estado,
        u1_0.nombre 
    from
        unidades u1_0 
    where
        u1_0.id=?
2026-05-23 21:19:28 [STOQ] [http-nio-8080-exec-6] DEBUG org.hibernate.SQL - 
    select
        u1_0.id,
        u1_0.abreviatura,
        u1_0.estado,
        u1_0.nombre 
    from
        unidades u1_0 
    where
        u1_0.id=?
2026-05-23 21:19:28 [STOQ] [http-nio-8080-exec-5] DEBUG org.hibernate.SQL - 
    select
        c1_0.id,
        c1_0.descripcion,
        c1_0.estado,
        c1_0.fecha_creacion,
        c1_0.nombre 
    from
        categorias c1_0 
    where
        c1_0.id=?
2026-05-23 21:19:28 [STOQ] [http-nio-8080-exec-6] DEBUG org.hibernate.SQL - 
    select
        c1_0.id,
        c1_0.descripcion,
        c1_0.estado,
        c1_0.fecha_creacion,
        c1_0.nombre 
    from
        categorias c1_0 
    where
        c1_0.id=?
2026-05-23 21:19:28 [STOQ] [http-nio-8080-exec-4] DEBUG o.s.security.web.FilterChainProxy - Securing OPTIONS /api/productos
2026-05-23 21:19:28 [STOQ] [http-nio-8080-exec-4] DEBUG o.s.security.web.FilterChainProxy - Securing OPTIONS /api/categorias
2026-05-23 21:19:28 [STOQ] [http-nio-8080-exec-8] DEBUG o.s.security.web.FilterChainProxy - Securing GET /api/productos
2026-05-23 21:19:28 [STOQ] [http-nio-8080-exec-9] DEBUG o.s.security.web.FilterChainProxy - Securing GET /api/categorias
2026-05-23 21:19:28 [STOQ] [http-nio-8080-exec-6] DEBUG org.hibernate.SQL - 
    select
        c1_0.id,
        c1_0.descripcion,
        c1_0.estado,
        c1_0.fecha_creacion,
        c1_0.nombre 
    from
        categorias c1_0 
    where
        c1_0.id=?
2026-05-23 21:19:28 [STOQ] [http-nio-8080-exec-1] DEBUG o.s.security.web.FilterChainProxy - Securing OPTIONS /api/unidades
2026-05-23 21:19:28 [STOQ] [http-nio-8080-exec-5] DEBUG org.hibernate.SQL - 
    select
        c1_0.id,
        c1_0.descripcion,
        c1_0.estado,
        c1_0.fecha_creacion,
        c1_0.nombre 
    from
        categorias c1_0 
    where
        c1_0.id=?
2026-05-23 21:19:28 [STOQ] [http-nio-8080-exec-8] DEBUG org.hibernate.SQL - 
    select
        u1_0.id,
        u1_0.contrasena_hash,
        u1_0.correo,
        u1_0.empresa,
        u1_0.estado,
        u1_0.nombre,
        u1_0.rol_id 
    from
        usuarios u1_0 
    where
        u1_0.correo=?
2026-05-23 21:19:28 [STOQ] [http-nio-8080-exec-9] DEBUG org.hibernate.SQL - 
    select
        u1_0.id,
        u1_0.contrasena_hash,
        u1_0.correo,
        u1_0.empresa,
        u1_0.estado,
        u1_0.nombre,
        u1_0.rol_id 
    from
        usuarios u1_0 
    where
        u1_0.correo=?
2026-05-23 21:19:28 [STOQ] [http-nio-8080-exec-3] DEBUG o.s.security.web.FilterChainProxy - Securing GET /api/unidades
2026-05-23 21:19:28 [STOQ] [http-nio-8080-exec-3] DEBUG org.hibernate.SQL - 
    select
        u1_0.id,
        u1_0.contrasena_hash,
        u1_0.correo,
        u1_0.empresa,
        u1_0.estado,
        u1_0.nombre,
        u1_0.rol_id 
    from
        usuarios u1_0 
    where
        u1_0.correo=?
2026-05-23 21:19:29 [STOQ] [http-nio-8080-exec-5] DEBUG org.hibernate.SQL - 
    select
        c1_0.id,
        c1_0.descripcion,
        c1_0.estado,
        c1_0.fecha_creacion,
        c1_0.nombre 
    from
        categorias c1_0 
    where
        c1_0.id=?
2026-05-23 21:19:29 [STOQ] [http-nio-8080-exec-6] DEBUG org.hibernate.SQL - 
    select
        c1_0.id,
        c1_0.descripcion,
        c1_0.estado,
        c1_0.fecha_creacion,
        c1_0.nombre 
    from
        categorias c1_0 
    where
        c1_0.id=?
2026-05-23 21:19:29 [STOQ] [http-nio-8080-exec-8] DEBUG org.hibernate.SQL - 
    select
        r1_0.id,
        r1_0.descripcion,
        r1_0.nombre 
    from
        roles r1_0 
    where
        r1_0.id=?
2026-05-23 21:19:29 [STOQ] [http-nio-8080-exec-3] DEBUG org.hibernate.SQL - 
    select
        r1_0.id,
        r1_0.descripcion,
        r1_0.nombre 
    from
        roles r1_0 
    where
        r1_0.id=?
2026-05-23 21:19:29 [STOQ] [http-nio-8080-exec-9] DEBUG org.hibernate.SQL - 
    select
        r1_0.id,
        r1_0.descripcion,
        r1_0.nombre 
    from
        roles r1_0 
    where
        r1_0.id=?
2026-05-23 21:19:29 [STOQ] [http-nio-8080-exec-8] INFO  c.Proyecto.stoq.security.JwtFilter - Authenticated request for email=gerente@gmail.com role=GERENTE path=/api/productos
2026-05-23 21:19:29 [STOQ] [http-nio-8080-exec-8] DEBUG o.s.security.web.FilterChainProxy - Secured GET /api/productos
2026-05-23 21:19:29 [STOQ] [http-nio-8080-exec-3] INFO  c.Proyecto.stoq.security.JwtFilter - Authenticated request for email=gerente@gmail.com role=GERENTE path=/api/unidades
2026-05-23 21:19:29 [STOQ] [http-nio-8080-exec-3] DEBUG o.s.security.web.FilterChainProxy - Secured GET /api/unidades
2026-05-23 21:19:29 [STOQ] [http-nio-8080-exec-9] INFO  c.Proyecto.stoq.security.JwtFilter - Authenticated request for email=gerente@gmail.com role=GERENTE path=/api/categorias
2026-05-23 21:19:29 [STOQ] [http-nio-8080-exec-9] DEBUG o.s.security.web.FilterChainProxy - Secured GET /api/categorias
2026-05-23 21:19:29 [STOQ] [http-nio-8080-exec-8] INFO  c.P.s.a.aspects.ApiLoggingAspect - [STOQ-MONITOR] ============================================================
2026-05-23 21:19:29 [STOQ] [http-nio-8080-exec-8] INFO  c.P.s.a.aspects.ApiLoggingAspect - [STOQ-MONITOR] IN  2026-05-23 21:19:29 | GET /api/productos | user=gerente@gmail.com | ip=0:0:0:0:0:0:0:1 | ua=Mozilla/5.0 (X11; Linux x86_64) AppleWebKit/537.36 (KHTML, like Gecko) Chrome/148.0.0.0 Safari/537.36
2026-05-23 21:19:29 [STOQ] [http-nio-8080-exec-3] INFO  c.P.s.a.aspects.ApiLoggingAspect - [STOQ-MONITOR] ============================================================
2026-05-23 21:19:29 [STOQ] [http-nio-8080-exec-3] INFO  c.P.s.a.aspects.ApiLoggingAspect - [STOQ-MONITOR] IN  2026-05-23 21:19:29 | GET /api/unidades | user=gerente@gmail.com | ip=0:0:0:0:0:0:0:1 | ua=Mozilla/5.0 (X11; Linux x86_64) AppleWebKit/537.36 (KHTML, like Gecko) Chrome/148.0.0.0 Safari/537.36
2026-05-23 21:19:29 [STOQ] [http-nio-8080-exec-8] DEBUG org.hibernate.SQL - 
    select
        u1_0.id,
        u1_0.contrasena_hash,
        u1_0.correo,
        u1_0.empresa,
        u1_0.estado,
        u1_0.nombre,
        u1_0.rol_id 
    from
        usuarios u1_0 
    where
        u1_0.correo=?
2026-05-23 21:19:29 [STOQ] [http-nio-8080-exec-9] INFO  c.P.s.a.aspects.ApiLoggingAspect - [STOQ-MONITOR] ============================================================
2026-05-23 21:19:29 [STOQ] [http-nio-8080-exec-9] INFO  c.P.s.a.aspects.ApiLoggingAspect - [STOQ-MONITOR] IN  2026-05-23 21:19:29 | GET /api/categorias | user=gerente@gmail.com | ip=0:0:0:0:0:0:0:1 | ua=Mozilla/5.0 (X11; Linux x86_64) AppleWebKit/537.36 (KHTML, like Gecko) Chrome/148.0.0.0 Safari/537.36
2026-05-23 21:19:29 [STOQ] [http-nio-8080-exec-6] DEBUG org.hibernate.SQL - 
    select
        a1_0.id,
        a1_0.fecha,
        a1_0.leida,
        a1_0.mensaje,
        a1_0.producto_id,
        p1_0.id,
        p1_0.categoria_id,
        c1_0.id,
        c1_0.descripcion,
        c1_0.estado,
        c1_0.fecha_creacion,
        c1_0.nombre,
        p1_0.codigo,
        p1_0.empresa,
        p1_0.estado,
        p1_0.fecha_actualizacion,
        p1_0.fecha_creacion,
        p1_0.nombre,
        p1_0.stock_actual,
        p1_0.stock_minimo,
        p1_0.ubicacion,
        p1_0.unidad_id,
        a1_0.tipo 
    from
        alertas a1_0 
    join
        productos p1_0 
            on p1_0.id=a1_0.producto_id 
    join
        categorias c1_0 
            on c1_0.id=p1_0.categoria_id
2026-05-23 21:19:29 [STOQ] [http-nio-8080-exec-3] DEBUG org.hibernate.SQL - 
    select
        u1_0.id,
        u1_0.abreviatura,
        u1_0.estado,
        u1_0.nombre 
    from
        unidades u1_0
2026-05-23 21:19:29 [STOQ] [http-nio-8080-exec-9] DEBUG org.hibernate.SQL - 
    select
        c1_0.id,
        c1_0.descripcion,
        c1_0.estado,
        c1_0.fecha_creacion,
        c1_0.nombre 
    from
        categorias c1_0
2026-05-23 21:19:30 [STOQ] [http-nio-8080-exec-8] DEBUG org.hibernate.SQL - 
    select
        r1_0.id,
        r1_0.descripcion,
        r1_0.nombre 
    from
        roles r1_0 
    where
        r1_0.id=?
2026-05-23 21:19:30 [STOQ] [http-nio-8080-exec-5] INFO  c.P.s.a.aspects.ApiLoggingAspect - [STOQ-MONITOR] OUT GET /api/productos/criticos | status=OK | time=4039 ms | endpoint=ProductosController.obtenerProductosCriticos()
2026-05-23 21:19:30 [STOQ] [http-nio-8080-exec-5] INFO  c.P.s.a.aspects.ApiLoggingAspect - [STOQ-MONITOR] ============================================================
2026-05-23 21:19:30 [STOQ] [http-nio-8080-exec-2] DEBUG o.s.security.web.FilterChainProxy - Securing GET /api/productos/criticos
2026-05-23 21:19:30 [STOQ] [http-nio-8080-exec-2] DEBUG org.hibernate.SQL - 
    select
        u1_0.id,
        u1_0.contrasena_hash,
        u1_0.correo,
        u1_0.empresa,
        u1_0.estado,
        u1_0.nombre,
        u1_0.rol_id 
    from
        usuarios u1_0 
    where
        u1_0.correo=?
2026-05-23 21:19:30 [STOQ] [http-nio-8080-exec-9] INFO  c.P.s.a.aspects.ApiLoggingAspect - [STOQ-MONITOR] OUT GET /api/categorias | status=OK | time=538 ms | endpoint=CategoriasController.obtenerCategorias()
2026-05-23 21:19:30 [STOQ] [http-nio-8080-exec-9] INFO  c.P.s.a.aspects.ApiLoggingAspect - [STOQ-MONITOR] ============================================================
2026-05-23 21:19:30 [STOQ] [http-nio-8080-exec-8] DEBUG org.hibernate.SQL - 
    select
        p1_0.id,
        p1_0.categoria_id,
        p1_0.codigo,
        p1_0.empresa,
        p1_0.estado,
        p1_0.fecha_actualizacion,
        p1_0.fecha_creacion,
        p1_0.nombre,
        p1_0.stock_actual,
        p1_0.stock_minimo,
        p1_0.ubicacion,
        p1_0.unidad_id 
    from
        productos p1_0
2026-05-23 21:19:30 [STOQ] [http-nio-8080-exec-3] INFO  c.P.s.a.aspects.ApiLoggingAspect - [STOQ-MONITOR] OUT GET /api/unidades | status=OK | time=551 ms | endpoint=UnidadController.listado_unidades()
2026-05-23 21:19:30 [STOQ] [http-nio-8080-exec-3] INFO  c.P.s.a.aspects.ApiLoggingAspect - [STOQ-MONITOR] ============================================================
2026-05-23 21:19:30 [STOQ] [http-nio-8080-exec-6] DEBUG org.hibernate.SQL - 
    select
        a1_0.id,
        a1_0.fecha,
        a1_0.leida,
        a1_0.mensaje,
        a1_0.producto_id,
        p1_0.id,
        p1_0.categoria_id,
        c1_0.id,
        c1_0.descripcion,
        c1_0.estado,
        c1_0.fecha_creacion,
        c1_0.nombre,
        p1_0.codigo,
        p1_0.empresa,
        p1_0.estado,
        p1_0.fecha_actualizacion,
        p1_0.fecha_creacion,
        p1_0.nombre,
        p1_0.stock_actual,
        p1_0.stock_minimo,
        p1_0.ubicacion,
        p1_0.unidad_id,
        a1_0.tipo 
    from
        alertas a1_0 
    join
        productos p1_0 
            on p1_0.id=a1_0.producto_id 
    join
        categorias c1_0 
            on c1_0.id=p1_0.categoria_id
2026-05-23 21:19:30 [STOQ] [http-nio-8080-exec-2] DEBUG org.hibernate.SQL - 
    select
        r1_0.id,
        r1_0.descripcion,
        r1_0.nombre 
    from
        roles r1_0 
    where
        r1_0.id=?
2026-05-23 21:19:30 [STOQ] [http-nio-8080-exec-8] DEBUG org.hibernate.SQL - 
    select
        c1_0.id,
        c1_0.descripcion,
        c1_0.estado,
        c1_0.fecha_creacion,
        c1_0.nombre 
    from
        categorias c1_0 
    where
        c1_0.id=?
2026-05-23 21:19:30 [STOQ] [http-nio-8080-exec-2] INFO  c.Proyecto.stoq.security.JwtFilter - Authenticated request for email=gerente@gmail.com role=GERENTE path=/api/productos/criticos
2026-05-23 21:19:31 [STOQ] [http-nio-8080-exec-2] DEBUG o.s.security.web.FilterChainProxy - Secured GET /api/productos/criticos
2026-05-23 21:19:31 [STOQ] [http-nio-8080-exec-2] DEBUG o.s.s.a.m.AuthorizationManagerBeforeMethodInterceptor - Authorizing method invocation ReflectiveMethodInvocation: public java.util.List com.Proyecto.stoq.adapters.controllers.ProductosController.obtenerProductosCriticos(); target is of class [com.Proyecto.stoq.adapters.controllers.ProductosController]
2026-05-23 21:19:31 [STOQ] [http-nio-8080-exec-2] DEBUG o.s.s.a.m.AuthorizationManagerBeforeMethodInterceptor - Authorized method invocation ReflectiveMethodInvocation: public java.util.List com.Proyecto.stoq.adapters.controllers.ProductosController.obtenerProductosCriticos(); target is of class [com.Proyecto.stoq.adapters.controllers.ProductosController]
2026-05-23 21:19:31 [STOQ] [http-nio-8080-exec-2] INFO  c.P.s.a.aspects.ApiLoggingAspect - [STOQ-MONITOR] ============================================================
2026-05-23 21:19:31 [STOQ] [http-nio-8080-exec-2] INFO  c.P.s.a.aspects.ApiLoggingAspect - [STOQ-MONITOR] IN  2026-05-23 21:19:31 | GET /api/productos/criticos | user=gerente@gmail.com | ip=0:0:0:0:0:0:0:1 | ua=Mozilla/5.0 (X11; Linux x86_64) AppleWebKit/537.36 (KHTML, like Gecko) Chrome/148.0.0.0 Safari/537.36
2026-05-23 21:19:31 [STOQ] [http-nio-8080-exec-8] DEBUG org.hibernate.SQL - 
    select
        u1_0.id,
        u1_0.abreviatura,
        u1_0.estado,
        u1_0.nombre 
    from
        unidades u1_0 
    where
        u1_0.id=?
2026-05-23 21:19:31 [STOQ] [http-nio-8080-exec-2] DEBUG org.hibernate.SQL - 
    select
        u1_0.id,
        u1_0.contrasena_hash,
        u1_0.correo,
        u1_0.empresa,
        u1_0.estado,
        u1_0.nombre,
        u1_0.rol_id 
    from
        usuarios u1_0 
    where
        u1_0.correo=?
2026-05-23 21:19:31 [STOQ] [http-nio-8080-exec-6] INFO  c.P.s.a.aspects.ApiLoggingAspect - [STOQ-MONITOR] OUT GET /api/alertas/resumen | status=OK | time=4837 ms | endpoint=AlertaController.obtenerResumen()
2026-05-23 21:19:31 [STOQ] [http-nio-8080-exec-6] INFO  c.P.s.a.aspects.ApiLoggingAspect - [STOQ-MONITOR] ============================================================
2026-05-23 21:19:31 [STOQ] [http-nio-8080-exec-10] DEBUG o.s.security.web.FilterChainProxy - Securing GET /api/alertas/resumen
2026-05-23 21:19:31 [STOQ] [http-nio-8080-exec-10] DEBUG org.hibernate.SQL - 
    select
        u1_0.id,
        u1_0.contrasena_hash,
        u1_0.correo,
        u1_0.empresa,
        u1_0.estado,
        u1_0.nombre,
        u1_0.rol_id 
    from
        usuarios u1_0 
    where
        u1_0.correo=?
2026-05-23 21:19:31 [STOQ] [http-nio-8080-exec-8] DEBUG org.hibernate.SQL - 
    select
        u1_0.id,
        u1_0.abreviatura,
        u1_0.estado,
        u1_0.nombre 
    from
        unidades u1_0 
    where
        u1_0.id=?
2026-05-23 21:19:31 [STOQ] [http-nio-8080-exec-2] DEBUG org.hibernate.SQL - 
    select
        r1_0.id,
        r1_0.descripcion,
        r1_0.nombre 
    from
        roles r1_0 
    where
        r1_0.id=?
2026-05-23 21:19:31 [STOQ] [http-nio-8080-exec-10] DEBUG org.hibernate.SQL - 
    select
        r1_0.id,
        r1_0.descripcion,
        r1_0.nombre 
    from
        roles r1_0 
    where
        r1_0.id=?
2026-05-23 21:19:31 [STOQ] [http-nio-8080-exec-8] DEBUG org.hibernate.SQL - 
    select
        u1_0.id,
        u1_0.abreviatura,
        u1_0.estado,
        u1_0.nombre 
    from
        unidades u1_0 
    where
        u1_0.id=?
2026-05-23 21:19:31 [STOQ] [http-nio-8080-exec-2] DEBUG org.hibernate.SQL - 
    select
        p1_0.id,
        p1_0.categoria_id,
        p1_0.codigo,
        p1_0.empresa,
        p1_0.estado,
        p1_0.fecha_actualizacion,
        p1_0.fecha_creacion,
        p1_0.nombre,
        p1_0.stock_actual,
        p1_0.stock_minimo,
        p1_0.ubicacion,
        p1_0.unidad_id 
    from
        productos p1_0
2026-05-23 21:19:31 [STOQ] [http-nio-8080-exec-10] INFO  c.Proyecto.stoq.security.JwtFilter - Authenticated request for email=gerente@gmail.com role=GERENTE path=/api/alertas/resumen
2026-05-23 21:19:31 [STOQ] [http-nio-8080-exec-10] DEBUG o.s.security.web.FilterChainProxy - Secured GET /api/alertas/resumen
2026-05-23 21:19:31 [STOQ] [http-nio-8080-exec-10] INFO  c.P.s.a.aspects.ApiLoggingAspect - [STOQ-MONITOR] ============================================================
2026-05-23 21:19:31 [STOQ] [http-nio-8080-exec-10] INFO  c.P.s.a.aspects.ApiLoggingAspect - [STOQ-MONITOR] IN  2026-05-23 21:19:31 | GET /api/alertas/resumen | user=gerente@gmail.com | ip=0:0:0:0:0:0:0:1 | ua=Mozilla/5.0 (X11; Linux x86_64) AppleWebKit/537.36 (KHTML, like Gecko) Chrome/148.0.0.0 Safari/537.36
2026-05-23 21:19:31 [STOQ] [http-nio-8080-exec-10] DEBUG org.hibernate.SQL - 
    select
        u1_0.id,
        u1_0.contrasena_hash,
        u1_0.correo,
        u1_0.empresa,
        u1_0.estado,
        u1_0.nombre,
        u1_0.rol_id 
    from
        usuarios u1_0 
    where
        u1_0.correo=?
2026-05-23 21:19:31 [STOQ] [http-nio-8080-exec-8] DEBUG org.hibernate.SQL - 
    select
        u1_0.id,
        u1_0.abreviatura,
        u1_0.estado,
        u1_0.nombre 
    from
        unidades u1_0 
    where
        u1_0.id=?
2026-05-23 21:19:31 [STOQ] [http-nio-8080-exec-2] DEBUG org.hibernate.SQL - 
    select
        c1_0.id,
        c1_0.descripcion,
        c1_0.estado,
        c1_0.fecha_creacion,
        c1_0.nombre 
    from
        categorias c1_0 
    where
        c1_0.id=?
2026-05-23 21:19:31 [STOQ] [http-nio-8080-exec-10] DEBUG org.hibernate.SQL - 
    select
        r1_0.id,
        r1_0.descripcion,
        r1_0.nombre 
    from
        roles r1_0 
    where
        r1_0.id=?
2026-05-23 21:19:32 [STOQ] [http-nio-8080-exec-2] DEBUG org.hibernate.SQL - 
    select
        u1_0.id,
        u1_0.abreviatura,
        u1_0.estado,
        u1_0.nombre 
    from
        unidades u1_0 
    where
        u1_0.id=?
2026-05-23 21:19:32 [STOQ] [http-nio-8080-exec-8] DEBUG org.hibernate.SQL - 
    select
        c1_0.id,
        c1_0.descripcion,
        c1_0.estado,
        c1_0.fecha_creacion,
        c1_0.nombre 
    from
        categorias c1_0 
    where
        c1_0.id=?
2026-05-23 21:19:32 [STOQ] [http-nio-8080-exec-10] DEBUG org.hibernate.SQL - 
    select
        p1_0.id,
        p1_0.categoria_id,
        p1_0.codigo,
        p1_0.empresa,
        p1_0.estado,
        p1_0.fecha_actualizacion,
        p1_0.fecha_creacion,
        p1_0.nombre,
        p1_0.stock_actual,
        p1_0.stock_minimo,
        p1_0.ubicacion,
        p1_0.unidad_id 
    from
        productos p1_0
2026-05-23 21:19:32 [STOQ] [http-nio-8080-exec-2] DEBUG org.hibernate.SQL - 
    select
        u1_0.id,
        u1_0.abreviatura,
        u1_0.estado,
        u1_0.nombre 
    from
        unidades u1_0 
    where
        u1_0.id=?
2026-05-23 21:19:32 [STOQ] [http-nio-8080-exec-8] DEBUG org.hibernate.SQL - 
    select
        c1_0.id,
        c1_0.descripcion,
        c1_0.estado,
        c1_0.fecha_creacion,
        c1_0.nombre 
    from
        categorias c1_0 
    where
        c1_0.id=?
2026-05-23 21:19:32 [STOQ] [http-nio-8080-exec-10] DEBUG org.hibernate.SQL - 
    select
        c1_0.id,
        c1_0.descripcion,
        c1_0.estado,
        c1_0.fecha_creacion,
        c1_0.nombre 
    from
        categorias c1_0 
    where
        c1_0.id=?
2026-05-23 21:19:32 [STOQ] [http-nio-8080-exec-2] DEBUG org.hibernate.SQL - 
    select
        u1_0.id,
        u1_0.abreviatura,
        u1_0.estado,
        u1_0.nombre 
    from
        unidades u1_0 
    where
        u1_0.id=?
2026-05-23 21:19:32 [STOQ] [http-nio-8080-exec-8] DEBUG org.hibernate.SQL - 
    select
        c1_0.id,
        c1_0.descripcion,
        c1_0.estado,
        c1_0.fecha_creacion,
        c1_0.nombre 
    from
        categorias c1_0 
    where
        c1_0.id=?
2026-05-23 21:19:32 [STOQ] [http-nio-8080-exec-10] DEBUG org.hibernate.SQL - 
    select
        u1_0.id,
        u1_0.abreviatura,
        u1_0.estado,
        u1_0.nombre 
    from
        unidades u1_0 
    where
        u1_0.id=?
2026-05-23 21:19:32 [STOQ] [http-nio-8080-exec-2] DEBUG org.hibernate.SQL - 
    select
        u1_0.id,
        u1_0.abreviatura,
        u1_0.estado,
        u1_0.nombre 
    from
        unidades u1_0 
    where
        u1_0.id=?
2026-05-23 21:19:33 [STOQ] [http-nio-8080-exec-10] DEBUG org.hibernate.SQL - 
    select
        u1_0.id,
        u1_0.abreviatura,
        u1_0.estado,
        u1_0.nombre 
    from
        unidades u1_0 
    where
        u1_0.id=?
2026-05-23 21:19:33 [STOQ] [http-nio-8080-exec-2] DEBUG org.hibernate.SQL - 
    select
        c1_0.id,
        c1_0.descripcion,
        c1_0.estado,
        c1_0.fecha_creacion,
        c1_0.nombre 
    from
        categorias c1_0 
    where
        c1_0.id=?
2026-05-23 21:19:33 [STOQ] [http-nio-8080-exec-8] INFO  c.P.s.a.aspects.ApiLoggingAspect - [STOQ-MONITOR] OUT GET /api/productos | status=OK | time=3283 ms | endpoint=ProductosController.obtenerProductos()
2026-05-23 21:19:33 [STOQ] [http-nio-8080-exec-8] INFO  c.P.s.a.aspects.ApiLoggingAspect - [STOQ-MONITOR] ============================================================
2026-05-23 21:19:33 [STOQ] [http-nio-8080-exec-10] DEBUG org.hibernate.SQL - 
    select
        u1_0.id,
        u1_0.abreviatura,
        u1_0.estado,
        u1_0.nombre 
    from
        unidades u1_0 
    where
        u1_0.id=?
2026-05-23 21:19:33 [STOQ] [http-nio-8080-exec-2] DEBUG org.hibernate.SQL - 
    select
        c1_0.id,
        c1_0.descripcion,
        c1_0.estado,
        c1_0.fecha_creacion,
        c1_0.nombre 
    from
        categorias c1_0 
    where
        c1_0.id=?
2026-05-23 21:19:33 [STOQ] [http-nio-8080-exec-2] DEBUG org.hibernate.SQL - 
    select
        c1_0.id,
        c1_0.descripcion,
        c1_0.estado,
        c1_0.fecha_creacion,
        c1_0.nombre 
    from
        categorias c1_0 
    where
        c1_0.id=?
2026-05-23 21:19:33 [STOQ] [http-nio-8080-exec-10] DEBUG org.hibernate.SQL - 
    select
        u1_0.id,
        u1_0.abreviatura,
        u1_0.estado,
        u1_0.nombre 
    from
        unidades u1_0 
    where
        u1_0.id=?
2026-05-23 21:19:34 [STOQ] [http-nio-8080-exec-10] DEBUG org.hibernate.SQL - 
    select
        c1_0.id,
        c1_0.descripcion,
        c1_0.estado,
        c1_0.fecha_creacion,
        c1_0.nombre 
    from
        categorias c1_0 
    where
        c1_0.id=?
2026-05-23 21:19:34 [STOQ] [http-nio-8080-exec-10] DEBUG org.hibernate.SQL - 
    select
        c1_0.id,
        c1_0.descripcion,
        c1_0.estado,
        c1_0.fecha_creacion,
        c1_0.nombre 
    from
        categorias c1_0 
    where
        c1_0.id=?
2026-05-23 21:19:34 [STOQ] [http-nio-8080-exec-2] INFO  c.P.s.a.aspects.ApiLoggingAspect - [STOQ-MONITOR] OUT GET /api/productos/criticos | status=OK | time=3342 ms | endpoint=ProductosController.obtenerProductosCriticos()
2026-05-23 21:19:34 [STOQ] [http-nio-8080-exec-2] INFO  c.P.s.a.aspects.ApiLoggingAspect - [STOQ-MONITOR] ============================================================
2026-05-23 21:19:34 [STOQ] [http-nio-8080-exec-7] DEBUG o.s.security.web.FilterChainProxy - Securing GET /api/productos/criticos
2026-05-23 21:19:34 [STOQ] [http-nio-8080-exec-7] DEBUG org.hibernate.SQL - 
    select
        u1_0.id,
        u1_0.contrasena_hash,
        u1_0.correo,
        u1_0.empresa,
        u1_0.estado,
        u1_0.nombre,
        u1_0.rol_id 
    from
        usuarios u1_0 
    where
        u1_0.correo=?
2026-05-23 21:19:34 [STOQ] [http-nio-8080-exec-10] DEBUG org.hibernate.SQL - 
    select
        c1_0.id,
        c1_0.descripcion,
        c1_0.estado,
        c1_0.fecha_creacion,
        c1_0.nombre 
    from
        categorias c1_0 
    where
        c1_0.id=?
2026-05-23 21:19:34 [STOQ] [http-nio-8080-exec-7] DEBUG org.hibernate.SQL - 
    select
        r1_0.id,
        r1_0.descripcion,
        r1_0.nombre 
    from
        roles r1_0 
    where
        r1_0.id=?
2026-05-23 21:19:35 [STOQ] [http-nio-8080-exec-7] INFO  c.Proyecto.stoq.security.JwtFilter - Authenticated request for email=gerente@gmail.com role=GERENTE path=/api/productos/criticos
2026-05-23 21:19:35 [STOQ] [http-nio-8080-exec-7] DEBUG o.s.security.web.FilterChainProxy - Secured GET /api/productos/criticos
2026-05-23 21:19:35 [STOQ] [http-nio-8080-exec-7] DEBUG o.s.s.a.m.AuthorizationManagerBeforeMethodInterceptor - Authorizing method invocation ReflectiveMethodInvocation: public java.util.List com.Proyecto.stoq.adapters.controllers.ProductosController.obtenerProductosCriticos(); target is of class [com.Proyecto.stoq.adapters.controllers.ProductosController]
2026-05-23 21:19:35 [STOQ] [http-nio-8080-exec-7] DEBUG o.s.s.a.m.AuthorizationManagerBeforeMethodInterceptor - Authorized method invocation ReflectiveMethodInvocation: public java.util.List com.Proyecto.stoq.adapters.controllers.ProductosController.obtenerProductosCriticos(); target is of class [com.Proyecto.stoq.adapters.controllers.ProductosController]
2026-05-23 21:19:35 [STOQ] [http-nio-8080-exec-7] INFO  c.P.s.a.aspects.ApiLoggingAspect - [STOQ-MONITOR] ============================================================
2026-05-23 21:19:35 [STOQ] [http-nio-8080-exec-7] INFO  c.P.s.a.aspects.ApiLoggingAspect - [STOQ-MONITOR] IN  2026-05-23 21:19:35 | GET /api/productos/criticos | user=gerente@gmail.com | ip=0:0:0:0:0:0:0:1 | ua=Mozilla/5.0 (X11; Linux x86_64) AppleWebKit/537.36 (KHTML, like Gecko) Chrome/148.0.0.0 Safari/537.36
2026-05-23 21:19:35 [STOQ] [http-nio-8080-exec-7] DEBUG org.hibernate.SQL - 
    select
        u1_0.id,
        u1_0.contrasena_hash,
        u1_0.correo,
        u1_0.empresa,
        u1_0.estado,
        u1_0.nombre,
        u1_0.rol_id 
    from
        usuarios u1_0 
    where
        u1_0.correo=?
2026-05-23 21:19:35 [STOQ] [http-nio-8080-exec-10] DEBUG org.hibernate.SQL - 
    select
        a1_0.id,
        a1_0.fecha,
        a1_0.leida,
        a1_0.mensaje,
        a1_0.producto_id,
        p1_0.id,
        p1_0.categoria_id,
        c1_0.id,
        c1_0.descripcion,
        c1_0.estado,
        c1_0.fecha_creacion,
        c1_0.nombre,
        p1_0.codigo,
        p1_0.empresa,
        p1_0.estado,
        p1_0.fecha_actualizacion,
        p1_0.fecha_creacion,
        p1_0.nombre,
        p1_0.stock_actual,
        p1_0.stock_minimo,
        p1_0.ubicacion,
        p1_0.unidad_id,
        a1_0.tipo 
    from
        alertas a1_0 
    join
        productos p1_0 
            on p1_0.id=a1_0.producto_id 
    join
        categorias c1_0 
            on c1_0.id=p1_0.categoria_id
2026-05-23 21:19:35 [STOQ] [http-nio-8080-exec-7] DEBUG org.hibernate.SQL - 
    select
        r1_0.id,
        r1_0.descripcion,
        r1_0.nombre 
    from
        roles r1_0 
    where
        r1_0.id=?
2026-05-23 21:19:35 [STOQ] [http-nio-8080-exec-7] DEBUG org.hibernate.SQL - 
    select
        p1_0.id,
        p1_0.categoria_id,
        p1_0.codigo,
        p1_0.empresa,
        p1_0.estado,
        p1_0.fecha_actualizacion,
        p1_0.fecha_creacion,
        p1_0.nombre,
        p1_0.stock_actual,
        p1_0.stock_minimo,
        p1_0.ubicacion,
        p1_0.unidad_id 
    from
        productos p1_0
2026-05-23 21:19:35 [STOQ] [http-nio-8080-exec-10] DEBUG org.hibernate.SQL - 
    select
        a1_0.id,
        a1_0.fecha,
        a1_0.leida,
        a1_0.mensaje,
        a1_0.producto_id,
        p1_0.id,
        p1_0.categoria_id,
        c1_0.id,
        c1_0.descripcion,
        c1_0.estado,
        c1_0.fecha_creacion,
        c1_0.nombre,
        p1_0.codigo,
        p1_0.empresa,
        p1_0.estado,
        p1_0.fecha_actualizacion,
        p1_0.fecha_creacion,
        p1_0.nombre,
        p1_0.stock_actual,
        p1_0.stock_minimo,
        p1_0.ubicacion,
        p1_0.unidad_id,
        a1_0.tipo 
    from
        alertas a1_0 
    join
        productos p1_0 
            on p1_0.id=a1_0.producto_id 
    join
        categorias c1_0 
            on c1_0.id=p1_0.categoria_id
2026-05-23 21:19:36 [STOQ] [http-nio-8080-exec-7] DEBUG org.hibernate.SQL - 
    select
        c1_0.id,
        c1_0.descripcion,
        c1_0.estado,
        c1_0.fecha_creacion,
        c1_0.nombre 
    from
        categorias c1_0 
    where
        c1_0.id=?
2026-05-23 21:19:36 [STOQ] [http-nio-8080-exec-10] INFO  c.P.s.a.aspects.ApiLoggingAspect - [STOQ-MONITOR] OUT GET /api/alertas/resumen | status=OK | time=4638 ms | endpoint=AlertaController.obtenerResumen()
2026-05-23 21:19:36 [STOQ] [http-nio-8080-exec-10] INFO  c.P.s.a.aspects.ApiLoggingAspect - [STOQ-MONITOR] ============================================================
2026-05-23 21:19:36 [STOQ] [http-nio-8080-exec-7] DEBUG org.hibernate.SQL - 
    select
        u1_0.id,
        u1_0.abreviatura,
        u1_0.estado,
        u1_0.nombre 
    from
        unidades u1_0 
    where
        u1_0.id=?
2026-05-23 21:19:36 [STOQ] [http-nio-8080-exec-7] DEBUG org.hibernate.SQL - 
    select
        u1_0.id,
        u1_0.abreviatura,
        u1_0.estado,
        u1_0.nombre 
    from
        unidades u1_0 
    where
        u1_0.id=?
2026-05-23 21:19:36 [STOQ] [http-nio-8080-exec-7] DEBUG org.hibernate.SQL - 
    select
        u1_0.id,
        u1_0.abreviatura,
        u1_0.estado,
        u1_0.nombre 
    from
        unidades u1_0 
    where
        u1_0.id=?
2026-05-23 21:19:37 [STOQ] [http-nio-8080-exec-7] DEBUG org.hibernate.SQL - 
    select
        u1_0.id,
        u1_0.abreviatura,
        u1_0.estado,
        u1_0.nombre 
    from
        unidades u1_0 
    where
        u1_0.id=?
2026-05-23 21:19:37 [STOQ] [http-nio-8080-exec-7] DEBUG org.hibernate.SQL - 
    select
        c1_0.id,
        c1_0.descripcion,
        c1_0.estado,
        c1_0.fecha_creacion,
        c1_0.nombre 
    from
        categorias c1_0 
    where
        c1_0.id=?
2026-05-23 21:19:37 [STOQ] [http-nio-8080-exec-7] DEBUG org.hibernate.SQL - 
    select
        c1_0.id,
        c1_0.descripcion,
        c1_0.estado,
        c1_0.fecha_creacion,
        c1_0.nombre 
    from
        categorias c1_0 
    where
        c1_0.id=?
2026-05-23 21:19:38 [STOQ] [http-nio-8080-exec-7] DEBUG org.hibernate.SQL - 
    select
        c1_0.id,
        c1_0.descripcion,
        c1_0.estado,
        c1_0.fecha_creacion,
        c1_0.nombre 
    from
        categorias c1_0 
    where
        c1_0.id=?
2026-05-23 21:19:38 [STOQ] [http-nio-8080-exec-7] INFO  c.P.s.a.aspects.ApiLoggingAspect - [STOQ-MONITOR] OUT GET /api/productos/criticos | status=OK | time=3282 ms | endpoint=ProductosController.obtenerProductosCriticos()
2026-05-23 21:19:38 [STOQ] [http-nio-8080-exec-7] INFO  c.P.s.a.aspects.ApiLoggingAspect - [STOQ-MONITOR] ============================================================
2026-05-23 21:19:48 [STOQ] [http-nio-8080-exec-4] DEBUG o.s.security.web.FilterChainProxy - Securing OPTIONS /api/movimientos
2026-05-23 21:19:48 [STOQ] [http-nio-8080-exec-1] DEBUG o.s.security.web.FilterChainProxy - Securing POST /api/movimientos
2026-05-23 21:19:48 [STOQ] [http-nio-8080-exec-1] DEBUG org.hibernate.SQL - 
    select
        u1_0.id,
        u1_0.contrasena_hash,
        u1_0.correo,
        u1_0.empresa,
        u1_0.estado,
        u1_0.nombre,
        u1_0.rol_id 
    from
        usuarios u1_0 
    where
        u1_0.correo=?
2026-05-23 21:19:49 [STOQ] [http-nio-8080-exec-1] DEBUG org.hibernate.SQL - 
    select
        r1_0.id,
        r1_0.descripcion,
        r1_0.nombre 
    from
        roles r1_0 
    where
        r1_0.id=?
2026-05-23 21:19:49 [STOQ] [http-nio-8080-exec-1] INFO  c.Proyecto.stoq.security.JwtFilter - Authenticated request for email=gerente@gmail.com role=GERENTE path=/api/movimientos
2026-05-23 21:19:49 [STOQ] [http-nio-8080-exec-1] DEBUG o.s.security.web.FilterChainProxy - Secured POST /api/movimientos
2026-05-23 21:19:49 [STOQ] [http-nio-8080-exec-1] INFO  c.P.s.a.aspects.ApiLoggingAspect - [STOQ-MONITOR] ============================================================
2026-05-23 21:19:49 [STOQ] [http-nio-8080-exec-1] INFO  c.P.s.a.aspects.ApiLoggingAspect - [STOQ-MONITOR] IN  2026-05-23 21:19:49 | POST /api/movimientos | user=gerente@gmail.com | ip=0:0:0:0:0:0:0:1 | ua=Mozilla/5.0 (X11; Linux x86_64) AppleWebKit/537.36 (KHTML, like Gecko) Chrome/148.0.0.0 Safari/537.36
2026-05-23 21:19:49 [STOQ] [http-nio-8080-exec-1] DEBUG org.hibernate.SQL - 
    select
        p1_0.id,
        p1_0.categoria_id,
        c1_0.id,
        c1_0.descripcion,
        c1_0.estado,
        c1_0.fecha_creacion,
        c1_0.nombre,
        p1_0.codigo,
        p1_0.empresa,
        p1_0.estado,
        p1_0.fecha_actualizacion,
        p1_0.fecha_creacion,
        p1_0.nombre,
        p1_0.stock_actual,
        p1_0.stock_minimo,
        p1_0.ubicacion,
        p1_0.unidad_id,
        u1_0.id,
        u1_0.abreviatura,
        u1_0.estado,
        u1_0.nombre 
    from
        productos p1_0 
    join
        categorias c1_0 
            on c1_0.id=p1_0.categoria_id 
    join
        unidades u1_0 
            on u1_0.id=p1_0.unidad_id 
    where
        p1_0.id=?
2026-05-23 21:19:49 [STOQ] [http-nio-8080-exec-1] DEBUG org.hibernate.SQL - 
    select
        u1_0.id,
        u1_0.contrasena_hash,
        u1_0.correo,
        u1_0.empresa,
        u1_0.estado,
        u1_0.nombre,
        u1_0.rol_id 
    from
        usuarios u1_0 
    where
        u1_0.correo=?
2026-05-23 21:19:49 [STOQ] [http-nio-8080-exec-1] DEBUG org.hibernate.SQL - 
    select
        r1_0.id,
        r1_0.descripcion,
        r1_0.nombre 
    from
        roles r1_0 
    where
        r1_0.id=?
2026-05-23 21:19:50 [STOQ] [http-nio-8080-exec-1] INFO  c.P.s.a.s.MovimientoInventarioServiceImpl - [STOQ-BIZ] MOVIMIENTO ENTRADA | productoId=3186e576-8afe-4814-ad4c-a6eaa59fd965 | cantidad=10 | stockAnterior=45 | stockResultante=55 | usuario=gerente@gmail.com
2026-05-23 21:19:50 [STOQ] [http-nio-8080-exec-1] INFO  c.P.s.a.services.AuditService - [STOQ-AUDIT] SAVE | entity=MovimientoInventario | operation=CREATE | record=edd43284-ebd9-4f9d-a908-69b6259647b9 | user=gerente@gmail.com | endpoint=POST /api/movimientos | ip=0:0:0:0:0:0:0:1
2026-05-23 21:19:50 [STOQ] [http-nio-8080-exec-1] DEBUG org.hibernate.SQL - 
    insert 
    into
        movimientos_inventario
        (cantidad, fecha_movimiento, motivo, producto_id, stock_anterior, stock_resultante, tipo_movimiento, usuario_id, id) 
    values
        (?, ?, ?, ?, ?, ?, ?, ?, ?)
2026-05-23 21:19:50 [STOQ] [http-nio-8080-exec-1] DEBUG org.hibernate.SQL - 
    insert 
    into
        audit_logs
        (cambios_anterior, cambios_nuevo, created_by, created_date, endpoint, entidad, id_registro, ip_origen, operacion, user_agent, id) 
    values
        (?, ?, ?, ?, ?, ?, ?, ?, ?, ?, ?)
2026-05-23 21:19:50 [STOQ] [http-nio-8080-exec-1] DEBUG org.hibernate.SQL - 
    update
        productos 
    set
        categoria_id=?,
        codigo=?,
        empresa=?,
        estado=?,
        fecha_actualizacion=?,
        nombre=?,
        stock_actual=?,
        stock_minimo=?,
        ubicacion=?,
        unidad_id=? 
    where
        id=?
2026-05-23 21:19:51 [STOQ] [http-nio-8080-exec-1] INFO  c.P.s.a.aspects.ApiLoggingAspect - [STOQ-MONITOR] OUT POST /api/movimientos | status=OK | time=1867 ms | endpoint=MovimientoInventarioController.crearMovimiento(..)
2026-05-23 21:19:51 [STOQ] [http-nio-8080-exec-1] INFO  c.P.s.a.aspects.ApiLoggingAspect - [STOQ-MONITOR] ============================================================
2026-05-23 21:19:51 [STOQ] [http-nio-8080-exec-5] DEBUG o.s.security.web.FilterChainProxy - Securing OPTIONS /api/productos/criticos
2026-05-23 21:19:51 [STOQ] [http-nio-8080-exec-3] DEBUG o.s.security.web.FilterChainProxy - Securing OPTIONS /api/productos
2026-05-23 21:19:51 [STOQ] [http-nio-8080-exec-9] DEBUG o.s.security.web.FilterChainProxy - Securing GET /api/productos/criticos
2026-05-23 21:19:51 [STOQ] [http-nio-8080-exec-9] DEBUG org.hibernate.SQL - 
    select
        u1_0.id,
        u1_0.contrasena_hash,
        u1_0.correo,
        u1_0.empresa,
        u1_0.estado,
        u1_0.nombre,
        u1_0.rol_id 
    from
        usuarios u1_0 
    where
        u1_0.correo=?
2026-05-23 21:19:51 [STOQ] [http-nio-8080-exec-8] DEBUG o.s.security.web.FilterChainProxy - Securing OPTIONS /api/unidades
2026-05-23 21:19:51 [STOQ] [http-nio-8080-exec-6] DEBUG o.s.security.web.FilterChainProxy - Securing OPTIONS /api/categorias
2026-05-23 21:19:51 [STOQ] [http-nio-8080-exec-2] DEBUG o.s.security.web.FilterChainProxy - Securing GET /api/productos
2026-05-23 21:19:51 [STOQ] [http-nio-8080-exec-2] DEBUG org.hibernate.SQL - 
    select
        u1_0.id,
        u1_0.contrasena_hash,
        u1_0.correo,
        u1_0.empresa,
        u1_0.estado,
        u1_0.nombre,
        u1_0.rol_id 
    from
        usuarios u1_0 
    where
        u1_0.correo=?
2026-05-23 21:19:51 [STOQ] [http-nio-8080-exec-10] DEBUG o.s.security.web.FilterChainProxy - Securing GET /api/unidades
2026-05-23 21:19:51 [STOQ] [http-nio-8080-exec-7] DEBUG o.s.security.web.FilterChainProxy - Securing GET /api/categorias
2026-05-23 21:19:51 [STOQ] [http-nio-8080-exec-10] DEBUG org.hibernate.SQL - 
    select
        u1_0.id,
        u1_0.contrasena_hash,
        u1_0.correo,
        u1_0.empresa,
        u1_0.estado,
        u1_0.nombre,
        u1_0.rol_id 
    from
        usuarios u1_0 
    where
        u1_0.correo=?
2026-05-23 21:19:51 [STOQ] [http-nio-8080-exec-7] DEBUG org.hibernate.SQL - 
    select
        u1_0.id,
        u1_0.contrasena_hash,
        u1_0.correo,
        u1_0.empresa,
        u1_0.estado,
        u1_0.nombre,
        u1_0.rol_id 
    from
        usuarios u1_0 
    where
        u1_0.correo=?
2026-05-23 21:19:51 [STOQ] [http-nio-8080-exec-10] DEBUG org.hibernate.SQL - 
    select
        r1_0.id,
        r1_0.descripcion,
        r1_0.nombre 
    from
        roles r1_0 
    where
        r1_0.id=?
2026-05-23 21:19:52 [STOQ] [http-nio-8080-exec-9] DEBUG org.hibernate.SQL - 
    select
        r1_0.id,
        r1_0.descripcion,
        r1_0.nombre 
    from
        roles r1_0 
    where
        r1_0.id=?
2026-05-23 21:19:52 [STOQ] [http-nio-8080-exec-2] DEBUG org.hibernate.SQL - 
    select
        r1_0.id,
        r1_0.descripcion,
        r1_0.nombre 
    from
        roles r1_0 
    where
        r1_0.id=?
2026-05-23 21:19:52 [STOQ] [http-nio-8080-exec-10] INFO  c.Proyecto.stoq.security.JwtFilter - Authenticated request for email=gerente@gmail.com role=GERENTE path=/api/unidades
2026-05-23 21:19:52 [STOQ] [http-nio-8080-exec-10] DEBUG o.s.security.web.FilterChainProxy - Secured GET /api/unidades
2026-05-23 21:19:52 [STOQ] [http-nio-8080-exec-10] INFO  c.P.s.a.aspects.ApiLoggingAspect - [STOQ-MONITOR] ============================================================
2026-05-23 21:19:52 [STOQ] [http-nio-8080-exec-10] INFO  c.P.s.a.aspects.ApiLoggingAspect - [STOQ-MONITOR] IN  2026-05-23 21:19:52 | GET /api/unidades | user=gerente@gmail.com | ip=0:0:0:0:0:0:0:1 | ua=Mozilla/5.0 (X11; Linux x86_64) AppleWebKit/537.36 (KHTML, like Gecko) Chrome/148.0.0.0 Safari/537.36
2026-05-23 21:19:52 [STOQ] [http-nio-8080-exec-10] DEBUG org.hibernate.SQL - 
    select
        u1_0.id,
        u1_0.abreviatura,
        u1_0.estado,
        u1_0.nombre 
    from
        unidades u1_0
2026-05-23 21:19:52 [STOQ] [http-nio-8080-exec-7] DEBUG org.hibernate.SQL - 
    select
        r1_0.id,
        r1_0.descripcion,
        r1_0.nombre 
    from
        roles r1_0 
    where
        r1_0.id=?
2026-05-23 21:19:52 [STOQ] [http-nio-8080-exec-2] INFO  c.Proyecto.stoq.security.JwtFilter - Authenticated request for email=gerente@gmail.com role=GERENTE path=/api/productos
2026-05-23 21:19:52 [STOQ] [http-nio-8080-exec-9] INFO  c.Proyecto.stoq.security.JwtFilter - Authenticated request for email=gerente@gmail.com role=GERENTE path=/api/productos/criticos
2026-05-23 21:19:52 [STOQ] [http-nio-8080-exec-9] DEBUG o.s.security.web.FilterChainProxy - Secured GET /api/productos/criticos
2026-05-23 21:19:52 [STOQ] [http-nio-8080-exec-7] INFO  c.Proyecto.stoq.security.JwtFilter - Authenticated request for email=gerente@gmail.com role=GERENTE path=/api/categorias
2026-05-23 21:19:52 [STOQ] [http-nio-8080-exec-2] DEBUG o.s.security.web.FilterChainProxy - Secured GET /api/productos
2026-05-23 21:19:52 [STOQ] [http-nio-8080-exec-9] DEBUG o.s.s.a.m.AuthorizationManagerBeforeMethodInterceptor - Authorizing method invocation ReflectiveMethodInvocation: public java.util.List com.Proyecto.stoq.adapters.controllers.ProductosController.obtenerProductosCriticos(); target is of class [com.Proyecto.stoq.adapters.controllers.ProductosController]
2026-05-23 21:19:52 [STOQ] [http-nio-8080-exec-7] DEBUG o.s.security.web.FilterChainProxy - Secured GET /api/categorias
2026-05-23 21:19:52 [STOQ] [http-nio-8080-exec-2] INFO  c.P.s.a.aspects.ApiLoggingAspect - [STOQ-MONITOR] ============================================================
2026-05-23 21:19:52 [STOQ] [http-nio-8080-exec-2] INFO  c.P.s.a.aspects.ApiLoggingAspect - [STOQ-MONITOR] IN  2026-05-23 21:19:52 | GET /api/productos | user=gerente@gmail.com | ip=0:0:0:0:0:0:0:1 | ua=Mozilla/5.0 (X11; Linux x86_64) AppleWebKit/537.36 (KHTML, like Gecko) Chrome/148.0.0.0 Safari/537.36
2026-05-23 21:19:52 [STOQ] [http-nio-8080-exec-9] DEBUG o.s.s.a.m.AuthorizationManagerBeforeMethodInterceptor - Authorized method invocation ReflectiveMethodInvocation: public java.util.List com.Proyecto.stoq.adapters.controllers.ProductosController.obtenerProductosCriticos(); target is of class [com.Proyecto.stoq.adapters.controllers.ProductosController]
2026-05-23 21:19:52 [STOQ] [http-nio-8080-exec-9] INFO  c.P.s.a.aspects.ApiLoggingAspect - [STOQ-MONITOR] ============================================================
2026-05-23 21:19:52 [STOQ] [http-nio-8080-exec-9] INFO  c.P.s.a.aspects.ApiLoggingAspect - [STOQ-MONITOR] IN  2026-05-23 21:19:52 | GET /api/productos/criticos | user=gerente@gmail.com | ip=0:0:0:0:0:0:0:1 | ua=Mozilla/5.0 (X11; Linux x86_64) AppleWebKit/537.36 (KHTML, like Gecko) Chrome/148.0.0.0 Safari/537.36
2026-05-23 21:19:52 [STOQ] [http-nio-8080-exec-9] DEBUG org.hibernate.SQL - 
    select
        u1_0.id,
        u1_0.contrasena_hash,
        u1_0.correo,
        u1_0.empresa,
        u1_0.estado,
        u1_0.nombre,
        u1_0.rol_id 
    from
        usuarios u1_0 
    where
        u1_0.correo=?
2026-05-23 21:19:52 [STOQ] [http-nio-8080-exec-7] INFO  c.P.s.a.aspects.ApiLoggingAspect - [STOQ-MONITOR] ============================================================
2026-05-23 21:19:52 [STOQ] [http-nio-8080-exec-7] INFO  c.P.s.a.aspects.ApiLoggingAspect - [STOQ-MONITOR] IN  2026-05-23 21:19:52 | GET /api/categorias | user=gerente@gmail.com | ip=0:0:0:0:0:0:0:1 | ua=Mozilla/5.0 (X11; Linux x86_64) AppleWebKit/537.36 (KHTML, like Gecko) Chrome/148.0.0.0 Safari/537.36
2026-05-23 21:19:52 [STOQ] [http-nio-8080-exec-2] DEBUG org.hibernate.SQL - 
    select
        u1_0.id,
        u1_0.contrasena_hash,
        u1_0.correo,
        u1_0.empresa,
        u1_0.estado,
        u1_0.nombre,
        u1_0.rol_id 
    from
        usuarios u1_0 
    where
        u1_0.correo=?
2026-05-23 21:19:52 [STOQ] [http-nio-8080-exec-7] DEBUG org.hibernate.SQL - 
    select
        c1_0.id,
        c1_0.descripcion,
        c1_0.estado,
        c1_0.fecha_creacion,
        c1_0.nombre 
    from
        categorias c1_0
2026-05-23 21:19:52 [STOQ] [http-nio-8080-exec-10] INFO  c.P.s.a.aspects.ApiLoggingAspect - [STOQ-MONITOR] OUT GET /api/unidades | status=OK | time=609 ms | endpoint=UnidadController.listado_unidades()
2026-05-23 21:19:52 [STOQ] [http-nio-8080-exec-10] INFO  c.P.s.a.aspects.ApiLoggingAspect - [STOQ-MONITOR] ============================================================
2026-05-23 21:19:52 [STOQ] [http-nio-8080-exec-9] DEBUG org.hibernate.SQL - 
    select
        r1_0.id,
        r1_0.descripcion,
        r1_0.nombre 
    from
        roles r1_0 
    where
        r1_0.id=?
2026-05-23 21:19:52 [STOQ] [http-nio-8080-exec-2] DEBUG org.hibernate.SQL - 
    select
        r1_0.id,
        r1_0.descripcion,
        r1_0.nombre 
    from
        roles r1_0 
    where
        r1_0.id=?
2026-05-23 21:19:52 [STOQ] [http-nio-8080-exec-9] DEBUG org.hibernate.SQL - 
    select
        p1_0.id,
        p1_0.categoria_id,
        p1_0.codigo,
        p1_0.empresa,
        p1_0.estado,
        p1_0.fecha_actualizacion,
        p1_0.fecha_creacion,
        p1_0.nombre,
        p1_0.stock_actual,
        p1_0.stock_minimo,
        p1_0.ubicacion,
        p1_0.unidad_id 
    from
        productos p1_0
2026-05-23 21:19:52 [STOQ] [http-nio-8080-exec-7] INFO  c.P.s.a.aspects.ApiLoggingAspect - [STOQ-MONITOR] OUT GET /api/categorias | status=OK | time=536 ms | endpoint=CategoriasController.obtenerCategorias()
2026-05-23 21:19:52 [STOQ] [http-nio-8080-exec-7] INFO  c.P.s.a.aspects.ApiLoggingAspect - [STOQ-MONITOR] ============================================================
2026-05-23 21:19:52 [STOQ] [http-nio-8080-exec-2] DEBUG org.hibernate.SQL - 
    select
        p1_0.id,
        p1_0.categoria_id,
        p1_0.codigo,
        p1_0.empresa,
        p1_0.estado,
        p1_0.fecha_actualizacion,
        p1_0.fecha_creacion,
        p1_0.nombre,
        p1_0.stock_actual,
        p1_0.stock_minimo,
        p1_0.ubicacion,
        p1_0.unidad_id 
    from
        productos p1_0
2026-05-23 21:19:53 [STOQ] [http-nio-8080-exec-9] DEBUG org.hibernate.SQL - 
    select
        c1_0.id,
        c1_0.descripcion,
        c1_0.estado,
        c1_0.fecha_creacion,
        c1_0.nombre 
    from
        categorias c1_0 
    where
        c1_0.id=?
2026-05-23 21:19:53 [STOQ] [http-nio-8080-exec-2] DEBUG org.hibernate.SQL - 
    select
        c1_0.id,
        c1_0.descripcion,
        c1_0.estado,
        c1_0.fecha_creacion,
        c1_0.nombre 
    from
        categorias c1_0 
    where
        c1_0.id=?
2026-05-23 21:19:53 [STOQ] [http-nio-8080-exec-9] DEBUG org.hibernate.SQL - 
    select
        u1_0.id,
        u1_0.abreviatura,
        u1_0.estado,
        u1_0.nombre 
    from
        unidades u1_0 
    where
        u1_0.id=?
2026-05-23 21:19:53 [STOQ] [http-nio-8080-exec-2] DEBUG org.hibernate.SQL - 
    select
        u1_0.id,
        u1_0.abreviatura,
        u1_0.estado,
        u1_0.nombre 
    from
        unidades u1_0 
    where
        u1_0.id=?
2026-05-23 21:19:53 [STOQ] [http-nio-8080-exec-9] DEBUG org.hibernate.SQL - 
    select
        u1_0.id,
        u1_0.abreviatura,
        u1_0.estado,
        u1_0.nombre 
    from
        unidades u1_0 
    where
        u1_0.id=?
2026-05-23 21:19:53 [STOQ] [http-nio-8080-exec-2] DEBUG org.hibernate.SQL - 
    select
        u1_0.id,
        u1_0.abreviatura,
        u1_0.estado,
        u1_0.nombre 
    from
        unidades u1_0 
    where
        u1_0.id=?
2026-05-23 21:19:54 [STOQ] [http-nio-8080-exec-9] DEBUG org.hibernate.SQL - 
    select
        u1_0.id,
        u1_0.abreviatura,
        u1_0.estado,
        u1_0.nombre 
    from
        unidades u1_0 
    where
        u1_0.id=?
2026-05-23 21:19:54 [STOQ] [http-nio-8080-exec-2] DEBUG org.hibernate.SQL - 
    select
        u1_0.id,
        u1_0.abreviatura,
        u1_0.estado,
        u1_0.nombre 
    from
        unidades u1_0 
    where
        u1_0.id=?
2026-05-23 21:19:54 [STOQ] [http-nio-8080-exec-2] DEBUG org.hibernate.SQL - 
    select
        u1_0.id,
        u1_0.abreviatura,
        u1_0.estado,
        u1_0.nombre 
    from
        unidades u1_0 
    where
        u1_0.id=?
2026-05-23 21:19:54 [STOQ] [http-nio-8080-exec-9] DEBUG org.hibernate.SQL - 
    select
        u1_0.id,
        u1_0.abreviatura,
        u1_0.estado,
        u1_0.nombre 
    from
        unidades u1_0 
    where
        u1_0.id=?
2026-05-23 21:19:54 [STOQ] [http-nio-8080-exec-9] DEBUG org.hibernate.SQL - 
    select
        c1_0.id,
        c1_0.descripcion,
        c1_0.estado,
        c1_0.fecha_creacion,
        c1_0.nombre 
    from
        categorias c1_0 
    where
        c1_0.id=?
2026-05-23 21:19:54 [STOQ] [http-nio-8080-exec-2] DEBUG org.hibernate.SQL - 
    select
        c1_0.id,
        c1_0.descripcion,
        c1_0.estado,
        c1_0.fecha_creacion,
        c1_0.nombre 
    from
        categorias c1_0 
    where
        c1_0.id=?
2026-05-23 21:19:54 [STOQ] [http-nio-8080-exec-9] DEBUG org.hibernate.SQL - 
    select
        c1_0.id,
        c1_0.descripcion,
        c1_0.estado,
        c1_0.fecha_creacion,
        c1_0.nombre 
    from
        categorias c1_0 
    where
        c1_0.id=?
2026-05-23 21:19:54 [STOQ] [http-nio-8080-exec-2] DEBUG org.hibernate.SQL - 
    select
        c1_0.id,
        c1_0.descripcion,
        c1_0.estado,
        c1_0.fecha_creacion,
        c1_0.nombre 
    from
        categorias c1_0 
    where
        c1_0.id=?
2026-05-23 21:19:55 [STOQ] [http-nio-8080-exec-9] DEBUG org.hibernate.SQL - 
    select
        c1_0.id,
        c1_0.descripcion,
        c1_0.estado,
        c1_0.fecha_creacion,
        c1_0.nombre 
    from
        categorias c1_0 
    where
        c1_0.id=?
2026-05-23 21:19:55 [STOQ] [http-nio-8080-exec-2] DEBUG org.hibernate.SQL - 
    select
        c1_0.id,
        c1_0.descripcion,
        c1_0.estado,
        c1_0.fecha_creacion,
        c1_0.nombre 
    from
        categorias c1_0 
    where
        c1_0.id=?
2026-05-23 21:19:55 [STOQ] [http-nio-8080-exec-9] INFO  c.P.s.a.aspects.ApiLoggingAspect - [STOQ-MONITOR] OUT GET /api/productos/criticos | status=OK | time=3200 ms | endpoint=ProductosController.obtenerProductosCriticos()
2026-05-23 21:19:55 [STOQ] [http-nio-8080-exec-9] INFO  c.P.s.a.aspects.ApiLoggingAspect - [STOQ-MONITOR] ============================================================
2026-05-23 21:19:55 [STOQ] [http-nio-8080-exec-2] INFO  c.P.s.a.aspects.ApiLoggingAspect - [STOQ-MONITOR] OUT GET /api/productos | status=OK | time=3221 ms | endpoint=ProductosController.obtenerProductos()
2026-05-23 21:19:55 [STOQ] [http-nio-8080-exec-2] INFO  c.P.s.a.aspects.ApiLoggingAspect - [STOQ-MONITOR] ============================================================
2026-05-23 21:19:58 [STOQ] [http-nio-8080-exec-4] DEBUG o.s.security.web.FilterChainProxy - Securing OPTIONS /api/reportes/categorias?inicio=2026-04-24&fin=2026-05-23
2026-05-23 21:19:58 [STOQ] [http-nio-8080-exec-1] DEBUG o.s.security.web.FilterChainProxy - Securing GET /api/reportes/categorias?inicio=2026-04-24&fin=2026-05-23
2026-05-23 21:19:59 [STOQ] [http-nio-8080-exec-1] DEBUG org.hibernate.SQL - 
    select
        u1_0.id,
        u1_0.contrasena_hash,
        u1_0.correo,
        u1_0.empresa,
        u1_0.estado,
        u1_0.nombre,
        u1_0.rol_id 
    from
        usuarios u1_0 
    where
        u1_0.correo=?
2026-05-23 21:19:59 [STOQ] [http-nio-8080-exec-1] DEBUG org.hibernate.SQL - 
    select
        r1_0.id,
        r1_0.descripcion,
        r1_0.nombre 
    from
        roles r1_0 
    where
        r1_0.id=?
2026-05-23 21:19:59 [STOQ] [http-nio-8080-exec-1] INFO  c.Proyecto.stoq.security.JwtFilter - Authenticated request for email=gerente@gmail.com role=GERENTE path=/api/reportes/categorias
2026-05-23 21:19:59 [STOQ] [http-nio-8080-exec-1] DEBUG o.s.security.web.FilterChainProxy - Secured GET /api/reportes/categorias?inicio=2026-04-24&fin=2026-05-23
2026-05-23 21:19:59 [STOQ] [http-nio-8080-exec-1] INFO  c.P.s.a.aspects.ApiLoggingAspect - [STOQ-MONITOR] ============================================================
2026-05-23 21:19:59 [STOQ] [http-nio-8080-exec-1] INFO  c.P.s.a.aspects.ApiLoggingAspect - [STOQ-MONITOR] IN  2026-05-23 21:19:59 | GET /api/reportes/categorias | user=gerente@gmail.com | ip=0:0:0:0:0:0:0:1 | ua=Mozilla/5.0 (X11; Linux x86_64) AppleWebKit/537.36 (KHTML, like Gecko) Chrome/148.0.0.0 Safari/537.36
2026-05-23 21:19:59 [STOQ] [http-nio-8080-exec-1] DEBUG org.hibernate.SQL - 
    select
        u1_0.id,
        u1_0.contrasena_hash,
        u1_0.correo,
        u1_0.empresa,
        u1_0.estado,
        u1_0.nombre,
        u1_0.rol_id 
    from
        usuarios u1_0 
    where
        u1_0.correo=?
2026-05-23 21:20:00 [STOQ] [http-nio-8080-exec-1] DEBUG org.hibernate.SQL - 
    select
        r1_0.id,
        r1_0.descripcion,
        r1_0.nombre 
    from
        roles r1_0 
    where
        r1_0.id=?
2026-05-23 21:20:00 [STOQ] [http-nio-8080-exec-1] DEBUG org.hibernate.SQL - 
    select
        c1_0.id,
        c1_0.nombre,
        count(p1_0.id),
        coalesce(sum(coalesce(p1_0.stock_actual, 0)), cast(0 as bigint)),
        coalesce(sum(coalesce(p1_0.stock_minimo, 0)), cast(0 as bigint)),
        cast(0 as bigint),
        cast(0 as bigint),
        cast(0 as bigint),
        cast(0 as bigint),
        cast(0 as bigint),
        cast(0 as bigint) 
    from
        productos p1_0 
    join
        categorias c1_0 
            on c1_0.id=p1_0.categoria_id 
    where
        p1_0.empresa=? 
        and p1_0.estado=true 
    group by
        c1_0.id,
        c1_0.nombre 
    order by
        c1_0.nombre
2026-05-23 21:20:00 [STOQ] [http-nio-8080-exec-1] DEBUG org.hibernate.SQL - 
    select
        c1_0.id,
        c1_0.nombre,
        cast(0 as bigint),
        cast(0 as bigint),
        cast(0 as bigint),
        count(mi1_0.id),
        coalesce(sum(mi1_0.cantidad), cast(0 as bigint)),
        coalesce(sum(case 
            when upper(mi1_0.tipo_movimiento)='ENTRADA' 
                then 1 
            else 0 
    end), cast(0 as bigint)),
    coalesce(sum(case 
        when upper(mi1_0.tipo_movimiento)='SALIDA' 
            then 1 
        else 0 
end), cast(0 as bigint)),
coalesce(sum(case 
    when upper(mi1_0.tipo_movimiento)='ENTRADA' 
        then mi1_0.cantidad 
    else 0 
end), cast(0 as bigint)),
coalesce(sum(case 
    when upper(mi1_0.tipo_movimiento)='SALIDA' 
        then mi1_0.cantidad 
    else 0 
end), cast(0 as bigint)) 
from
    movimientos_inventario mi1_0 
join
    productos p1_0 
        on p1_0.id=mi1_0.producto_id 
join
    categorias c1_0 
        on c1_0.id=p1_0.categoria_id 
where
    p1_0.empresa=? 
    and mi1_0.fecha_movimiento between ? and ? 
group by
    c1_0.id,
    c1_0.nombre 
order by
    c1_0.nombre
2026-05-23 21:20:01 [STOQ] [http-nio-8080-exec-1] INFO  c.P.s.a.aspects.ApiLoggingAspect - [STOQ-MONITOR] OUT GET /api/reportes/categorias | status=OK | time=1320 ms | endpoint=ReportesController.obtenerReporteCategorias(..)
2026-05-23 21:20:01 [STOQ] [http-nio-8080-exec-1] INFO  c.P.s.a.aspects.ApiLoggingAspect - [STOQ-MONITOR] ============================================================
2026-05-23 21:20:19 [STOQ] [http-nio-8080-exec-5] DEBUG o.s.security.web.FilterChainProxy - Securing GET /api/roles
2026-05-23 21:20:19 [STOQ] [http-nio-8080-exec-5] DEBUG c.Proyecto.stoq.security.JwtFilter - No Authorization header present or not Bearer - path=/api/roles
2026-05-23 21:20:19 [STOQ] [http-nio-8080-exec-5] DEBUG o.s.security.web.FilterChainProxy - Secured GET /api/roles
2026-05-23 21:20:19 [STOQ] [http-nio-8080-exec-5] DEBUG o.s.s.w.a.AnonymousAuthenticationFilter - Set SecurityContextHolder to anonymous SecurityContext
2026-05-23 21:20:19 [STOQ] [http-nio-8080-exec-5] INFO  c.P.s.a.aspects.ApiLoggingAspect - [STOQ-MONITOR] ============================================================
2026-05-23 21:20:19 [STOQ] [http-nio-8080-exec-5] INFO  c.P.s.a.aspects.ApiLoggingAspect - [STOQ-MONITOR] IN  2026-05-23 21:20:19 | GET /api/roles | user=ANONYMOUS | ip=0:0:0:0:0:0:0:1 | ua=Mozilla/5.0 (X11; Linux x86_64) AppleWebKit/537.36 (KHTML, like Gecko) Code/1.121.0 Chrome/142.0.7444.265 Electron/39.8.8 Safari/537.36
2026-05-23 21:20:19 [STOQ] [http-nio-8080-exec-5] DEBUG org.hibernate.SQL - 
    select
        r1_0.id,
        r1_0.descripcion,
        r1_0.nombre 
    from
        roles r1_0
2026-05-23 21:20:20 [STOQ] [http-nio-8080-exec-5] INFO  c.P.s.a.aspects.ApiLoggingAspect - [STOQ-MONITOR] OUT GET /api/roles | status=OK | time=978 ms | endpoint=RolController.obtenerRoles()
2026-05-23 21:20:20 [STOQ] [http-nio-8080-exec-5] INFO  c.P.s.a.aspects.ApiLoggingAspect - [STOQ-MONITOR] ============================================================
2026-05-23 21:20:47 [STOQ] [http-nio-8080-exec-8] DEBUG o.s.security.web.FilterChainProxy - Securing GET /api/roles
2026-05-23 21:20:47 [STOQ] [http-nio-8080-exec-8] DEBUG c.Proyecto.stoq.security.JwtFilter - No Authorization header present or not Bearer - path=/api/roles
2026-05-23 21:20:47 [STOQ] [http-nio-8080-exec-8] DEBUG o.s.security.web.FilterChainProxy - Secured GET /api/roles
2026-05-23 21:20:47 [STOQ] [http-nio-8080-exec-8] DEBUG o.s.s.w.a.AnonymousAuthenticationFilter - Set SecurityContextHolder to anonymous SecurityContext
2026-05-23 21:20:47 [STOQ] [http-nio-8080-exec-8] INFO  c.P.s.a.aspects.ApiLoggingAspect - [STOQ-MONITOR] ============================================================
2026-05-23 21:20:47 [STOQ] [http-nio-8080-exec-8] INFO  c.P.s.a.aspects.ApiLoggingAspect - [STOQ-MONITOR] IN  2026-05-23 21:20:47 | GET /api/roles | user=ANONYMOUS | ip=0:0:0:0:0:0:0:1 | ua=Mozilla/5.0 (X11; Linux x86_64) AppleWebKit/537.36 (KHTML, like Gecko) Code/1.121.0 Chrome/142.0.7444.265 Electron/39.8.8 Safari/537.36
2026-05-23 21:20:47 [STOQ] [http-nio-8080-exec-8] DEBUG org.hibernate.SQL - 
    select
        r1_0.id,
        r1_0.descripcion,
        r1_0.nombre 
    from
        roles r1_0
2026-05-23 21:20:48 [STOQ] [http-nio-8080-exec-8] INFO  c.P.s.a.aspects.ApiLoggingAspect - [STOQ-MONITOR] OUT GET /api/roles | status=OK | time=932 ms | endpoint=RolController.obtenerRoles()
2026-05-23 21:20:48 [STOQ] [http-nio-8080-exec-8] INFO  c.P.s.a.aspects.ApiLoggingAspect - [STOQ-MONITOR] ============================================================
2026-05-23 21:21:17 [STOQ] [http-nio-8080-exec-4] DEBUG o.s.security.web.FilterChainProxy - Securing OPTIONS /api/auth/login
2026-05-23 21:21:17 [STOQ] [http-nio-8080-exec-1] DEBUG o.s.security.web.FilterChainProxy - Securing POST /api/auth/login
2026-05-23 21:21:17 [STOQ] [http-nio-8080-exec-1] DEBUG c.Proyecto.stoq.security.JwtFilter - No Authorization header present or not Bearer - path=/api/auth/login
2026-05-23 21:21:17 [STOQ] [http-nio-8080-exec-1] DEBUG o.s.security.web.FilterChainProxy - Secured POST /api/auth/login
2026-05-23 21:21:17 [STOQ] [http-nio-8080-exec-1] DEBUG o.s.s.w.a.AnonymousAuthenticationFilter - Set SecurityContextHolder to anonymous SecurityContext
2026-05-23 21:21:17 [STOQ] [http-nio-8080-exec-1] INFO  c.P.s.a.aspects.ApiLoggingAspect - [STOQ-MONITOR] ============================================================
2026-05-23 21:21:17 [STOQ] [http-nio-8080-exec-1] INFO  c.P.s.a.aspects.ApiLoggingAspect - [STOQ-MONITOR] IN  2026-05-23 21:21:17 | POST /api/auth/login | user=ANONYMOUS | ip=0:0:0:0:0:0:0:1 | ua=Mozilla/5.0 (X11; Linux x86_64) AppleWebKit/537.36 (KHTML, like Gecko) Chrome/148.0.0.0 Safari/537.36
2026-05-23 21:21:17 [STOQ] [http-nio-8080-exec-1] DEBUG org.hibernate.SQL - 
    select
        u1_0.id,
        u1_0.contrasena_hash,
        u1_0.correo,
        u1_0.empresa,
        u1_0.estado,
        u1_0.nombre,
        u1_0.rol_id 
    from
        usuarios u1_0 
    where
        u1_0.correo=?
2026-05-23 21:21:17 [STOQ] [http-nio-8080-exec-1] DEBUG org.hibernate.SQL - 
    select
        r1_0.id,
        r1_0.descripcion,
        r1_0.nombre 
    from
        roles r1_0 
    where
        r1_0.id=?
2026-05-23 21:21:19 [STOQ] [http-nio-8080-exec-1] INFO  c.P.s.a.services.UsuarioServiceImpl - [STOQ-BIZ] LOGIN Usuario | correo=gerente@gmail.com | rol=GERENTE
2026-05-23 21:21:19 [STOQ] [http-nio-8080-exec-1] DEBUG org.hibernate.SQL - 
    insert 
    into
        audit_logs
        (cambios_anterior, cambios_nuevo, created_by, created_date, endpoint, entidad, id_registro, ip_origen, operacion, user_agent, id) 
    values
        (?, ?, ?, ?, ?, ?, ?, ?, ?, ?, ?)
2026-05-23 21:21:19 [STOQ] [http-nio-8080-exec-1] INFO  c.P.s.a.services.AuditService - [STOQ-AUDIT] SAVE | entity=Usuario | operation=LOGIN | record=05faf721-dbef-4f23-803b-8b3df1f17acf | user=SYSTEM | endpoint=POST /api/auth/login | ip=0:0:0:0:0:0:0:1
2026-05-23 21:21:19 [STOQ] [http-nio-8080-exec-1] INFO  c.P.s.a.aspects.ApiLoggingAspect - [STOQ-MONITOR] OUT POST /api/auth/login | status=OK | time=2540 ms | endpoint=AuthController.login(..)
2026-05-23 21:21:19 [STOQ] [http-nio-8080-exec-1] INFO  c.P.s.a.aspects.ApiLoggingAspect - [STOQ-MONITOR] ============================================================
2026-05-23 21:21:19 [STOQ] [http-nio-8080-exec-5] DEBUG o.s.security.web.FilterChainProxy - Securing OPTIONS /api/usuarios/me
2026-05-23 21:21:19 [STOQ] [http-nio-8080-exec-3] DEBUG o.s.security.web.FilterChainProxy - Securing GET /api/usuarios/me
2026-05-23 21:21:19 [STOQ] [http-nio-8080-exec-3] DEBUG org.hibernate.SQL - 
    select
        u1_0.id,
        u1_0.contrasena_hash,
        u1_0.correo,
        u1_0.empresa,
        u1_0.estado,
        u1_0.nombre,
        u1_0.rol_id 
    from
        usuarios u1_0 
    where
        u1_0.correo=?
2026-05-23 21:21:20 [STOQ] [http-nio-8080-exec-3] DEBUG org.hibernate.SQL - 
    select
        r1_0.id,
        r1_0.descripcion,
        r1_0.nombre 
    from
        roles r1_0 
    where
        r1_0.id=?
2026-05-23 21:21:20 [STOQ] [http-nio-8080-exec-3] INFO  c.Proyecto.stoq.security.JwtFilter - Authenticated request for email=gerente@gmail.com role=GERENTE path=/api/usuarios/me
2026-05-23 21:21:20 [STOQ] [http-nio-8080-exec-3] DEBUG o.s.security.web.FilterChainProxy - Secured GET /api/usuarios/me
2026-05-23 21:21:20 [STOQ] [http-nio-8080-exec-3] INFO  c.P.s.a.aspects.ApiLoggingAspect - [STOQ-MONITOR] ============================================================
2026-05-23 21:21:20 [STOQ] [http-nio-8080-exec-3] INFO  c.P.s.a.aspects.ApiLoggingAspect - [STOQ-MONITOR] IN  2026-05-23 21:21:20 | GET /api/usuarios/me | user=gerente@gmail.com | ip=0:0:0:0:0:0:0:1 | ua=Mozilla/5.0 (X11; Linux x86_64) AppleWebKit/537.36 (KHTML, like Gecko) Chrome/148.0.0.0 Safari/537.36
2026-05-23 21:21:20 [STOQ] [http-nio-8080-exec-3] DEBUG org.hibernate.SQL - 
    select
        u1_0.id,
        u1_0.contrasena_hash,
        u1_0.correo,
        u1_0.empresa,
        u1_0.estado,
        u1_0.nombre,
        u1_0.rol_id 
    from
        usuarios u1_0 
    where
        u1_0.correo=?
2026-05-23 21:21:20 [STOQ] [http-nio-8080-exec-3] DEBUG org.hibernate.SQL - 
    select
        r1_0.id,
        r1_0.descripcion,
        r1_0.nombre 
    from
        roles r1_0 
    where
        r1_0.id=?
2026-05-23 21:21:21 [STOQ] [http-nio-8080-exec-3] INFO  c.P.s.a.aspects.ApiLoggingAspect - [STOQ-MONITOR] OUT GET /api/usuarios/me | status=OK | time=587 ms | endpoint=UsuarioController.obtenerUsuarioAutenticado(..)
2026-05-23 21:21:21 [STOQ] [http-nio-8080-exec-3] INFO  c.P.s.a.aspects.ApiLoggingAspect - [STOQ-MONITOR] ============================================================
2026-05-23 21:21:21 [STOQ] [http-nio-8080-exec-6] DEBUG o.s.security.web.FilterChainProxy - Securing GET /api/usuarios/me
2026-05-23 21:21:21 [STOQ] [http-nio-8080-exec-8] DEBUG o.s.security.web.FilterChainProxy - Securing OPTIONS /api/productos/criticos
2026-05-23 21:21:21 [STOQ] [http-nio-8080-exec-6] DEBUG org.hibernate.SQL - 
    select
        u1_0.id,
        u1_0.contrasena_hash,
        u1_0.correo,
        u1_0.empresa,
        u1_0.estado,
        u1_0.nombre,
        u1_0.rol_id 
    from
        usuarios u1_0 
    where
        u1_0.correo=?
2026-05-23 21:21:21 [STOQ] [http-nio-8080-exec-10] DEBUG o.s.security.web.FilterChainProxy - Securing OPTIONS /api/productos/criticos
2026-05-23 21:21:21 [STOQ] [http-nio-8080-exec-7] DEBUG o.s.security.web.FilterChainProxy - Securing OPTIONS /api/alertas/resumen
2026-05-23 21:21:21 [STOQ] [http-nio-8080-exec-9] DEBUG o.s.security.web.FilterChainProxy - Securing GET /api/productos/criticos
2026-05-23 21:21:21 [STOQ] [http-nio-8080-exec-2] DEBUG o.s.security.web.FilterChainProxy - Securing GET /api/alertas/resumen
2026-05-23 21:21:21 [STOQ] [http-nio-8080-exec-9] DEBUG org.hibernate.SQL - 
    select
        u1_0.id,
        u1_0.contrasena_hash,
        u1_0.correo,
        u1_0.empresa,
        u1_0.estado,
        u1_0.nombre,
        u1_0.rol_id 
    from
        usuarios u1_0 
    where
        u1_0.correo=?
2026-05-23 21:21:21 [STOQ] [http-nio-8080-exec-2] DEBUG org.hibernate.SQL - 
    select
        u1_0.id,
        u1_0.contrasena_hash,
        u1_0.correo,
        u1_0.empresa,
        u1_0.estado,
        u1_0.nombre,
        u1_0.rol_id 
    from
        usuarios u1_0 
    where
        u1_0.correo=?
2026-05-23 21:21:22 [STOQ] [http-nio-8080-exec-6] DEBUG org.hibernate.SQL - 
    select
        r1_0.id,
        r1_0.descripcion,
        r1_0.nombre 
    from
        roles r1_0 
    where
        r1_0.id=?
2026-05-23 21:21:22 [STOQ] [http-nio-8080-exec-9] DEBUG org.hibernate.SQL - 
    select
        r1_0.id,
        r1_0.descripcion,
        r1_0.nombre 
    from
        roles r1_0 
    where
        r1_0.id=?
2026-05-23 21:21:22 [STOQ] [http-nio-8080-exec-2] DEBUG org.hibernate.SQL - 
    select
        r1_0.id,
        r1_0.descripcion,
        r1_0.nombre 
    from
        roles r1_0 
    where
        r1_0.id=?
2026-05-23 21:21:22 [STOQ] [http-nio-8080-exec-6] INFO  c.Proyecto.stoq.security.JwtFilter - Authenticated request for email=gerente@gmail.com role=GERENTE path=/api/usuarios/me
2026-05-23 21:21:22 [STOQ] [http-nio-8080-exec-6] DEBUG o.s.security.web.FilterChainProxy - Secured GET /api/usuarios/me
2026-05-23 21:21:22 [STOQ] [http-nio-8080-exec-6] INFO  c.P.s.a.aspects.ApiLoggingAspect - [STOQ-MONITOR] ============================================================
2026-05-23 21:21:22 [STOQ] [http-nio-8080-exec-6] INFO  c.P.s.a.aspects.ApiLoggingAspect - [STOQ-MONITOR] IN  2026-05-23 21:21:22 | GET /api/usuarios/me | user=gerente@gmail.com | ip=0:0:0:0:0:0:0:1 | ua=Mozilla/5.0 (X11; Linux x86_64) AppleWebKit/537.36 (KHTML, like Gecko) Chrome/148.0.0.0 Safari/537.36
2026-05-23 21:21:22 [STOQ] [http-nio-8080-exec-6] DEBUG org.hibernate.SQL - 
    select
        u1_0.id,
        u1_0.contrasena_hash,
        u1_0.correo,
        u1_0.empresa,
        u1_0.estado,
        u1_0.nombre,
        u1_0.rol_id 
    from
        usuarios u1_0 
    where
        u1_0.correo=?
2026-05-23 21:21:22 [STOQ] [http-nio-8080-exec-9] INFO  c.Proyecto.stoq.security.JwtFilter - Authenticated request for email=gerente@gmail.com role=GERENTE path=/api/productos/criticos
2026-05-23 21:21:22 [STOQ] [http-nio-8080-exec-9] DEBUG o.s.security.web.FilterChainProxy - Secured GET /api/productos/criticos
2026-05-23 21:21:22 [STOQ] [http-nio-8080-exec-9] DEBUG o.s.s.a.m.AuthorizationManagerBeforeMethodInterceptor - Authorizing method invocation ReflectiveMethodInvocation: public java.util.List com.Proyecto.stoq.adapters.controllers.ProductosController.obtenerProductosCriticos(); target is of class [com.Proyecto.stoq.adapters.controllers.ProductosController]
2026-05-23 21:21:22 [STOQ] [http-nio-8080-exec-2] INFO  c.Proyecto.stoq.security.JwtFilter - Authenticated request for email=gerente@gmail.com role=GERENTE path=/api/alertas/resumen
2026-05-23 21:21:22 [STOQ] [http-nio-8080-exec-9] DEBUG o.s.s.a.m.AuthorizationManagerBeforeMethodInterceptor - Authorized method invocation ReflectiveMethodInvocation: public java.util.List com.Proyecto.stoq.adapters.controllers.ProductosController.obtenerProductosCriticos(); target is of class [com.Proyecto.stoq.adapters.controllers.ProductosController]
2026-05-23 21:21:22 [STOQ] [http-nio-8080-exec-9] INFO  c.P.s.a.aspects.ApiLoggingAspect - [STOQ-MONITOR] ============================================================
2026-05-23 21:21:22 [STOQ] [http-nio-8080-exec-9] INFO  c.P.s.a.aspects.ApiLoggingAspect - [STOQ-MONITOR] IN  2026-05-23 21:21:22 | GET /api/productos/criticos | user=gerente@gmail.com | ip=0:0:0:0:0:0:0:1 | ua=Mozilla/5.0 (X11; Linux x86_64) AppleWebKit/537.36 (KHTML, like Gecko) Chrome/148.0.0.0 Safari/537.36
2026-05-23 21:21:22 [STOQ] [http-nio-8080-exec-9] DEBUG org.hibernate.SQL - 
    select
        u1_0.id,
        u1_0.contrasena_hash,
        u1_0.correo,
        u1_0.empresa,
        u1_0.estado,
        u1_0.nombre,
        u1_0.rol_id 
    from
        usuarios u1_0 
    where
        u1_0.correo=?
2026-05-23 21:21:22 [STOQ] [http-nio-8080-exec-2] DEBUG o.s.security.web.FilterChainProxy - Secured GET /api/alertas/resumen
2026-05-23 21:21:22 [STOQ] [http-nio-8080-exec-2] INFO  c.P.s.a.aspects.ApiLoggingAspect - [STOQ-MONITOR] ============================================================
2026-05-23 21:21:22 [STOQ] [http-nio-8080-exec-2] INFO  c.P.s.a.aspects.ApiLoggingAspect - [STOQ-MONITOR] IN  2026-05-23 21:21:22 | GET /api/alertas/resumen | user=gerente@gmail.com | ip=0:0:0:0:0:0:0:1 | ua=Mozilla/5.0 (X11; Linux x86_64) AppleWebKit/537.36 (KHTML, like Gecko) Chrome/148.0.0.0 Safari/537.36
2026-05-23 21:21:22 [STOQ] [http-nio-8080-exec-2] DEBUG org.hibernate.SQL - 
    select
        u1_0.id,
        u1_0.contrasena_hash,
        u1_0.correo,
        u1_0.empresa,
        u1_0.estado,
        u1_0.nombre,
        u1_0.rol_id 
    from
        usuarios u1_0 
    where
        u1_0.correo=?
2026-05-23 21:21:22 [STOQ] [http-nio-8080-exec-6] DEBUG org.hibernate.SQL - 
    select
        r1_0.id,
        r1_0.descripcion,
        r1_0.nombre 
    from
        roles r1_0 
    where
        r1_0.id=?
2026-05-23 21:21:22 [STOQ] [http-nio-8080-exec-9] DEBUG org.hibernate.SQL - 
    select
        r1_0.id,
        r1_0.descripcion,
        r1_0.nombre 
    from
        roles r1_0 
    where
        r1_0.id=?
2026-05-23 21:21:22 [STOQ] [http-nio-8080-exec-2] DEBUG org.hibernate.SQL - 
    select
        r1_0.id,
        r1_0.descripcion,
        r1_0.nombre 
    from
        roles r1_0 
    where
        r1_0.id=?
2026-05-23 21:21:23 [STOQ] [http-nio-8080-exec-6] INFO  c.P.s.a.aspects.ApiLoggingAspect - [STOQ-MONITOR] OUT GET /api/usuarios/me | status=OK | time=611 ms | endpoint=UsuarioController.obtenerUsuarioAutenticado(..)
2026-05-23 21:21:23 [STOQ] [http-nio-8080-exec-6] INFO  c.P.s.a.aspects.ApiLoggingAspect - [STOQ-MONITOR] ============================================================
2026-05-23 21:21:23 [STOQ] [http-nio-8080-exec-9] DEBUG org.hibernate.SQL - 
    select
        p1_0.id,
        p1_0.categoria_id,
        p1_0.codigo,
        p1_0.empresa,
        p1_0.estado,
        p1_0.fecha_actualizacion,
        p1_0.fecha_creacion,
        p1_0.nombre,
        p1_0.stock_actual,
        p1_0.stock_minimo,
        p1_0.ubicacion,
        p1_0.unidad_id 
    from
        productos p1_0
2026-05-23 21:21:23 [STOQ] [http-nio-8080-exec-2] DEBUG org.hibernate.SQL - 
    select
        p1_0.id,
        p1_0.categoria_id,
        p1_0.codigo,
        p1_0.empresa,
        p1_0.estado,
        p1_0.fecha_actualizacion,
        p1_0.fecha_creacion,
        p1_0.nombre,
        p1_0.stock_actual,
        p1_0.stock_minimo,
        p1_0.ubicacion,
        p1_0.unidad_id 
    from
        productos p1_0
2026-05-23 21:21:24 [STOQ] [http-nio-8080-exec-2] DEBUG org.hibernate.SQL - 
    select
        c1_0.id,
        c1_0.descripcion,
        c1_0.estado,
        c1_0.fecha_creacion,
        c1_0.nombre 
    from
        categorias c1_0 
    where
        c1_0.id=?
2026-05-23 21:21:24 [STOQ] [http-nio-8080-exec-9] DEBUG org.hibernate.SQL - 
    select
        c1_0.id,
        c1_0.descripcion,
        c1_0.estado,
        c1_0.fecha_creacion,
        c1_0.nombre 
    from
        categorias c1_0 
    where
        c1_0.id=?
2026-05-23 21:21:24 [STOQ] [http-nio-8080-exec-2] DEBUG org.hibernate.SQL - 
    select
        u1_0.id,
        u1_0.abreviatura,
        u1_0.estado,
        u1_0.nombre 
    from
        unidades u1_0 
    where
        u1_0.id=?
2026-05-23 21:21:24 [STOQ] [http-nio-8080-exec-9] DEBUG org.hibernate.SQL - 
    select
        u1_0.id,
        u1_0.abreviatura,
        u1_0.estado,
        u1_0.nombre 
    from
        unidades u1_0 
    where
        u1_0.id=?
2026-05-23 21:21:24 [STOQ] [http-nio-8080-exec-2] DEBUG org.hibernate.SQL - 
    select
        u1_0.id,
        u1_0.abreviatura,
        u1_0.estado,
        u1_0.nombre 
    from
        unidades u1_0 
    where
        u1_0.id=?
2026-05-23 21:21:25 [STOQ] [http-nio-8080-exec-9] DEBUG org.hibernate.SQL - 
    select
        u1_0.id,
        u1_0.abreviatura,
        u1_0.estado,
        u1_0.nombre 
    from
        unidades u1_0 
    where
        u1_0.id=?
2026-05-23 21:21:25 [STOQ] [http-nio-8080-exec-2] DEBUG org.hibernate.SQL - 
    select
        u1_0.id,
        u1_0.abreviatura,
        u1_0.estado,
        u1_0.nombre 
    from
        unidades u1_0 
    where
        u1_0.id=?
2026-05-23 21:21:25 [STOQ] [http-nio-8080-exec-9] DEBUG org.hibernate.SQL - 
    select
        u1_0.id,
        u1_0.abreviatura,
        u1_0.estado,
        u1_0.nombre 
    from
        unidades u1_0 
    where
        u1_0.id=?
2026-05-23 21:21:25 [STOQ] [http-nio-8080-exec-2] DEBUG org.hibernate.SQL - 
    select
        u1_0.id,
        u1_0.abreviatura,
        u1_0.estado,
        u1_0.nombre 
    from
        unidades u1_0 
    where
        u1_0.id=?
2026-05-23 21:21:25 [STOQ] [http-nio-8080-exec-9] DEBUG org.hibernate.SQL - 
    select
        u1_0.id,
        u1_0.abreviatura,
        u1_0.estado,
        u1_0.nombre 
    from
        unidades u1_0 
    where
        u1_0.id=?
2026-05-23 21:21:25 [STOQ] [http-nio-8080-exec-2] DEBUG org.hibernate.SQL - 
    select
        c1_0.id,
        c1_0.descripcion,
        c1_0.estado,
        c1_0.fecha_creacion,
        c1_0.nombre 
    from
        categorias c1_0 
    where
        c1_0.id=?
2026-05-23 21:21:25 [STOQ] [http-nio-8080-exec-9] DEBUG org.hibernate.SQL - 
    select
        c1_0.id,
        c1_0.descripcion,
        c1_0.estado,
        c1_0.fecha_creacion,
        c1_0.nombre 
    from
        categorias c1_0 
    where
        c1_0.id=?
2026-05-23 21:21:26 [STOQ] [http-nio-8080-exec-2] DEBUG org.hibernate.SQL - 
    select
        c1_0.id,
        c1_0.descripcion,
        c1_0.estado,
        c1_0.fecha_creacion,
        c1_0.nombre 
    from
        categorias c1_0 
    where
        c1_0.id=?
2026-05-23 21:21:26 [STOQ] [http-nio-8080-exec-9] DEBUG org.hibernate.SQL - 
    select
        c1_0.id,
        c1_0.descripcion,
        c1_0.estado,
        c1_0.fecha_creacion,
        c1_0.nombre 
    from
        categorias c1_0 
    where
        c1_0.id=?
2026-05-23 21:21:26 [STOQ] [http-nio-8080-exec-2] DEBUG org.hibernate.SQL - 
    select
        c1_0.id,
        c1_0.descripcion,
        c1_0.estado,
        c1_0.fecha_creacion,
        c1_0.nombre 
    from
        categorias c1_0 
    where
        c1_0.id=?
2026-05-23 21:21:26 [STOQ] [http-nio-8080-exec-9] DEBUG org.hibernate.SQL - 
    select
        c1_0.id,
        c1_0.descripcion,
        c1_0.estado,
        c1_0.fecha_creacion,
        c1_0.nombre 
    from
        categorias c1_0 
    where
        c1_0.id=?
2026-05-23 21:21:26 [STOQ] [http-nio-8080-exec-2] DEBUG org.hibernate.SQL - 
    select
        a1_0.id,
        a1_0.fecha,
        a1_0.leida,
        a1_0.mensaje,
        a1_0.producto_id,
        p1_0.id,
        p1_0.categoria_id,
        c1_0.id,
        c1_0.descripcion,
        c1_0.estado,
        c1_0.fecha_creacion,
        c1_0.nombre,
        p1_0.codigo,
        p1_0.empresa,
        p1_0.estado,
        p1_0.fecha_actualizacion,
        p1_0.fecha_creacion,
        p1_0.nombre,
        p1_0.stock_actual,
        p1_0.stock_minimo,
        p1_0.ubicacion,
        p1_0.unidad_id,
        a1_0.tipo 
    from
        alertas a1_0 
    join
        productos p1_0 
            on p1_0.id=a1_0.producto_id 
    join
        categorias c1_0 
            on c1_0.id=p1_0.categoria_id
2026-05-23 21:21:27 [STOQ] [http-nio-8080-exec-9] INFO  c.P.s.a.aspects.ApiLoggingAspect - [STOQ-MONITOR] OUT GET /api/productos/criticos | status=OK | time=4660 ms | endpoint=ProductosController.obtenerProductosCriticos()
2026-05-23 21:21:27 [STOQ] [http-nio-8080-exec-9] INFO  c.P.s.a.aspects.ApiLoggingAspect - [STOQ-MONITOR] ============================================================
2026-05-23 21:21:27 [STOQ] [http-nio-8080-exec-4] DEBUG o.s.security.web.FilterChainProxy - Securing GET /api/productos/criticos
2026-05-23 21:21:27 [STOQ] [http-nio-8080-exec-4] DEBUG org.hibernate.SQL - 
    select
        u1_0.id,
        u1_0.contrasena_hash,
        u1_0.correo,
        u1_0.empresa,
        u1_0.estado,
        u1_0.nombre,
        u1_0.rol_id 
    from
        usuarios u1_0 
    where
        u1_0.correo=?
2026-05-23 21:21:27 [STOQ] [http-nio-8080-exec-2] DEBUG org.hibernate.SQL - 
    select
        a1_0.id,
        a1_0.fecha,
        a1_0.leida,
        a1_0.mensaje,
        a1_0.producto_id,
        p1_0.id,
        p1_0.categoria_id,
        c1_0.id,
        c1_0.descripcion,
        c1_0.estado,
        c1_0.fecha_creacion,
        c1_0.nombre,
        p1_0.codigo,
        p1_0.empresa,
        p1_0.estado,
        p1_0.fecha_actualizacion,
        p1_0.fecha_creacion,
        p1_0.nombre,
        p1_0.stock_actual,
        p1_0.stock_minimo,
        p1_0.ubicacion,
        p1_0.unidad_id,
        a1_0.tipo 
    from
        alertas a1_0 
    join
        productos p1_0 
            on p1_0.id=a1_0.producto_id 
    join
        categorias c1_0 
            on c1_0.id=p1_0.categoria_id
2026-05-23 21:21:27 [STOQ] [http-nio-8080-exec-4] DEBUG org.hibernate.SQL - 
    select
        r1_0.id,
        r1_0.descripcion,
        r1_0.nombre 
    from
        roles r1_0 
    where
        r1_0.id=?
2026-05-23 21:21:28 [STOQ] [http-nio-8080-exec-2] INFO  c.P.s.a.aspects.ApiLoggingAspect - [STOQ-MONITOR] OUT GET /api/alertas/resumen | status=OK | time=5643 ms | endpoint=AlertaController.obtenerResumen()
2026-05-23 21:21:28 [STOQ] [http-nio-8080-exec-2] INFO  c.P.s.a.aspects.ApiLoggingAspect - [STOQ-MONITOR] ============================================================
2026-05-23 21:21:28 [STOQ] [http-nio-8080-exec-4] INFO  c.Proyecto.stoq.security.JwtFilter - Authenticated request for email=gerente@gmail.com role=GERENTE path=/api/productos/criticos
2026-05-23 21:21:28 [STOQ] [http-nio-8080-exec-4] DEBUG o.s.security.web.FilterChainProxy - Secured GET /api/productos/criticos
2026-05-23 21:21:28 [STOQ] [http-nio-8080-exec-4] DEBUG o.s.s.a.m.AuthorizationManagerBeforeMethodInterceptor - Authorizing method invocation ReflectiveMethodInvocation: public java.util.List com.Proyecto.stoq.adapters.controllers.ProductosController.obtenerProductosCriticos(); target is of class [com.Proyecto.stoq.adapters.controllers.ProductosController]
2026-05-23 21:21:28 [STOQ] [http-nio-8080-exec-4] DEBUG o.s.s.a.m.AuthorizationManagerBeforeMethodInterceptor - Authorized method invocation ReflectiveMethodInvocation: public java.util.List com.Proyecto.stoq.adapters.controllers.ProductosController.obtenerProductosCriticos(); target is of class [com.Proyecto.stoq.adapters.controllers.ProductosController]
2026-05-23 21:21:28 [STOQ] [http-nio-8080-exec-4] INFO  c.P.s.a.aspects.ApiLoggingAspect - [STOQ-MONITOR] ============================================================
2026-05-23 21:21:28 [STOQ] [http-nio-8080-exec-4] INFO  c.P.s.a.aspects.ApiLoggingAspect - [STOQ-MONITOR] IN  2026-05-23 21:21:28 | GET /api/productos/criticos | user=gerente@gmail.com | ip=0:0:0:0:0:0:0:1 | ua=Mozilla/5.0 (X11; Linux x86_64) AppleWebKit/537.36 (KHTML, like Gecko) Chrome/148.0.0.0 Safari/537.36
2026-05-23 21:21:28 [STOQ] [http-nio-8080-exec-4] DEBUG org.hibernate.SQL - 
    select
        u1_0.id,
        u1_0.contrasena_hash,
        u1_0.correo,
        u1_0.empresa,
        u1_0.estado,
        u1_0.nombre,
        u1_0.rol_id 
    from
        usuarios u1_0 
    where
        u1_0.correo=?
2026-05-23 21:21:28 [STOQ] [http-nio-8080-exec-4] DEBUG org.hibernate.SQL - 
    select
        r1_0.id,
        r1_0.descripcion,
        r1_0.nombre 
    from
        roles r1_0 
    where
        r1_0.id=?
2026-05-23 21:21:28 [STOQ] [http-nio-8080-exec-4] DEBUG org.hibernate.SQL - 
    select
        p1_0.id,
        p1_0.categoria_id,
        p1_0.codigo,
        p1_0.empresa,
        p1_0.estado,
        p1_0.fecha_actualizacion,
        p1_0.fecha_creacion,
        p1_0.nombre,
        p1_0.stock_actual,
        p1_0.stock_minimo,
        p1_0.ubicacion,
        p1_0.unidad_id 
    from
        productos p1_0
2026-05-23 21:21:29 [STOQ] [http-nio-8080-exec-4] DEBUG org.hibernate.SQL - 
    select
        c1_0.id,
        c1_0.descripcion,
        c1_0.estado,
        c1_0.fecha_creacion,
        c1_0.nombre 
    from
        categorias c1_0 
    where
        c1_0.id=?
2026-05-23 21:21:29 [STOQ] [http-nio-8080-exec-4] DEBUG org.hibernate.SQL - 
    select
        u1_0.id,
        u1_0.abreviatura,
        u1_0.estado,
        u1_0.nombre 
    from
        unidades u1_0 
    where
        u1_0.id=?
2026-05-23 21:21:29 [STOQ] [http-nio-8080-exec-4] DEBUG org.hibernate.SQL - 
    select
        u1_0.id,
        u1_0.abreviatura,
        u1_0.estado,
        u1_0.nombre 
    from
        unidades u1_0 
    where
        u1_0.id=?
2026-05-23 21:21:29 [STOQ] [http-nio-8080-exec-4] DEBUG org.hibernate.SQL - 
    select
        u1_0.id,
        u1_0.abreviatura,
        u1_0.estado,
        u1_0.nombre 
    from
        unidades u1_0 
    where
        u1_0.id=?
2026-05-23 21:21:30 [STOQ] [http-nio-8080-exec-4] DEBUG org.hibernate.SQL - 
    select
        u1_0.id,
        u1_0.abreviatura,
        u1_0.estado,
        u1_0.nombre 
    from
        unidades u1_0 
    where
        u1_0.id=?
2026-05-23 21:21:30 [STOQ] [http-nio-8080-exec-4] DEBUG org.hibernate.SQL - 
    select
        c1_0.id,
        c1_0.descripcion,
        c1_0.estado,
        c1_0.fecha_creacion,
        c1_0.nombre 
    from
        categorias c1_0 
    where
        c1_0.id=?
2026-05-23 21:21:30 [STOQ] [http-nio-8080-exec-4] DEBUG org.hibernate.SQL - 
    select
        c1_0.id,
        c1_0.descripcion,
        c1_0.estado,
        c1_0.fecha_creacion,
        c1_0.nombre 
    from
        categorias c1_0 
    where
        c1_0.id=?
2026-05-23 21:21:31 [STOQ] [http-nio-8080-exec-4] DEBUG org.hibernate.SQL - 
    select
        c1_0.id,
        c1_0.descripcion,
        c1_0.estado,
        c1_0.fecha_creacion,
        c1_0.nombre 
    from
        categorias c1_0 
    where
        c1_0.id=?
2026-05-23 21:21:31 [STOQ] [http-nio-8080-exec-4] INFO  c.P.s.a.aspects.ApiLoggingAspect - [STOQ-MONITOR] OUT GET /api/productos/criticos | status=OK | time=3440 ms | endpoint=ProductosController.obtenerProductosCriticos()
2026-05-23 21:21:31 [STOQ] [http-nio-8080-exec-4] INFO  c.P.s.a.aspects.ApiLoggingAspect - [STOQ-MONITOR] ============================================================
2026-05-23 21:21:40 [STOQ] [http-nio-8080-exec-1] DEBUG o.s.security.web.FilterChainProxy - Securing OPTIONS /api/auth/register
2026-05-23 21:21:40 [STOQ] [http-nio-8080-exec-5] DEBUG o.s.security.web.FilterChainProxy - Securing POST /api/auth/register
2026-05-23 21:21:40 [STOQ] [http-nio-8080-exec-5] DEBUG c.Proyecto.stoq.security.JwtFilter - No Authorization header present or not Bearer - path=/api/auth/register
2026-05-23 21:21:40 [STOQ] [http-nio-8080-exec-5] DEBUG o.s.security.web.FilterChainProxy - Secured POST /api/auth/register
2026-05-23 21:21:40 [STOQ] [http-nio-8080-exec-5] DEBUG o.s.s.w.a.AnonymousAuthenticationFilter - Set SecurityContextHolder to anonymous SecurityContext
2026-05-23 21:21:40 [STOQ] [http-nio-8080-exec-5] INFO  c.P.s.a.aspects.ApiLoggingAspect - [STOQ-MONITOR] ============================================================
2026-05-23 21:21:40 [STOQ] [http-nio-8080-exec-5] INFO  c.P.s.a.aspects.ApiLoggingAspect - [STOQ-MONITOR] IN  2026-05-23 21:21:40 | POST /api/auth/register | user=ANONYMOUS | ip=0:0:0:0:0:0:0:1 | ua=Mozilla/5.0 (X11; Linux x86_64) AppleWebKit/537.36 (KHTML, like Gecko) Code/1.121.0 Chrome/142.0.7444.265 Electron/39.8.8 Safari/537.36
2026-05-23 21:21:40 [STOQ] [http-nio-8080-exec-5] DEBUG org.hibernate.SQL - 
    select
        u1_0.id,
        u1_0.contrasena_hash,
        u1_0.correo,
        u1_0.empresa,
        u1_0.estado,
        u1_0.nombre,
        u1_0.rol_id 
    from
        usuarios u1_0 
    where
        u1_0.correo=?
2026-05-23 21:21:41 [STOQ] [http-nio-8080-exec-5] DEBUG org.hibernate.SQL - 
    select
        r1_0.id,
        r1_0.descripcion,
        r1_0.nombre 
    from
        roles r1_0 
    where
        r1_0.nombre=?
2026-05-23 21:21:42 [STOQ] [http-nio-8080-exec-5] INFO  c.P.s.a.services.UsuarioServiceImpl - [STOQ-BIZ] CREATE Usuario | correo=testgerente@example.com | rol=GERENTE
2026-05-23 21:21:42 [STOQ] [http-nio-8080-exec-5] DEBUG org.hibernate.SQL - 
    insert 
    into
        usuarios
        (contrasena_hash, correo, empresa, estado, nombre, rol_id, id) 
    values
        (?, ?, ?, ?, ?, ?, ?)
2026-05-23 21:21:42 [STOQ] [http-nio-8080-exec-5] DEBUG org.hibernate.SQL - 
    insert 
    into
        audit_logs
        (cambios_anterior, cambios_nuevo, created_by, created_date, endpoint, entidad, id_registro, ip_origen, operacion, user_agent, id) 
    values
        (?, ?, ?, ?, ?, ?, ?, ?, ?, ?, ?)
2026-05-23 21:21:43 [STOQ] [http-nio-8080-exec-5] INFO  c.P.s.a.services.AuditService - [STOQ-AUDIT] SAVE | entity=Usuario | operation=CREATE | record=58965b9b-5be1-4c2f-b940-5d7c809781a9 | user=SYSTEM | endpoint=POST /api/auth/register | ip=0:0:0:0:0:0:0:1
2026-05-23 21:21:43 [STOQ] [http-nio-8080-exec-5] DEBUG org.hibernate.SQL - 
    select
        u1_0.id,
        u1_0.contrasena_hash,
        u1_0.correo,
        u1_0.empresa,
        u1_0.estado,
        u1_0.nombre,
        u1_0.rol_id 
    from
        usuarios u1_0 
    where
        u1_0.correo=?
2026-05-23 21:21:44 [STOQ] [http-nio-8080-exec-5] INFO  c.P.s.a.services.UsuarioServiceImpl - [STOQ-BIZ] LOGIN Usuario | correo=testgerente@example.com | rol=GERENTE
2026-05-23 21:21:44 [STOQ] [http-nio-8080-exec-5] DEBUG org.hibernate.SQL - 
    insert 
    into
        audit_logs
        (cambios_anterior, cambios_nuevo, created_by, created_date, endpoint, entidad, id_registro, ip_origen, operacion, user_agent, id) 
    values
        (?, ?, ?, ?, ?, ?, ?, ?, ?, ?, ?)
2026-05-23 21:21:44 [STOQ] [http-nio-8080-exec-5] INFO  c.P.s.a.services.AuditService - [STOQ-AUDIT] SAVE | entity=Usuario | operation=LOGIN | record=58965b9b-5be1-4c2f-b940-5d7c809781a9 | user=SYSTEM | endpoint=POST /api/auth/register | ip=0:0:0:0:0:0:0:1
2026-05-23 21:21:44 [STOQ] [http-nio-8080-exec-5] INFO  c.P.s.a.aspects.ApiLoggingAspect - [STOQ-MONITOR] OUT POST /api/auth/register | status=OK | time=4013 ms | endpoint=AuthController.register(..)
2026-05-23 21:21:44 [STOQ] [http-nio-8080-exec-5] INFO  c.P.s.a.aspects.ApiLoggingAspect - [STOQ-MONITOR] ============================================================
2026-05-23 21:21:45 [STOQ] [http-nio-8080-exec-3] DEBUG o.s.security.web.FilterChainProxy - Securing OPTIONS /api/usuarios/me
2026-05-23 21:21:45 [STOQ] [http-nio-8080-exec-8] DEBUG o.s.security.web.FilterChainProxy - Securing OPTIONS /api/alertas/resumen
2026-05-23 21:21:45 [STOQ] [http-nio-8080-exec-10] DEBUG o.s.security.web.FilterChainProxy - Securing OPTIONS /api/productos/criticos
2026-05-23 21:21:45 [STOQ] [http-nio-8080-exec-7] DEBUG o.s.security.web.FilterChainProxy - Securing OPTIONS /api/productos/criticos
2026-05-23 21:21:45 [STOQ] [http-nio-8080-exec-6] DEBUG o.s.security.web.FilterChainProxy - Securing GET /api/usuarios/me
2026-05-23 21:21:45 [STOQ] [http-nio-8080-exec-9] DEBUG o.s.security.web.FilterChainProxy - Securing GET /api/alertas/resumen
2026-05-23 21:21:45 [STOQ] [http-nio-8080-exec-9] DEBUG org.hibernate.SQL - 
    select
        u1_0.id,
        u1_0.contrasena_hash,
        u1_0.correo,
        u1_0.empresa,
        u1_0.estado,
        u1_0.nombre,
        u1_0.rol_id 
    from
        usuarios u1_0 
    where
        u1_0.correo=?
2026-05-23 21:21:45 [STOQ] [http-nio-8080-exec-6] DEBUG org.hibernate.SQL - 
    select
        u1_0.id,
        u1_0.contrasena_hash,
        u1_0.correo,
        u1_0.empresa,
        u1_0.estado,
        u1_0.nombre,
        u1_0.rol_id 
    from
        usuarios u1_0 
    where
        u1_0.correo=?
2026-05-23 21:21:45 [STOQ] [http-nio-8080-exec-2] DEBUG o.s.security.web.FilterChainProxy - Securing GET /api/productos/criticos
2026-05-23 21:21:45 [STOQ] [http-nio-8080-exec-2] DEBUG org.hibernate.SQL - 
    select
        u1_0.id,
        u1_0.contrasena_hash,
        u1_0.correo,
        u1_0.empresa,
        u1_0.estado,
        u1_0.nombre,
        u1_0.rol_id 
    from
        usuarios u1_0 
    where
        u1_0.correo=?
2026-05-23 21:21:45 [STOQ] [http-nio-8080-exec-2] DEBUG org.hibernate.SQL - 
    select
        r1_0.id,
        r1_0.descripcion,
        r1_0.nombre 
    from
        roles r1_0 
    where
        r1_0.id=?
2026-05-23 21:21:45 [STOQ] [http-nio-8080-exec-2] INFO  c.Proyecto.stoq.security.JwtFilter - Authenticated request for email=testgerente@example.com role=GERENTE path=/api/productos/criticos
2026-05-23 21:21:45 [STOQ] [http-nio-8080-exec-2] DEBUG o.s.security.web.FilterChainProxy - Secured GET /api/productos/criticos
2026-05-23 21:21:45 [STOQ] [http-nio-8080-exec-2] DEBUG o.s.s.a.m.AuthorizationManagerBeforeMethodInterceptor - Authorizing method invocation ReflectiveMethodInvocation: public java.util.List com.Proyecto.stoq.adapters.controllers.ProductosController.obtenerProductosCriticos(); target is of class [com.Proyecto.stoq.adapters.controllers.ProductosController]
2026-05-23 21:21:45 [STOQ] [http-nio-8080-exec-9] DEBUG org.hibernate.SQL - 
    select
        r1_0.id,
        r1_0.descripcion,
        r1_0.nombre 
    from
        roles r1_0 
    where
        r1_0.id=?
2026-05-23 21:21:45 [STOQ] [http-nio-8080-exec-6] DEBUG org.hibernate.SQL - 
    select
        r1_0.id,
        r1_0.descripcion,
        r1_0.nombre 
    from
        roles r1_0 
    where
        r1_0.id=?
2026-05-23 21:21:45 [STOQ] [http-nio-8080-exec-2] DEBUG o.s.s.a.m.AuthorizationManagerBeforeMethodInterceptor - Authorized method invocation ReflectiveMethodInvocation: public java.util.List com.Proyecto.stoq.adapters.controllers.ProductosController.obtenerProductosCriticos(); target is of class [com.Proyecto.stoq.adapters.controllers.ProductosController]
2026-05-23 21:21:45 [STOQ] [http-nio-8080-exec-2] INFO  c.P.s.a.aspects.ApiLoggingAspect - [STOQ-MONITOR] ============================================================
2026-05-23 21:21:45 [STOQ] [http-nio-8080-exec-2] INFO  c.P.s.a.aspects.ApiLoggingAspect - [STOQ-MONITOR] IN  2026-05-23 21:21:45 | GET /api/productos/criticos | user=testgerente@example.com | ip=0:0:0:0:0:0:0:1 | ua=Mozilla/5.0 (X11; Linux x86_64) AppleWebKit/537.36 (KHTML, like Gecko) Code/1.121.0 Chrome/142.0.7444.265 Electron/39.8.8 Safari/537.36
2026-05-23 21:21:45 [STOQ] [http-nio-8080-exec-2] DEBUG org.hibernate.SQL - 
    select
        u1_0.id,
        u1_0.contrasena_hash,
        u1_0.correo,
        u1_0.empresa,
        u1_0.estado,
        u1_0.nombre,
        u1_0.rol_id 
    from
        usuarios u1_0 
    where
        u1_0.correo=?
2026-05-23 21:21:46 [STOQ] [http-nio-8080-exec-2] DEBUG org.hibernate.SQL - 
    select
        r1_0.id,
        r1_0.descripcion,
        r1_0.nombre 
    from
        roles r1_0 
    where
        r1_0.id=?
2026-05-23 21:21:46 [STOQ] [http-nio-8080-exec-9] INFO  c.Proyecto.stoq.security.JwtFilter - Authenticated request for email=testgerente@example.com role=GERENTE path=/api/alertas/resumen
2026-05-23 21:21:46 [STOQ] [http-nio-8080-exec-6] INFO  c.Proyecto.stoq.security.JwtFilter - Authenticated request for email=testgerente@example.com role=GERENTE path=/api/usuarios/me
2026-05-23 21:21:46 [STOQ] [http-nio-8080-exec-6] DEBUG o.s.security.web.FilterChainProxy - Secured GET /api/usuarios/me
2026-05-23 21:21:46 [STOQ] [http-nio-8080-exec-9] DEBUG o.s.security.web.FilterChainProxy - Secured GET /api/alertas/resumen
2026-05-23 21:21:46 [STOQ] [http-nio-8080-exec-6] INFO  c.P.s.a.aspects.ApiLoggingAspect - [STOQ-MONITOR] ============================================================
2026-05-23 21:21:46 [STOQ] [http-nio-8080-exec-6] INFO  c.P.s.a.aspects.ApiLoggingAspect - [STOQ-MONITOR] IN  2026-05-23 21:21:46 | GET /api/usuarios/me | user=testgerente@example.com | ip=0:0:0:0:0:0:0:1 | ua=Mozilla/5.0 (X11; Linux x86_64) AppleWebKit/537.36 (KHTML, like Gecko) Code/1.121.0 Chrome/142.0.7444.265 Electron/39.8.8 Safari/537.36
2026-05-23 21:21:46 [STOQ] [http-nio-8080-exec-6] DEBUG org.hibernate.SQL - 
    select
        u1_0.id,
        u1_0.contrasena_hash,
        u1_0.correo,
        u1_0.empresa,
        u1_0.estado,
        u1_0.nombre,
        u1_0.rol_id 
    from
        usuarios u1_0 
    where
        u1_0.correo=?
2026-05-23 21:21:46 [STOQ] [http-nio-8080-exec-9] INFO  c.P.s.a.aspects.ApiLoggingAspect - [STOQ-MONITOR] ============================================================
2026-05-23 21:21:46 [STOQ] [http-nio-8080-exec-9] INFO  c.P.s.a.aspects.ApiLoggingAspect - [STOQ-MONITOR] IN  2026-05-23 21:21:46 | GET /api/alertas/resumen | user=testgerente@example.com | ip=0:0:0:0:0:0:0:1 | ua=Mozilla/5.0 (X11; Linux x86_64) AppleWebKit/537.36 (KHTML, like Gecko) Code/1.121.0 Chrome/142.0.7444.265 Electron/39.8.8 Safari/537.36
2026-05-23 21:21:46 [STOQ] [http-nio-8080-exec-9] DEBUG org.hibernate.SQL - 
    select
        u1_0.id,
        u1_0.contrasena_hash,
        u1_0.correo,
        u1_0.empresa,
        u1_0.estado,
        u1_0.nombre,
        u1_0.rol_id 
    from
        usuarios u1_0 
    where
        u1_0.correo=?
2026-05-23 21:21:46 [STOQ] [http-nio-8080-exec-2] DEBUG org.hibernate.SQL - 
    select
        p1_0.id,
        p1_0.categoria_id,
        p1_0.codigo,
        p1_0.empresa,
        p1_0.estado,
        p1_0.fecha_actualizacion,
        p1_0.fecha_creacion,
        p1_0.nombre,
        p1_0.stock_actual,
        p1_0.stock_minimo,
        p1_0.ubicacion,
        p1_0.unidad_id 
    from
        productos p1_0
2026-05-23 21:21:46 [STOQ] [http-nio-8080-exec-6] DEBUG org.hibernate.SQL - 
    select
        r1_0.id,
        r1_0.descripcion,
        r1_0.nombre 
    from
        roles r1_0 
    where
        r1_0.id=?
2026-05-23 21:21:46 [STOQ] [http-nio-8080-exec-9] DEBUG org.hibernate.SQL - 
    select
        r1_0.id,
        r1_0.descripcion,
        r1_0.nombre 
    from
        roles r1_0 
    where
        r1_0.id=?
2026-05-23 21:21:46 [STOQ] [http-nio-8080-exec-2] DEBUG org.hibernate.SQL - 
    select
        c1_0.id,
        c1_0.descripcion,
        c1_0.estado,
        c1_0.fecha_creacion,
        c1_0.nombre 
    from
        categorias c1_0 
    where
        c1_0.id=?
2026-05-23 21:21:46 [STOQ] [http-nio-8080-exec-6] INFO  c.P.s.a.aspects.ApiLoggingAspect - [STOQ-MONITOR] OUT GET /api/usuarios/me | status=OK | time=508 ms | endpoint=UsuarioController.obtenerUsuarioAutenticado(..)
2026-05-23 21:21:46 [STOQ] [http-nio-8080-exec-6] INFO  c.P.s.a.aspects.ApiLoggingAspect - [STOQ-MONITOR] ============================================================
2026-05-23 21:21:46 [STOQ] [http-nio-8080-exec-9] DEBUG org.hibernate.SQL - 
    select
        p1_0.id,
        p1_0.categoria_id,
        p1_0.codigo,
        p1_0.empresa,
        p1_0.estado,
        p1_0.fecha_actualizacion,
        p1_0.fecha_creacion,
        p1_0.nombre,
        p1_0.stock_actual,
        p1_0.stock_minimo,
        p1_0.ubicacion,
        p1_0.unidad_id 
    from
        productos p1_0
2026-05-23 21:21:47 [STOQ] [http-nio-8080-exec-2] DEBUG org.hibernate.SQL - 
    select
        u1_0.id,
        u1_0.abreviatura,
        u1_0.estado,
        u1_0.nombre 
    from
        unidades u1_0 
    where
        u1_0.id=?
2026-05-23 21:21:47 [STOQ] [http-nio-8080-exec-9] DEBUG org.hibernate.SQL - 
    select
        c1_0.id,
        c1_0.descripcion,
        c1_0.estado,
        c1_0.fecha_creacion,
        c1_0.nombre 
    from
        categorias c1_0 
    where
        c1_0.id=?
2026-05-23 21:21:47 [STOQ] [http-nio-8080-exec-2] DEBUG org.hibernate.SQL - 
    select
        u1_0.id,
        u1_0.abreviatura,
        u1_0.estado,
        u1_0.nombre 
    from
        unidades u1_0 
    where
        u1_0.id=?
2026-05-23 21:21:47 [STOQ] [http-nio-8080-exec-9] DEBUG org.hibernate.SQL - 
    select
        u1_0.id,
        u1_0.abreviatura,
        u1_0.estado,
        u1_0.nombre 
    from
        unidades u1_0 
    where
        u1_0.id=?
2026-05-23 21:21:47 [STOQ] [http-nio-8080-exec-2] DEBUG org.hibernate.SQL - 
    select
        u1_0.id,
        u1_0.abreviatura,
        u1_0.estado,
        u1_0.nombre 
    from
        unidades u1_0 
    where
        u1_0.id=?
2026-05-23 21:21:47 [STOQ] [http-nio-8080-exec-9] DEBUG org.hibernate.SQL - 
    select
        u1_0.id,
        u1_0.abreviatura,
        u1_0.estado,
        u1_0.nombre 
    from
        unidades u1_0 
    where
        u1_0.id=?
2026-05-23 21:21:47 [STOQ] [http-nio-8080-exec-2] DEBUG org.hibernate.SQL - 
    select
        u1_0.id,
        u1_0.abreviatura,
        u1_0.estado,
        u1_0.nombre 
    from
        unidades u1_0 
    where
        u1_0.id=?
2026-05-23 21:21:47 [STOQ] [http-nio-8080-exec-9] DEBUG org.hibernate.SQL - 
    select
        u1_0.id,
        u1_0.abreviatura,
        u1_0.estado,
        u1_0.nombre 
    from
        unidades u1_0 
    where
        u1_0.id=?
2026-05-23 21:21:48 [STOQ] [http-nio-8080-exec-2] DEBUG org.hibernate.SQL - 
    select
        c1_0.id,
        c1_0.descripcion,
        c1_0.estado,
        c1_0.fecha_creacion,
        c1_0.nombre 
    from
        categorias c1_0 
    where
        c1_0.id=?
2026-05-23 21:21:48 [STOQ] [http-nio-8080-exec-9] DEBUG org.hibernate.SQL - 
    select
        u1_0.id,
        u1_0.abreviatura,
        u1_0.estado,
        u1_0.nombre 
    from
        unidades u1_0 
    where
        u1_0.id=?
2026-05-23 21:21:48 [STOQ] [http-nio-8080-exec-9] DEBUG org.hibernate.SQL - 
    select
        c1_0.id,
        c1_0.descripcion,
        c1_0.estado,
        c1_0.fecha_creacion,
        c1_0.nombre 
    from
        categorias c1_0 
    where
        c1_0.id=?
2026-05-23 21:21:48 [STOQ] [http-nio-8080-exec-2] DEBUG org.hibernate.SQL - 
    select
        c1_0.id,
        c1_0.descripcion,
        c1_0.estado,
        c1_0.fecha_creacion,
        c1_0.nombre 
    from
        categorias c1_0 
    where
        c1_0.id=?
2026-05-23 21:21:48 [STOQ] [http-nio-8080-exec-9] DEBUG org.hibernate.SQL - 
    select
        c1_0.id,
        c1_0.descripcion,
        c1_0.estado,
        c1_0.fecha_creacion,
        c1_0.nombre 
    from
        categorias c1_0 
    where
        c1_0.id=?
2026-05-23 21:21:48 [STOQ] [http-nio-8080-exec-2] DEBUG org.hibernate.SQL - 
    select
        c1_0.id,
        c1_0.descripcion,
        c1_0.estado,
        c1_0.fecha_creacion,
        c1_0.nombre 
    from
        categorias c1_0 
    where
        c1_0.id=?
2026-05-23 21:21:48 [STOQ] [http-nio-8080-exec-9] DEBUG org.hibernate.SQL - 
    select
        c1_0.id,
        c1_0.descripcion,
        c1_0.estado,
        c1_0.fecha_creacion,
        c1_0.nombre 
    from
        categorias c1_0 
    where
        c1_0.id=?
2026-05-23 21:21:49 [STOQ] [http-nio-8080-exec-2] INFO  c.P.s.a.aspects.ApiLoggingAspect - [STOQ-MONITOR] OUT GET /api/productos/criticos | status=OK | time=3157 ms | endpoint=ProductosController.obtenerProductosCriticos()
2026-05-23 21:21:49 [STOQ] [http-nio-8080-exec-2] INFO  c.P.s.a.aspects.ApiLoggingAspect - [STOQ-MONITOR] ============================================================
2026-05-23 21:21:49 [STOQ] [http-nio-8080-exec-4] DEBUG o.s.security.web.FilterChainProxy - Securing GET /api/productos/criticos
2026-05-23 21:21:49 [STOQ] [http-nio-8080-exec-4] DEBUG org.hibernate.SQL - 
    select
        u1_0.id,
        u1_0.contrasena_hash,
        u1_0.correo,
        u1_0.empresa,
        u1_0.estado,
        u1_0.nombre,
        u1_0.rol_id 
    from
        usuarios u1_0 
    where
        u1_0.correo=?
2026-05-23 21:21:49 [STOQ] [http-nio-8080-exec-4] DEBUG org.hibernate.SQL - 
    select
        r1_0.id,
        r1_0.descripcion,
        r1_0.nombre 
    from
        roles r1_0 
    where
        r1_0.id=?
2026-05-23 21:21:49 [STOQ] [http-nio-8080-exec-9] DEBUG org.hibernate.SQL - 
    select
        a1_0.id,
        a1_0.fecha,
        a1_0.leida,
        a1_0.mensaje,
        a1_0.producto_id,
        p1_0.id,
        p1_0.categoria_id,
        c1_0.id,
        c1_0.descripcion,
        c1_0.estado,
        c1_0.fecha_creacion,
        c1_0.nombre,
        p1_0.codigo,
        p1_0.empresa,
        p1_0.estado,
        p1_0.fecha_actualizacion,
        p1_0.fecha_creacion,
        p1_0.nombre,
        p1_0.stock_actual,
        p1_0.stock_minimo,
        p1_0.ubicacion,
        p1_0.unidad_id,
        a1_0.tipo 
    from
        alertas a1_0 
    join
        productos p1_0 
            on p1_0.id=a1_0.producto_id 
    join
        categorias c1_0 
            on c1_0.id=p1_0.categoria_id
2026-05-23 21:21:50 [STOQ] [http-nio-8080-exec-4] INFO  c.Proyecto.stoq.security.JwtFilter - Authenticated request for email=testgerente@example.com role=GERENTE path=/api/productos/criticos
2026-05-23 21:21:50 [STOQ] [http-nio-8080-exec-4] DEBUG o.s.security.web.FilterChainProxy - Secured GET /api/productos/criticos
2026-05-23 21:21:50 [STOQ] [http-nio-8080-exec-4] DEBUG o.s.s.a.m.AuthorizationManagerBeforeMethodInterceptor - Authorizing method invocation ReflectiveMethodInvocation: public java.util.List com.Proyecto.stoq.adapters.controllers.ProductosController.obtenerProductosCriticos(); target is of class [com.Proyecto.stoq.adapters.controllers.ProductosController]
2026-05-23 21:21:50 [STOQ] [http-nio-8080-exec-4] DEBUG o.s.s.a.m.AuthorizationManagerBeforeMethodInterceptor - Authorized method invocation ReflectiveMethodInvocation: public java.util.List com.Proyecto.stoq.adapters.controllers.ProductosController.obtenerProductosCriticos(); target is of class [com.Proyecto.stoq.adapters.controllers.ProductosController]
2026-05-23 21:21:50 [STOQ] [http-nio-8080-exec-4] INFO  c.P.s.a.aspects.ApiLoggingAspect - [STOQ-MONITOR] ============================================================
2026-05-23 21:21:50 [STOQ] [http-nio-8080-exec-4] INFO  c.P.s.a.aspects.ApiLoggingAspect - [STOQ-MONITOR] IN  2026-05-23 21:21:50 | GET /api/productos/criticos | user=testgerente@example.com | ip=0:0:0:0:0:0:0:1 | ua=Mozilla/5.0 (X11; Linux x86_64) AppleWebKit/537.36 (KHTML, like Gecko) Code/1.121.0 Chrome/142.0.7444.265 Electron/39.8.8 Safari/537.36
2026-05-23 21:21:50 [STOQ] [http-nio-8080-exec-4] DEBUG org.hibernate.SQL - 
    select
        u1_0.id,
        u1_0.contrasena_hash,
        u1_0.correo,
        u1_0.empresa,
        u1_0.estado,
        u1_0.nombre,
        u1_0.rol_id 
    from
        usuarios u1_0 
    where
        u1_0.correo=?
2026-05-23 21:21:50 [STOQ] [http-nio-8080-exec-4] DEBUG org.hibernate.SQL - 
    select
        r1_0.id,
        r1_0.descripcion,
        r1_0.nombre 
    from
        roles r1_0 
    where
        r1_0.id=?
2026-05-23 21:21:50 [STOQ] [http-nio-8080-exec-9] DEBUG org.hibernate.SQL - 
    select
        a1_0.id,
        a1_0.fecha,
        a1_0.leida,
        a1_0.mensaje,
        a1_0.producto_id,
        p1_0.id,
        p1_0.categoria_id,
        c1_0.id,
        c1_0.descripcion,
        c1_0.estado,
        c1_0.fecha_creacion,
        c1_0.nombre,
        p1_0.codigo,
        p1_0.empresa,
        p1_0.estado,
        p1_0.fecha_actualizacion,
        p1_0.fecha_creacion,
        p1_0.nombre,
        p1_0.stock_actual,
        p1_0.stock_minimo,
        p1_0.ubicacion,
        p1_0.unidad_id,
        a1_0.tipo 
    from
        alertas a1_0 
    join
        productos p1_0 
            on p1_0.id=a1_0.producto_id 
    join
        categorias c1_0 
            on c1_0.id=p1_0.categoria_id
2026-05-23 21:21:50 [STOQ] [http-nio-8080-exec-4] DEBUG org.hibernate.SQL - 
    select
        p1_0.id,
        p1_0.categoria_id,
        p1_0.codigo,
        p1_0.empresa,
        p1_0.estado,
        p1_0.fecha_actualizacion,
        p1_0.fecha_creacion,
        p1_0.nombre,
        p1_0.stock_actual,
        p1_0.stock_minimo,
        p1_0.ubicacion,
        p1_0.unidad_id 
    from
        productos p1_0
2026-05-23 21:21:50 [STOQ] [http-nio-8080-exec-1] DEBUG o.s.security.web.FilterChainProxy - Securing OPTIONS /api/productos
2026-05-23 21:21:50 [STOQ] [http-nio-8080-exec-5] DEBUG o.s.security.web.FilterChainProxy - Securing OPTIONS /api/categorias
2026-05-23 21:21:50 [STOQ] [http-nio-8080-exec-3] DEBUG o.s.security.web.FilterChainProxy - Securing OPTIONS /api/unidades
2026-05-23 21:21:50 [STOQ] [http-nio-8080-exec-8] DEBUG o.s.security.web.FilterChainProxy - Securing GET /api/productos
2026-05-23 21:21:50 [STOQ] [http-nio-8080-exec-4] DEBUG org.hibernate.SQL - 
    select
        c1_0.id,
        c1_0.descripcion,
        c1_0.estado,
        c1_0.fecha_creacion,
        c1_0.nombre 
    from
        categorias c1_0 
    where
        c1_0.id=?
2026-05-23 21:21:50 [STOQ] [http-nio-8080-exec-10] DEBUG o.s.security.web.FilterChainProxy - Securing OPTIONS /api/alertas/resumen
2026-05-23 21:21:51 [STOQ] [http-nio-8080-exec-7] DEBUG o.s.security.web.FilterChainProxy - Securing OPTIONS /api/productos/criticos
2026-05-23 21:21:51 [STOQ] [http-nio-8080-exec-6] DEBUG o.s.security.web.FilterChainProxy - Securing GET /api/categorias
2026-05-23 21:21:51 [STOQ] [http-nio-8080-exec-8] DEBUG org.hibernate.SQL - 
    select
        u1_0.id,
        u1_0.contrasena_hash,
        u1_0.correo,
        u1_0.empresa,
        u1_0.estado,
        u1_0.nombre,
        u1_0.rol_id 
    from
        usuarios u1_0 
    where
        u1_0.correo=?
2026-05-23 21:21:51 [STOQ] [http-nio-8080-exec-6] DEBUG org.hibernate.SQL - 
    select
        u1_0.id,
        u1_0.contrasena_hash,
        u1_0.correo,
        u1_0.empresa,
        u1_0.estado,
        u1_0.nombre,
        u1_0.rol_id 
    from
        usuarios u1_0 
    where
        u1_0.correo=?
2026-05-23 21:21:51 [STOQ] [http-nio-8080-exec-2] DEBUG o.s.security.web.FilterChainProxy - Securing GET /api/unidades
2026-05-23 21:21:51 [STOQ] [http-nio-8080-exec-2] DEBUG org.hibernate.SQL - 
    select
        u1_0.id,
        u1_0.contrasena_hash,
        u1_0.correo,
        u1_0.empresa,
        u1_0.estado,
        u1_0.nombre,
        u1_0.rol_id 
    from
        usuarios u1_0 
    where
        u1_0.correo=?
2026-05-23 21:21:51 [STOQ] [http-nio-8080-exec-9] INFO  c.P.s.a.aspects.ApiLoggingAspect - [STOQ-MONITOR] OUT GET /api/alertas/resumen | status=OK | time=4977 ms | endpoint=AlertaController.obtenerResumen()
2026-05-23 21:21:51 [STOQ] [http-nio-8080-exec-9] INFO  c.P.s.a.aspects.ApiLoggingAspect - [STOQ-MONITOR] ============================================================
2026-05-23 21:21:51 [STOQ] [http-nio-8080-exec-4] DEBUG org.hibernate.SQL - 
    select
        u1_0.id,
        u1_0.abreviatura,
        u1_0.estado,
        u1_0.nombre 
    from
        unidades u1_0 
    where
        u1_0.id=?
2026-05-23 21:21:51 [STOQ] [http-nio-8080-exec-1] DEBUG o.s.security.web.FilterChainProxy - Securing GET /api/alertas/resumen
2026-05-23 21:21:51 [STOQ] [http-nio-8080-exec-1] DEBUG org.hibernate.SQL - 
    select
        u1_0.id,
        u1_0.contrasena_hash,
        u1_0.correo,
        u1_0.empresa,
        u1_0.estado,
        u1_0.nombre,
        u1_0.rol_id 
    from
        usuarios u1_0 
    where
        u1_0.correo=?
2026-05-23 21:21:51 [STOQ] [http-nio-8080-exec-8] DEBUG org.hibernate.SQL - 
    select
        r1_0.id,
        r1_0.descripcion,
        r1_0.nombre 
    from
        roles r1_0 
    where
        r1_0.id=?
2026-05-23 21:21:51 [STOQ] [http-nio-8080-exec-6] DEBUG org.hibernate.SQL - 
    select
        r1_0.id,
        r1_0.descripcion,
        r1_0.nombre 
    from
        roles r1_0 
    where
        r1_0.id=?
2026-05-23 21:21:51 [STOQ] [http-nio-8080-exec-1] DEBUG org.hibernate.SQL - 
    select
        r1_0.id,
        r1_0.descripcion,
        r1_0.nombre 
    from
        roles r1_0 
    where
        r1_0.id=?
2026-05-23 21:21:51 [STOQ] [http-nio-8080-exec-4] DEBUG org.hibernate.SQL - 
    select
        u1_0.id,
        u1_0.abreviatura,
        u1_0.estado,
        u1_0.nombre 
    from
        unidades u1_0 
    where
        u1_0.id=?
2026-05-23 21:21:51 [STOQ] [http-nio-8080-exec-2] DEBUG org.hibernate.SQL - 
    select
        r1_0.id,
        r1_0.descripcion,
        r1_0.nombre 
    from
        roles r1_0 
    where
        r1_0.id=?
2026-05-23 21:21:51 [STOQ] [http-nio-8080-exec-8] INFO  c.Proyecto.stoq.security.JwtFilter - Authenticated request for email=testgerente@example.com role=GERENTE path=/api/productos
2026-05-23 21:21:51 [STOQ] [http-nio-8080-exec-1] INFO  c.Proyecto.stoq.security.JwtFilter - Authenticated request for email=testgerente@example.com role=GERENTE path=/api/alertas/resumen
2026-05-23 21:21:51 [STOQ] [http-nio-8080-exec-8] DEBUG o.s.security.web.FilterChainProxy - Secured GET /api/productos
2026-05-23 21:21:51 [STOQ] [http-nio-8080-exec-6] INFO  c.Proyecto.stoq.security.JwtFilter - Authenticated request for email=testgerente@example.com role=GERENTE path=/api/categorias
2026-05-23 21:21:51 [STOQ] [http-nio-8080-exec-1] DEBUG o.s.security.web.FilterChainProxy - Secured GET /api/alertas/resumen
2026-05-23 21:21:51 [STOQ] [http-nio-8080-exec-6] DEBUG o.s.security.web.FilterChainProxy - Secured GET /api/categorias
2026-05-23 21:21:51 [STOQ] [http-nio-8080-exec-8] INFO  c.P.s.a.aspects.ApiLoggingAspect - [STOQ-MONITOR] ============================================================
2026-05-23 21:21:51 [STOQ] [http-nio-8080-exec-8] INFO  c.P.s.a.aspects.ApiLoggingAspect - [STOQ-MONITOR] IN  2026-05-23 21:21:51 | GET /api/productos | user=testgerente@example.com | ip=0:0:0:0:0:0:0:1 | ua=Mozilla/5.0 (X11; Linux x86_64) AppleWebKit/537.36 (KHTML, like Gecko) Code/1.121.0 Chrome/142.0.7444.265 Electron/39.8.8 Safari/537.36
2026-05-23 21:21:51 [STOQ] [http-nio-8080-exec-4] DEBUG org.hibernate.SQL - 
    select
        u1_0.id,
        u1_0.abreviatura,
        u1_0.estado,
        u1_0.nombre 
    from
        unidades u1_0 
    where
        u1_0.id=?
2026-05-23 21:21:51 [STOQ] [http-nio-8080-exec-1] INFO  c.P.s.a.aspects.ApiLoggingAspect - [STOQ-MONITOR] ============================================================
2026-05-23 21:21:51 [STOQ] [http-nio-8080-exec-1] INFO  c.P.s.a.aspects.ApiLoggingAspect - [STOQ-MONITOR] IN  2026-05-23 21:21:51 | GET /api/alertas/resumen | user=testgerente@example.com | ip=0:0:0:0:0:0:0:1 | ua=Mozilla/5.0 (X11; Linux x86_64) AppleWebKit/537.36 (KHTML, like Gecko) Code/1.121.0 Chrome/142.0.7444.265 Electron/39.8.8 Safari/537.36
2026-05-23 21:21:51 [STOQ] [http-nio-8080-exec-8] DEBUG org.hibernate.SQL - 
    select
        u1_0.id,
        u1_0.contrasena_hash,
        u1_0.correo,
        u1_0.empresa,
        u1_0.estado,
        u1_0.nombre,
        u1_0.rol_id 
    from
        usuarios u1_0 
    where
        u1_0.correo=?
2026-05-23 21:21:51 [STOQ] [http-nio-8080-exec-1] DEBUG org.hibernate.SQL - 
    select
        u1_0.id,
        u1_0.contrasena_hash,
        u1_0.correo,
        u1_0.empresa,
        u1_0.estado,
        u1_0.nombre,
        u1_0.rol_id 
    from
        usuarios u1_0 
    where
        u1_0.correo=?
2026-05-23 21:21:51 [STOQ] [http-nio-8080-exec-6] INFO  c.P.s.a.aspects.ApiLoggingAspect - [STOQ-MONITOR] ============================================================
2026-05-23 21:21:51 [STOQ] [http-nio-8080-exec-6] INFO  c.P.s.a.aspects.ApiLoggingAspect - [STOQ-MONITOR] IN  2026-05-23 21:21:51 | GET /api/categorias | user=testgerente@example.com | ip=0:0:0:0:0:0:0:1 | ua=Mozilla/5.0 (X11; Linux x86_64) AppleWebKit/537.36 (KHTML, like Gecko) Code/1.121.0 Chrome/142.0.7444.265 Electron/39.8.8 Safari/537.36
2026-05-23 21:21:51 [STOQ] [http-nio-8080-exec-6] DEBUG org.hibernate.SQL - 
    select
        c1_0.id,
        c1_0.descripcion,
        c1_0.estado,
        c1_0.fecha_creacion,
        c1_0.nombre 
    from
        categorias c1_0
2026-05-23 21:21:51 [STOQ] [http-nio-8080-exec-2] INFO  c.Proyecto.stoq.security.JwtFilter - Authenticated request for email=testgerente@example.com role=GERENTE path=/api/unidades
2026-05-23 21:21:51 [STOQ] [http-nio-8080-exec-2] DEBUG o.s.security.web.FilterChainProxy - Secured GET /api/unidades
2026-05-23 21:21:51 [STOQ] [http-nio-8080-exec-2] INFO  c.P.s.a.aspects.ApiLoggingAspect - [STOQ-MONITOR] ============================================================
2026-05-23 21:21:51 [STOQ] [http-nio-8080-exec-2] INFO  c.P.s.a.aspects.ApiLoggingAspect - [STOQ-MONITOR] IN  2026-05-23 21:21:51 | GET /api/unidades | user=testgerente@example.com | ip=0:0:0:0:0:0:0:1 | ua=Mozilla/5.0 (X11; Linux x86_64) AppleWebKit/537.36 (KHTML, like Gecko) Code/1.121.0 Chrome/142.0.7444.265 Electron/39.8.8 Safari/537.36
2026-05-23 21:21:51 [STOQ] [http-nio-8080-exec-2] DEBUG org.hibernate.SQL - 
    select
        u1_0.id,
        u1_0.abreviatura,
        u1_0.estado,
        u1_0.nombre 
    from
        unidades u1_0
2026-05-23 21:21:52 [STOQ] [http-nio-8080-exec-1] DEBUG org.hibernate.SQL - 
    select
        r1_0.id,
        r1_0.descripcion,
        r1_0.nombre 
    from
        roles r1_0 
    where
        r1_0.id=?
2026-05-23 21:21:52 [STOQ] [http-nio-8080-exec-8] DEBUG org.hibernate.SQL - 
    select
        r1_0.id,
        r1_0.descripcion,
        r1_0.nombre 
    from
        roles r1_0 
    where
        r1_0.id=?
2026-05-23 21:21:52 [STOQ] [http-nio-8080-exec-4] DEBUG org.hibernate.SQL - 
    select
        u1_0.id,
        u1_0.abreviatura,
        u1_0.estado,
        u1_0.nombre 
    from
        unidades u1_0 
    where
        u1_0.id=?
2026-05-23 21:21:52 [STOQ] [http-nio-8080-exec-4] DEBUG org.hibernate.SQL - 
    select
        c1_0.id,
        c1_0.descripcion,
        c1_0.estado,
        c1_0.fecha_creacion,
        c1_0.nombre 
    from
        categorias c1_0 
    where
        c1_0.id=?
2026-05-23 21:21:52 [STOQ] [http-nio-8080-exec-1] DEBUG org.hibernate.SQL - 
    select
        p1_0.id,
        p1_0.categoria_id,
        p1_0.codigo,
        p1_0.empresa,
        p1_0.estado,
        p1_0.fecha_actualizacion,
        p1_0.fecha_creacion,
        p1_0.nombre,
        p1_0.stock_actual,
        p1_0.stock_minimo,
        p1_0.ubicacion,
        p1_0.unidad_id 
    from
        productos p1_0
2026-05-23 21:21:52 [STOQ] [http-nio-8080-exec-8] DEBUG org.hibernate.SQL - 
    select
        p1_0.id,
        p1_0.categoria_id,
        p1_0.codigo,
        p1_0.empresa,
        p1_0.estado,
        p1_0.fecha_actualizacion,
        p1_0.fecha_creacion,
        p1_0.nombre,
        p1_0.stock_actual,
        p1_0.stock_minimo,
        p1_0.ubicacion,
        p1_0.unidad_id 
    from
        productos p1_0
2026-05-23 21:21:52 [STOQ] [http-nio-8080-exec-6] INFO  c.P.s.a.aspects.ApiLoggingAspect - [STOQ-MONITOR] OUT GET /api/categorias | status=OK | time=529 ms | endpoint=CategoriasController.obtenerCategorias()
2026-05-23 21:21:52 [STOQ] [http-nio-8080-exec-6] INFO  c.P.s.a.aspects.ApiLoggingAspect - [STOQ-MONITOR] ============================================================
2026-05-23 21:21:52 [STOQ] [http-nio-8080-exec-2] INFO  c.P.s.a.aspects.ApiLoggingAspect - [STOQ-MONITOR] OUT GET /api/unidades | status=OK | time=514 ms | endpoint=UnidadController.listado_unidades()
2026-05-23 21:21:52 [STOQ] [http-nio-8080-exec-2] INFO  c.P.s.a.aspects.ApiLoggingAspect - [STOQ-MONITOR] ============================================================
2026-05-23 21:21:52 [STOQ] [http-nio-8080-exec-4] DEBUG org.hibernate.SQL - 
    select
        c1_0.id,
        c1_0.descripcion,
        c1_0.estado,
        c1_0.fecha_creacion,
        c1_0.nombre 
    from
        categorias c1_0 
    where
        c1_0.id=?
2026-05-23 21:21:52 [STOQ] [http-nio-8080-exec-1] DEBUG org.hibernate.SQL - 
    select
        c1_0.id,
        c1_0.descripcion,
        c1_0.estado,
        c1_0.fecha_creacion,
        c1_0.nombre 
    from
        categorias c1_0 
    where
        c1_0.id=?
2026-05-23 21:21:52 [STOQ] [http-nio-8080-exec-8] DEBUG org.hibernate.SQL - 
    select
        c1_0.id,
        c1_0.descripcion,
        c1_0.estado,
        c1_0.fecha_creacion,
        c1_0.nombre 
    from
        categorias c1_0 
    where
        c1_0.id=?
2026-05-23 21:21:52 [STOQ] [http-nio-8080-exec-4] DEBUG org.hibernate.SQL - 
    select
        c1_0.id,
        c1_0.descripcion,
        c1_0.estado,
        c1_0.fecha_creacion,
        c1_0.nombre 
    from
        categorias c1_0 
    where
        c1_0.id=?
2026-05-23 21:21:52 [STOQ] [http-nio-8080-exec-1] DEBUG org.hibernate.SQL - 
    select
        u1_0.id,
        u1_0.abreviatura,
        u1_0.estado,
        u1_0.nombre 
    from
        unidades u1_0 
    where
        u1_0.id=?
2026-05-23 21:21:52 [STOQ] [http-nio-8080-exec-8] DEBUG org.hibernate.SQL - 
    select
        u1_0.id,
        u1_0.abreviatura,
        u1_0.estado,
        u1_0.nombre 
    from
        unidades u1_0 
    where
        u1_0.id=?
2026-05-23 21:21:53 [STOQ] [http-nio-8080-exec-1] DEBUG org.hibernate.SQL - 
    select
        u1_0.id,
        u1_0.abreviatura,
        u1_0.estado,
        u1_0.nombre 
    from
        unidades u1_0 
    where
        u1_0.id=?
2026-05-23 21:21:53 [STOQ] [http-nio-8080-exec-8] DEBUG org.hibernate.SQL - 
    select
        u1_0.id,
        u1_0.abreviatura,
        u1_0.estado,
        u1_0.nombre 
    from
        unidades u1_0 
    where
        u1_0.id=?
2026-05-23 21:21:53 [STOQ] [http-nio-8080-exec-4] INFO  c.P.s.a.aspects.ApiLoggingAspect - [STOQ-MONITOR] OUT GET /api/productos/criticos | status=OK | time=3341 ms | endpoint=ProductosController.obtenerProductosCriticos()
2026-05-23 21:21:53 [STOQ] [http-nio-8080-exec-4] INFO  c.P.s.a.aspects.ApiLoggingAspect - [STOQ-MONITOR] ============================================================
2026-05-23 21:21:53 [STOQ] [http-nio-8080-exec-1] DEBUG org.hibernate.SQL - 
    select
        u1_0.id,
        u1_0.abreviatura,
        u1_0.estado,
        u1_0.nombre 
    from
        unidades u1_0 
    where
        u1_0.id=?
2026-05-23 21:21:53 [STOQ] [http-nio-8080-exec-8] DEBUG org.hibernate.SQL - 
    select
        u1_0.id,
        u1_0.abreviatura,
        u1_0.estado,
        u1_0.nombre 
    from
        unidades u1_0 
    where
        u1_0.id=?
2026-05-23 21:21:53 [STOQ] [http-nio-8080-exec-5] DEBUG o.s.security.web.FilterChainProxy - Securing GET /api/productos/criticos
2026-05-23 21:21:53 [STOQ] [http-nio-8080-exec-5] DEBUG org.hibernate.SQL - 
    select
        u1_0.id,
        u1_0.contrasena_hash,
        u1_0.correo,
        u1_0.empresa,
        u1_0.estado,
        u1_0.nombre,
        u1_0.rol_id 
    from
        usuarios u1_0 
    where
        u1_0.correo=?
2026-05-23 21:21:53 [STOQ] [http-nio-8080-exec-1] DEBUG org.hibernate.SQL - 
    select
        u1_0.id,
        u1_0.abreviatura,
        u1_0.estado,
        u1_0.nombre 
    from
        unidades u1_0 
    where
        u1_0.id=?
2026-05-23 21:21:53 [STOQ] [http-nio-8080-exec-8] DEBUG org.hibernate.SQL - 
    select
        u1_0.id,
        u1_0.abreviatura,
        u1_0.estado,
        u1_0.nombre 
    from
        unidades u1_0 
    where
        u1_0.id=?
2026-05-23 21:21:53 [STOQ] [http-nio-8080-exec-5] DEBUG org.hibernate.SQL - 
    select
        r1_0.id,
        r1_0.descripcion,
        r1_0.nombre 
    from
        roles r1_0 
    where
        r1_0.id=?
2026-05-23 21:21:54 [STOQ] [http-nio-8080-exec-5] INFO  c.Proyecto.stoq.security.JwtFilter - Authenticated request for email=testgerente@example.com role=GERENTE path=/api/productos/criticos
2026-05-23 21:21:54 [STOQ] [http-nio-8080-exec-5] DEBUG o.s.security.web.FilterChainProxy - Secured GET /api/productos/criticos
2026-05-23 21:21:54 [STOQ] [http-nio-8080-exec-5] DEBUG o.s.s.a.m.AuthorizationManagerBeforeMethodInterceptor - Authorizing method invocation ReflectiveMethodInvocation: public java.util.List com.Proyecto.stoq.adapters.controllers.ProductosController.obtenerProductosCriticos(); target is of class [com.Proyecto.stoq.adapters.controllers.ProductosController]
2026-05-23 21:21:54 [STOQ] [http-nio-8080-exec-5] DEBUG o.s.s.a.m.AuthorizationManagerBeforeMethodInterceptor - Authorized method invocation ReflectiveMethodInvocation: public java.util.List com.Proyecto.stoq.adapters.controllers.ProductosController.obtenerProductosCriticos(); target is of class [com.Proyecto.stoq.adapters.controllers.ProductosController]
2026-05-23 21:21:54 [STOQ] [http-nio-8080-exec-5] INFO  c.P.s.a.aspects.ApiLoggingAspect - [STOQ-MONITOR] ============================================================
2026-05-23 21:21:54 [STOQ] [http-nio-8080-exec-5] INFO  c.P.s.a.aspects.ApiLoggingAspect - [STOQ-MONITOR] IN  2026-05-23 21:21:54 | GET /api/productos/criticos | user=testgerente@example.com | ip=0:0:0:0:0:0:0:1 | ua=Mozilla/5.0 (X11; Linux x86_64) AppleWebKit/537.36 (KHTML, like Gecko) Code/1.121.0 Chrome/142.0.7444.265 Electron/39.8.8 Safari/537.36
2026-05-23 21:21:54 [STOQ] [http-nio-8080-exec-5] DEBUG org.hibernate.SQL - 
    select
        u1_0.id,
        u1_0.contrasena_hash,
        u1_0.correo,
        u1_0.empresa,
        u1_0.estado,
        u1_0.nombre,
        u1_0.rol_id 
    from
        usuarios u1_0 
    where
        u1_0.correo=?
2026-05-23 21:21:54 [STOQ] [http-nio-8080-exec-1] DEBUG org.hibernate.SQL - 
    select
        c1_0.id,
        c1_0.descripcion,
        c1_0.estado,
        c1_0.fecha_creacion,
        c1_0.nombre 
    from
        categorias c1_0 
    where
        c1_0.id=?
2026-05-23 21:21:54 [STOQ] [http-nio-8080-exec-8] DEBUG org.hibernate.SQL - 
    select
        c1_0.id,
        c1_0.descripcion,
        c1_0.estado,
        c1_0.fecha_creacion,
        c1_0.nombre 
    from
        categorias c1_0 
    where
        c1_0.id=?
2026-05-23 21:21:54 [STOQ] [http-nio-8080-exec-5] DEBUG org.hibernate.SQL - 
    select
        r1_0.id,
        r1_0.descripcion,
        r1_0.nombre 
    from
        roles r1_0 
    where
        r1_0.id=?
2026-05-23 21:21:54 [STOQ] [http-nio-8080-exec-1] DEBUG org.hibernate.SQL - 
    select
        c1_0.id,
        c1_0.descripcion,
        c1_0.estado,
        c1_0.fecha_creacion,
        c1_0.nombre 
    from
        categorias c1_0 
    where
        c1_0.id=?
2026-05-23 21:21:54 [STOQ] [http-nio-8080-exec-8] DEBUG org.hibernate.SQL - 
    select
        c1_0.id,
        c1_0.descripcion,
        c1_0.estado,
        c1_0.fecha_creacion,
        c1_0.nombre 
    from
        categorias c1_0 
    where
        c1_0.id=?
2026-05-23 21:21:54 [STOQ] [http-nio-8080-exec-5] DEBUG org.hibernate.SQL - 
    select
        p1_0.id,
        p1_0.categoria_id,
        p1_0.codigo,
        p1_0.empresa,
        p1_0.estado,
        p1_0.fecha_actualizacion,
        p1_0.fecha_creacion,
        p1_0.nombre,
        p1_0.stock_actual,
        p1_0.stock_minimo,
        p1_0.ubicacion,
        p1_0.unidad_id 
    from
        productos p1_0
2026-05-23 21:21:54 [STOQ] [http-nio-8080-exec-1] DEBUG org.hibernate.SQL - 
    select
        c1_0.id,
        c1_0.descripcion,
        c1_0.estado,
        c1_0.fecha_creacion,
        c1_0.nombre 
    from
        categorias c1_0 
    where
        c1_0.id=?
2026-05-23 21:21:54 [STOQ] [http-nio-8080-exec-8] DEBUG org.hibernate.SQL - 
    select
        c1_0.id,
        c1_0.descripcion,
        c1_0.estado,
        c1_0.fecha_creacion,
        c1_0.nombre 
    from
        categorias c1_0 
    where
        c1_0.id=?
2026-05-23 21:21:55 [STOQ] [http-nio-8080-exec-5] DEBUG org.hibernate.SQL - 
    select
        c1_0.id,
        c1_0.descripcion,
        c1_0.estado,
        c1_0.fecha_creacion,
        c1_0.nombre 
    from
        categorias c1_0 
    where
        c1_0.id=?
2026-05-23 21:21:55 [STOQ] [http-nio-8080-exec-5] DEBUG org.hibernate.SQL - 
    select
        u1_0.id,
        u1_0.abreviatura,
        u1_0.estado,
        u1_0.nombre 
    from
        unidades u1_0 
    where
        u1_0.id=?
2026-05-23 21:21:55 [STOQ] [http-nio-8080-exec-8] INFO  c.P.s.a.aspects.ApiLoggingAspect - [STOQ-MONITOR] OUT GET /api/productos | status=OK | time=3552 ms | endpoint=ProductosController.obtenerProductos()
2026-05-23 21:21:55 [STOQ] [http-nio-8080-exec-8] INFO  c.P.s.a.aspects.ApiLoggingAspect - [STOQ-MONITOR] ============================================================
2026-05-23 21:21:55 [STOQ] [http-nio-8080-exec-1] DEBUG org.hibernate.SQL - 
    select
        a1_0.id,
        a1_0.fecha,
        a1_0.leida,
        a1_0.mensaje,
        a1_0.producto_id,
        p1_0.id,
        p1_0.categoria_id,
        c1_0.id,
        c1_0.descripcion,
        c1_0.estado,
        c1_0.fecha_creacion,
        c1_0.nombre,
        p1_0.codigo,
        p1_0.empresa,
        p1_0.estado,
        p1_0.fecha_actualizacion,
        p1_0.fecha_creacion,
        p1_0.nombre,
        p1_0.stock_actual,
        p1_0.stock_minimo,
        p1_0.ubicacion,
        p1_0.unidad_id,
        a1_0.tipo 
    from
        alertas a1_0 
    join
        productos p1_0 
            on p1_0.id=a1_0.producto_id 
    join
        categorias c1_0 
            on c1_0.id=p1_0.categoria_id
2026-05-23 21:21:55 [STOQ] [http-nio-8080-exec-5] DEBUG org.hibernate.SQL - 
    select
        u1_0.id,
        u1_0.abreviatura,
        u1_0.estado,
        u1_0.nombre 
    from
        unidades u1_0 
    where
        u1_0.id=?
2026-05-23 21:21:55 [STOQ] [http-nio-8080-exec-5] DEBUG org.hibernate.SQL - 
    select
        u1_0.id,
        u1_0.abreviatura,
        u1_0.estado,
        u1_0.nombre 
    from
        unidades u1_0 
    where
        u1_0.id=?
2026-05-23 21:21:56 [STOQ] [http-nio-8080-exec-5] DEBUG org.hibernate.SQL - 
    select
        u1_0.id,
        u1_0.abreviatura,
        u1_0.estado,
        u1_0.nombre 
    from
        unidades u1_0 
    where
        u1_0.id=?
2026-05-23 21:21:56 [STOQ] [http-nio-8080-exec-1] DEBUG org.hibernate.SQL - 
    select
        a1_0.id,
        a1_0.fecha,
        a1_0.leida,
        a1_0.mensaje,
        a1_0.producto_id,
        p1_0.id,
        p1_0.categoria_id,
        c1_0.id,
        c1_0.descripcion,
        c1_0.estado,
        c1_0.fecha_creacion,
        c1_0.nombre,
        p1_0.codigo,
        p1_0.empresa,
        p1_0.estado,
        p1_0.fecha_actualizacion,
        p1_0.fecha_creacion,
        p1_0.nombre,
        p1_0.stock_actual,
        p1_0.stock_minimo,
        p1_0.ubicacion,
        p1_0.unidad_id,
        a1_0.tipo 
    from
        alertas a1_0 
    join
        productos p1_0 
            on p1_0.id=a1_0.producto_id 
    join
        categorias c1_0 
            on c1_0.id=p1_0.categoria_id
2026-05-23 21:21:56 [STOQ] [http-nio-8080-exec-5] DEBUG org.hibernate.SQL - 
    select
        c1_0.id,
        c1_0.descripcion,
        c1_0.estado,
        c1_0.fecha_creacion,
        c1_0.nombre 
    from
        categorias c1_0 
    where
        c1_0.id=?
2026-05-23 21:21:56 [STOQ] [http-nio-8080-exec-5] DEBUG org.hibernate.SQL - 
    select
        c1_0.id,
        c1_0.descripcion,
        c1_0.estado,
        c1_0.fecha_creacion,
        c1_0.nombre 
    from
        categorias c1_0 
    where
        c1_0.id=?
2026-05-23 21:21:57 [STOQ] [http-nio-8080-exec-1] INFO  c.P.s.a.aspects.ApiLoggingAspect - [STOQ-MONITOR] OUT GET /api/alertas/resumen | status=OK | time=5151 ms | endpoint=AlertaController.obtenerResumen()
2026-05-23 21:21:57 [STOQ] [http-nio-8080-exec-1] INFO  c.P.s.a.aspects.ApiLoggingAspect - [STOQ-MONITOR] ============================================================
2026-05-23 21:21:57 [STOQ] [http-nio-8080-exec-5] DEBUG org.hibernate.SQL - 
    select
        c1_0.id,
        c1_0.descripcion,
        c1_0.estado,
        c1_0.fecha_creacion,
        c1_0.nombre 
    from
        categorias c1_0 
    where
        c1_0.id=?
2026-05-23 21:21:57 [STOQ] [http-nio-8080-exec-5] INFO  c.P.s.a.aspects.ApiLoggingAspect - [STOQ-MONITOR] OUT GET /api/productos/criticos | status=OK | time=3292 ms | endpoint=ProductosController.obtenerProductosCriticos()
2026-05-23 21:21:57 [STOQ] [http-nio-8080-exec-5] INFO  c.P.s.a.aspects.ApiLoggingAspect - [STOQ-MONITOR] ============================================================
2026-05-23 21:23:04 [STOQ] [http-nio-8080-exec-3] DEBUG o.s.security.web.FilterChainProxy - Securing OPTIONS /api/productos
2026-05-23 21:23:04 [STOQ] [http-nio-8080-exec-10] DEBUG o.s.security.web.FilterChainProxy - Securing POST /api/productos
2026-05-23 21:23:04 [STOQ] [http-nio-8080-exec-10] DEBUG org.hibernate.SQL - 
    select
        u1_0.id,
        u1_0.contrasena_hash,
        u1_0.correo,
        u1_0.empresa,
        u1_0.estado,
        u1_0.nombre,
        u1_0.rol_id 
    from
        usuarios u1_0 
    where
        u1_0.correo=?
2026-05-23 21:23:05 [STOQ] [http-nio-8080-exec-10] DEBUG org.hibernate.SQL - 
    select
        r1_0.id,
        r1_0.descripcion,
        r1_0.nombre 
    from
        roles r1_0 
    where
        r1_0.id=?
2026-05-23 21:23:05 [STOQ] [http-nio-8080-exec-10] INFO  c.Proyecto.stoq.security.JwtFilter - Authenticated request for email=testgerente@example.com role=GERENTE path=/api/productos
2026-05-23 21:23:05 [STOQ] [http-nio-8080-exec-10] DEBUG o.s.security.web.FilterChainProxy - Secured POST /api/productos
2026-05-23 21:23:05 [STOQ] [http-nio-8080-exec-10] INFO  c.P.s.a.aspects.ApiLoggingAspect - [STOQ-MONITOR] ============================================================
2026-05-23 21:23:05 [STOQ] [http-nio-8080-exec-10] INFO  c.P.s.a.aspects.ApiLoggingAspect - [STOQ-MONITOR] IN  2026-05-23 21:23:05 | POST /api/productos | user=testgerente@example.com | ip=0:0:0:0:0:0:0:1 | ua=Mozilla/5.0 (X11; Linux x86_64) AppleWebKit/537.36 (KHTML, like Gecko) Code/1.121.0 Chrome/142.0.7444.265 Electron/39.8.8 Safari/537.36
2026-05-23 21:23:05 [STOQ] [http-nio-8080-exec-10] DEBUG org.hibernate.SQL - 
    select
        u1_0.id,
        u1_0.contrasena_hash,
        u1_0.correo,
        u1_0.empresa,
        u1_0.estado,
        u1_0.nombre,
        u1_0.rol_id 
    from
        usuarios u1_0 
    where
        u1_0.correo=?
2026-05-23 21:23:05 [STOQ] [http-nio-8080-exec-10] DEBUG org.hibernate.SQL - 
    select
        r1_0.id,
        r1_0.descripcion,
        r1_0.nombre 
    from
        roles r1_0 
    where
        r1_0.id=?
2026-05-23 21:23:05 [STOQ] [http-nio-8080-exec-10] DEBUG org.hibernate.SQL - 
    select
        p1_0.id,
        p1_0.categoria_id,
        p1_0.codigo,
        p1_0.empresa,
        p1_0.estado,
        p1_0.fecha_actualizacion,
        p1_0.fecha_creacion,
        p1_0.nombre,
        p1_0.stock_actual,
        p1_0.stock_minimo,
        p1_0.ubicacion,
        p1_0.unidad_id 
    from
        productos p1_0 
    where
        p1_0.codigo=?
2026-05-23 21:23:06 [STOQ] [http-nio-8080-exec-10] DEBUG org.hibernate.SQL - 
    select
        c1_0.id,
        c1_0.descripcion,
        c1_0.estado,
        c1_0.fecha_creacion,
        c1_0.nombre 
    from
        categorias c1_0 
    where
        c1_0.id=?
2026-05-23 21:23:06 [STOQ] [http-nio-8080-exec-10] DEBUG org.hibernate.SQL - 
    select
        u1_0.id,
        u1_0.abreviatura,
        u1_0.estado,
        u1_0.nombre 
    from
        unidades u1_0 
    where
        u1_0.id=?
2026-05-23 21:23:06 [STOQ] [http-nio-8080-exec-10] INFO  c.P.s.a.services.ProductoServiceImpl - [STOQ-BIZ] CREATE Producto | codigo=TEST-001 | nombre=Producto Prueba
2026-05-23 21:23:06 [STOQ] [http-nio-8080-exec-10] DEBUG org.hibernate.SQL - 
    select
        u1_0.id,
        u1_0.contrasena_hash,
        u1_0.correo,
        u1_0.empresa,
        u1_0.estado,
        u1_0.nombre,
        u1_0.rol_id 
    from
        usuarios u1_0 
    where
        u1_0.correo=?
2026-05-23 21:23:07 [STOQ] [http-nio-8080-exec-10] INFO  c.P.s.a.s.MovimientoInventarioServiceImpl - [STOQ-BIZ] MOVIMIENTO ENTRADA | productoId=7b50f24c-d877-4c19-8da6-a19199bc6f95 | cantidad=5 | stockAnterior=0 | stockResultante=5 | usuario=testgerente@example.com
2026-05-23 21:23:07 [STOQ] [http-nio-8080-exec-10] INFO  c.P.s.a.services.AuditService - [STOQ-AUDIT] SAVE | entity=MovimientoInventario | operation=CREATE | record=73faf8eb-6069-49b1-ae1b-0b2fc62adb05 | user=testgerente@example.com | endpoint=POST /api/productos | ip=0:0:0:0:0:0:0:1
2026-05-23 21:23:07 [STOQ] [http-nio-8080-exec-10] INFO  c.P.s.a.services.AuditService - [STOQ-AUDIT] SAVE | entity=Producto | operation=CREATE | record=7b50f24c-d877-4c19-8da6-a19199bc6f95 | user=testgerente@example.com | endpoint=POST /api/productos | ip=0:0:0:0:0:0:0:1
2026-05-23 21:23:07 [STOQ] [http-nio-8080-exec-10] DEBUG org.hibernate.SQL - 
    insert 
    into
        productos
        (categoria_id, codigo, empresa, estado, fecha_actualizacion, fecha_creacion, nombre, stock_actual, stock_minimo, ubicacion, unidad_id, id) 
    values
        (?, ?, ?, ?, ?, ?, ?, ?, ?, ?, ?, ?)
2026-05-23 21:23:07 [STOQ] [http-nio-8080-exec-10] DEBUG org.hibernate.SQL - 
    insert 
    into
        movimientos_inventario
        (cantidad, fecha_movimiento, motivo, producto_id, stock_anterior, stock_resultante, tipo_movimiento, usuario_id, id) 
    values
        (?, ?, ?, ?, ?, ?, ?, ?, ?)
2026-05-23 21:23:07 [STOQ] [http-nio-8080-exec-10] DEBUG org.hibernate.SQL - 
    insert 
    into
        audit_logs
        (cambios_anterior, cambios_nuevo, created_by, created_date, endpoint, entidad, id_registro, ip_origen, operacion, user_agent, id) 
    values
        (?, ?, ?, ?, ?, ?, ?, ?, ?, ?, ?)
2026-05-23 21:23:07 [STOQ] [http-nio-8080-exec-10] DEBUG org.hibernate.SQL - 
    insert 
    into
        audit_logs
        (cambios_anterior, cambios_nuevo, created_by, created_date, endpoint, entidad, id_registro, ip_origen, operacion, user_agent, id) 
    values
        (?, ?, ?, ?, ?, ?, ?, ?, ?, ?, ?)
2026-05-23 21:23:08 [STOQ] [http-nio-8080-exec-10] DEBUG org.hibernate.SQL - 
    update
        productos 
    set
        categoria_id=?,
        codigo=?,
        empresa=?,
        estado=?,
        fecha_actualizacion=?,
        nombre=?,
        stock_actual=?,
        stock_minimo=?,
        ubicacion=?,
        unidad_id=? 
    where
        id=?
2026-05-23 21:23:08 [STOQ] [http-nio-8080-exec-10] INFO  c.P.s.a.aspects.ApiLoggingAspect - [STOQ-MONITOR] OUT POST /api/productos | status=OK | time=3430 ms | endpoint=ProductosController.crearProducto(..)
2026-05-23 21:23:08 [STOQ] [http-nio-8080-exec-10] INFO  c.P.s.a.aspects.ApiLoggingAspect - [STOQ-MONITOR] ============================================================
2026-05-23 21:23:08 [STOQ] [http-nio-8080-exec-7] DEBUG o.s.security.web.FilterChainProxy - Securing GET /api/productos
2026-05-23 21:23:08 [STOQ] [http-nio-8080-exec-9] DEBUG o.s.security.web.FilterChainProxy - Securing OPTIONS /api/categorias
2026-05-23 21:23:08 [STOQ] [http-nio-8080-exec-7] DEBUG org.hibernate.SQL - 
    select
        u1_0.id,
        u1_0.contrasena_hash,
        u1_0.correo,
        u1_0.empresa,
        u1_0.estado,
        u1_0.nombre,
        u1_0.rol_id 
    from
        usuarios u1_0 
    where
        u1_0.correo=?
2026-05-23 21:23:08 [STOQ] [http-nio-8080-exec-6] DEBUG o.s.security.web.FilterChainProxy - Securing GET /api/categorias
2026-05-23 21:23:08 [STOQ] [http-nio-8080-exec-2] DEBUG o.s.security.web.FilterChainProxy - Securing OPTIONS /api/unidades
2026-05-23 21:23:08 [STOQ] [http-nio-8080-exec-6] DEBUG org.hibernate.SQL - 
    select
        u1_0.id,
        u1_0.contrasena_hash,
        u1_0.correo,
        u1_0.empresa,
        u1_0.estado,
        u1_0.nombre,
        u1_0.rol_id 
    from
        usuarios u1_0 
    where
        u1_0.correo=?
2026-05-23 21:23:08 [STOQ] [http-nio-8080-exec-4] DEBUG o.s.security.web.FilterChainProxy - Securing GET /api/unidades
2026-05-23 21:23:09 [STOQ] [http-nio-8080-exec-4] DEBUG org.hibernate.SQL - 
    select
        u1_0.id,
        u1_0.contrasena_hash,
        u1_0.correo,
        u1_0.empresa,
        u1_0.estado,
        u1_0.nombre,
        u1_0.rol_id 
    from
        usuarios u1_0 
    where
        u1_0.correo=?
2026-05-23 21:23:09 [STOQ] [http-nio-8080-exec-4] DEBUG org.hibernate.SQL - 
    select
        r1_0.id,
        r1_0.descripcion,
        r1_0.nombre 
    from
        roles r1_0 
    where
        r1_0.id=?
2026-05-23 21:23:09 [STOQ] [http-nio-8080-exec-7] DEBUG org.hibernate.SQL - 
    select
        r1_0.id,
        r1_0.descripcion,
        r1_0.nombre 
    from
        roles r1_0 
    where
        r1_0.id=?
2026-05-23 21:23:09 [STOQ] [http-nio-8080-exec-4] INFO  c.Proyecto.stoq.security.JwtFilter - Authenticated request for email=testgerente@example.com role=GERENTE path=/api/unidades
2026-05-23 21:23:09 [STOQ] [http-nio-8080-exec-6] DEBUG org.hibernate.SQL - 
    select
        r1_0.id,
        r1_0.descripcion,
        r1_0.nombre 
    from
        roles r1_0 
    where
        r1_0.id=?
2026-05-23 21:23:09 [STOQ] [http-nio-8080-exec-4] DEBUG o.s.security.web.FilterChainProxy - Secured GET /api/unidades
2026-05-23 21:23:09 [STOQ] [http-nio-8080-exec-4] INFO  c.P.s.a.aspects.ApiLoggingAspect - [STOQ-MONITOR] ============================================================
2026-05-23 21:23:09 [STOQ] [http-nio-8080-exec-4] INFO  c.P.s.a.aspects.ApiLoggingAspect - [STOQ-MONITOR] IN  2026-05-23 21:23:09 | GET /api/unidades | user=testgerente@example.com | ip=0:0:0:0:0:0:0:1 | ua=Mozilla/5.0 (X11; Linux x86_64) AppleWebKit/537.36 (KHTML, like Gecko) Code/1.121.0 Chrome/142.0.7444.265 Electron/39.8.8 Safari/537.36
2026-05-23 21:23:09 [STOQ] [http-nio-8080-exec-4] DEBUG org.hibernate.SQL - 
    select
        u1_0.id,
        u1_0.abreviatura,
        u1_0.estado,
        u1_0.nombre 
    from
        unidades u1_0
2026-05-23 21:23:09 [STOQ] [http-nio-8080-exec-7] INFO  c.Proyecto.stoq.security.JwtFilter - Authenticated request for email=testgerente@example.com role=GERENTE path=/api/productos
2026-05-23 21:23:09 [STOQ] [http-nio-8080-exec-7] DEBUG o.s.security.web.FilterChainProxy - Secured GET /api/productos
2026-05-23 21:23:09 [STOQ] [http-nio-8080-exec-6] INFO  c.Proyecto.stoq.security.JwtFilter - Authenticated request for email=testgerente@example.com role=GERENTE path=/api/categorias
2026-05-23 21:23:09 [STOQ] [http-nio-8080-exec-6] DEBUG o.s.security.web.FilterChainProxy - Secured GET /api/categorias
2026-05-23 21:23:09 [STOQ] [http-nio-8080-exec-7] INFO  c.P.s.a.aspects.ApiLoggingAspect - [STOQ-MONITOR] ============================================================
2026-05-23 21:23:09 [STOQ] [http-nio-8080-exec-7] INFO  c.P.s.a.aspects.ApiLoggingAspect - [STOQ-MONITOR] IN  2026-05-23 21:23:09 | GET /api/productos | user=testgerente@example.com | ip=0:0:0:0:0:0:0:1 | ua=Mozilla/5.0 (X11; Linux x86_64) AppleWebKit/537.36 (KHTML, like Gecko) Code/1.121.0 Chrome/142.0.7444.265 Electron/39.8.8 Safari/537.36
2026-05-23 21:23:09 [STOQ] [http-nio-8080-exec-6] INFO  c.P.s.a.aspects.ApiLoggingAspect - [STOQ-MONITOR] ============================================================
2026-05-23 21:23:09 [STOQ] [http-nio-8080-exec-6] INFO  c.P.s.a.aspects.ApiLoggingAspect - [STOQ-MONITOR] IN  2026-05-23 21:23:09 | GET /api/categorias | user=testgerente@example.com | ip=0:0:0:0:0:0:0:1 | ua=Mozilla/5.0 (X11; Linux x86_64) AppleWebKit/537.36 (KHTML, like Gecko) Code/1.121.0 Chrome/142.0.7444.265 Electron/39.8.8 Safari/537.36
2026-05-23 21:23:09 [STOQ] [http-nio-8080-exec-7] DEBUG org.hibernate.SQL - 
    select
        u1_0.id,
        u1_0.contrasena_hash,
        u1_0.correo,
        u1_0.empresa,
        u1_0.estado,
        u1_0.nombre,
        u1_0.rol_id 
    from
        usuarios u1_0 
    where
        u1_0.correo=?
2026-05-23 21:23:09 [STOQ] [http-nio-8080-exec-6] DEBUG org.hibernate.SQL - 
    select
        c1_0.id,
        c1_0.descripcion,
        c1_0.estado,
        c1_0.fecha_creacion,
        c1_0.nombre 
    from
        categorias c1_0
2026-05-23 21:23:10 [STOQ] [http-nio-8080-exec-7] DEBUG org.hibernate.SQL - 
    select
        r1_0.id,
        r1_0.descripcion,
        r1_0.nombre 
    from
        roles r1_0 
    where
        r1_0.id=?
2026-05-23 21:23:10 [STOQ] [http-nio-8080-exec-4] INFO  c.P.s.a.aspects.ApiLoggingAspect - [STOQ-MONITOR] OUT GET /api/unidades | status=OK | time=536 ms | endpoint=UnidadController.listado_unidades()
2026-05-23 21:23:10 [STOQ] [http-nio-8080-exec-4] INFO  c.P.s.a.aspects.ApiLoggingAspect - [STOQ-MONITOR] ============================================================
2026-05-23 21:23:10 [STOQ] [http-nio-8080-exec-6] INFO  c.P.s.a.aspects.ApiLoggingAspect - [STOQ-MONITOR] OUT GET /api/categorias | status=OK | time=536 ms | endpoint=CategoriasController.obtenerCategorias()
2026-05-23 21:23:10 [STOQ] [http-nio-8080-exec-6] INFO  c.P.s.a.aspects.ApiLoggingAspect - [STOQ-MONITOR] ============================================================
2026-05-23 21:23:10 [STOQ] [http-nio-8080-exec-7] DEBUG org.hibernate.SQL - 
    select
        p1_0.id,
        p1_0.categoria_id,
        p1_0.codigo,
        p1_0.empresa,
        p1_0.estado,
        p1_0.fecha_actualizacion,
        p1_0.fecha_creacion,
        p1_0.nombre,
        p1_0.stock_actual,
        p1_0.stock_minimo,
        p1_0.ubicacion,
        p1_0.unidad_id 
    from
        productos p1_0
2026-05-23 21:23:10 [STOQ] [http-nio-8080-exec-7] DEBUG org.hibernate.SQL - 
    select
        c1_0.id,
        c1_0.descripcion,
        c1_0.estado,
        c1_0.fecha_creacion,
        c1_0.nombre 
    from
        categorias c1_0 
    where
        c1_0.id=?
2026-05-23 21:23:10 [STOQ] [http-nio-8080-exec-7] DEBUG org.hibernate.SQL - 
    select
        u1_0.id,
        u1_0.abreviatura,
        u1_0.estado,
        u1_0.nombre 
    from
        unidades u1_0 
    where
        u1_0.id=?
2026-05-23 21:23:11 [STOQ] [http-nio-8080-exec-7] DEBUG org.hibernate.SQL - 
    select
        u1_0.id,
        u1_0.abreviatura,
        u1_0.estado,
        u1_0.nombre 
    from
        unidades u1_0 
    where
        u1_0.id=?
2026-05-23 21:23:11 [STOQ] [http-nio-8080-exec-7] DEBUG org.hibernate.SQL - 
    select
        u1_0.id,
        u1_0.abreviatura,
        u1_0.estado,
        u1_0.nombre 
    from
        unidades u1_0 
    where
        u1_0.id=?
2026-05-23 21:23:11 [STOQ] [http-nio-8080-exec-7] DEBUG org.hibernate.SQL - 
    select
        c1_0.id,
        c1_0.descripcion,
        c1_0.estado,
        c1_0.fecha_creacion,
        c1_0.nombre 
    from
        categorias c1_0 
    where
        c1_0.id=?
2026-05-23 21:23:11 [STOQ] [http-nio-8080-exec-7] DEBUG org.hibernate.SQL - 
    select
        u1_0.id,
        u1_0.abreviatura,
        u1_0.estado,
        u1_0.nombre 
    from
        unidades u1_0 
    where
        u1_0.id=?
2026-05-23 21:23:12 [STOQ] [http-nio-8080-exec-7] DEBUG org.hibernate.SQL - 
    select
        c1_0.id,
        c1_0.descripcion,
        c1_0.estado,
        c1_0.fecha_creacion,
        c1_0.nombre 
    from
        categorias c1_0 
    where
        c1_0.id=?
2026-05-23 21:23:12 [STOQ] [http-nio-8080-exec-7] DEBUG org.hibernate.SQL - 
    select
        c1_0.id,
        c1_0.descripcion,
        c1_0.estado,
        c1_0.fecha_creacion,
        c1_0.nombre 
    from
        categorias c1_0 
    where
        c1_0.id=?
2026-05-23 21:23:12 [STOQ] [http-nio-8080-exec-7] DEBUG org.hibernate.SQL - 
    select
        c1_0.id,
        c1_0.descripcion,
        c1_0.estado,
        c1_0.fecha_creacion,
        c1_0.nombre 
    from
        categorias c1_0 
    where
        c1_0.id=?
2026-05-23 21:23:13 [STOQ] [http-nio-8080-exec-7] INFO  c.P.s.a.aspects.ApiLoggingAspect - [STOQ-MONITOR] OUT GET /api/productos | status=OK | time=3515 ms | endpoint=ProductosController.obtenerProductos()
2026-05-23 21:23:13 [STOQ] [http-nio-8080-exec-7] INFO  c.P.s.a.aspects.ApiLoggingAspect - [STOQ-MONITOR] ============================================================
2026-05-23 21:23:33 [STOQ] [http-nio-8080-exec-8] DEBUG o.s.security.web.FilterChainProxy - Securing OPTIONS /api/movimientos
2026-05-23 21:23:33 [STOQ] [http-nio-8080-exec-5] DEBUG o.s.security.web.FilterChainProxy - Securing POST /api/movimientos
2026-05-23 21:23:33 [STOQ] [http-nio-8080-exec-5] DEBUG org.hibernate.SQL - 
    select
        u1_0.id,
        u1_0.contrasena_hash,
        u1_0.correo,
        u1_0.empresa,
        u1_0.estado,
        u1_0.nombre,
        u1_0.rol_id 
    from
        usuarios u1_0 
    where
        u1_0.correo=?
2026-05-23 21:23:34 [STOQ] [http-nio-8080-exec-5] DEBUG org.hibernate.SQL - 
    select
        r1_0.id,
        r1_0.descripcion,
        r1_0.nombre 
    from
        roles r1_0 
    where
        r1_0.id=?
2026-05-23 21:23:34 [STOQ] [http-nio-8080-exec-5] INFO  c.Proyecto.stoq.security.JwtFilter - Authenticated request for email=testgerente@example.com role=GERENTE path=/api/movimientos
2026-05-23 21:23:34 [STOQ] [http-nio-8080-exec-5] DEBUG o.s.security.web.FilterChainProxy - Secured POST /api/movimientos
2026-05-23 21:23:34 [STOQ] [http-nio-8080-exec-5] INFO  c.P.s.a.aspects.ApiLoggingAspect - [STOQ-MONITOR] ============================================================
2026-05-23 21:23:34 [STOQ] [http-nio-8080-exec-5] INFO  c.P.s.a.aspects.ApiLoggingAspect - [STOQ-MONITOR] IN  2026-05-23 21:23:34 | POST /api/movimientos | user=testgerente@example.com | ip=0:0:0:0:0:0:0:1 | ua=Mozilla/5.0 (X11; Linux x86_64) AppleWebKit/537.36 (KHTML, like Gecko) Code/1.121.0 Chrome/142.0.7444.265 Electron/39.8.8 Safari/537.36
2026-05-23 21:23:34 [STOQ] [http-nio-8080-exec-5] DEBUG org.hibernate.SQL - 
    select
        p1_0.id,
        p1_0.categoria_id,
        c1_0.id,
        c1_0.descripcion,
        c1_0.estado,
        c1_0.fecha_creacion,
        c1_0.nombre,
        p1_0.codigo,
        p1_0.empresa,
        p1_0.estado,
        p1_0.fecha_actualizacion,
        p1_0.fecha_creacion,
        p1_0.nombre,
        p1_0.stock_actual,
        p1_0.stock_minimo,
        p1_0.ubicacion,
        p1_0.unidad_id,
        u1_0.id,
        u1_0.abreviatura,
        u1_0.estado,
        u1_0.nombre 
    from
        productos p1_0 
    join
        categorias c1_0 
            on c1_0.id=p1_0.categoria_id 
    join
        unidades u1_0 
            on u1_0.id=p1_0.unidad_id 
    where
        p1_0.id=?
2026-05-23 21:23:35 [STOQ] [http-nio-8080-exec-5] DEBUG org.hibernate.SQL - 
    select
        u1_0.id,
        u1_0.contrasena_hash,
        u1_0.correo,
        u1_0.empresa,
        u1_0.estado,
        u1_0.nombre,
        u1_0.rol_id 
    from
        usuarios u1_0 
    where
        u1_0.correo=?
2026-05-23 21:23:35 [STOQ] [http-nio-8080-exec-5] DEBUG org.hibernate.SQL - 
    select
        r1_0.id,
        r1_0.descripcion,
        r1_0.nombre 
    from
        roles r1_0 
    where
        r1_0.id=?
2026-05-23 21:23:35 [STOQ] [http-nio-8080-exec-5] INFO  c.P.s.a.s.MovimientoInventarioServiceImpl - [STOQ-BIZ] MOVIMIENTO ENTRADA | productoId=7b50f24c-d877-4c19-8da6-a19199bc6f95 | cantidad=1 | stockAnterior=5 | stockResultante=6 | usuario=testgerente@example.com
2026-05-23 21:23:35 [STOQ] [http-nio-8080-exec-5] INFO  c.P.s.a.services.AuditService - [STOQ-AUDIT] SAVE | entity=MovimientoInventario | operation=CREATE | record=c708bd4f-493c-433e-9689-be94e82c30a7 | user=testgerente@example.com | endpoint=POST /api/movimientos | ip=0:0:0:0:0:0:0:1
2026-05-23 21:23:35 [STOQ] [http-nio-8080-exec-5] DEBUG org.hibernate.SQL - 
    insert 
    into
        movimientos_inventario
        (cantidad, fecha_movimiento, motivo, producto_id, stock_anterior, stock_resultante, tipo_movimiento, usuario_id, id) 
    values
        (?, ?, ?, ?, ?, ?, ?, ?, ?)
2026-05-23 21:23:35 [STOQ] [http-nio-8080-exec-5] DEBUG org.hibernate.SQL - 
    insert 
    into
        audit_logs
        (cambios_anterior, cambios_nuevo, created_by, created_date, endpoint, entidad, id_registro, ip_origen, operacion, user_agent, id) 
    values
        (?, ?, ?, ?, ?, ?, ?, ?, ?, ?, ?)
2026-05-23 21:23:36 [STOQ] [http-nio-8080-exec-5] DEBUG org.hibernate.SQL - 
    update
        productos 
    set
        categoria_id=?,
        codigo=?,
        empresa=?,
        estado=?,
        fecha_actualizacion=?,
        nombre=?,
        stock_actual=?,
        stock_minimo=?,
        ubicacion=?,
        unidad_id=? 
    where
        id=?
2026-05-23 21:23:36 [STOQ] [http-nio-8080-exec-5] INFO  c.P.s.a.aspects.ApiLoggingAspect - [STOQ-MONITOR] OUT POST /api/movimientos | status=OK | time=2092 ms | endpoint=MovimientoInventarioController.crearMovimiento(..)
2026-05-23 21:23:36 [STOQ] [http-nio-8080-exec-5] INFO  c.P.s.a.aspects.ApiLoggingAspect - [STOQ-MONITOR] ============================================================
2026-05-23 21:23:36 [STOQ] [http-nio-8080-exec-1] DEBUG o.s.security.web.FilterChainProxy - Securing OPTIONS /api/productos/criticos
2026-05-23 21:23:36 [STOQ] [http-nio-8080-exec-3] DEBUG o.s.security.web.FilterChainProxy - Securing OPTIONS /api/productos
2026-05-23 21:23:36 [STOQ] [http-nio-8080-exec-10] DEBUG o.s.security.web.FilterChainProxy - Securing OPTIONS /api/categorias
2026-05-23 21:23:36 [STOQ] [http-nio-8080-exec-9] DEBUG o.s.security.web.FilterChainProxy - Securing GET /api/productos/criticos
2026-05-23 21:23:36 [STOQ] [http-nio-8080-exec-2] DEBUG o.s.security.web.FilterChainProxy - Securing OPTIONS /api/unidades
2026-05-23 21:23:36 [STOQ] [http-nio-8080-exec-6] DEBUG o.s.security.web.FilterChainProxy - Securing GET /api/categorias
2026-05-23 21:23:36 [STOQ] [http-nio-8080-exec-4] DEBUG o.s.security.web.FilterChainProxy - Securing GET /api/productos
2026-05-23 21:23:36 [STOQ] [http-nio-8080-exec-9] DEBUG org.hibernate.SQL - 
    select
        u1_0.id,
        u1_0.contrasena_hash,
        u1_0.correo,
        u1_0.empresa,
        u1_0.estado,
        u1_0.nombre,
        u1_0.rol_id 
    from
        usuarios u1_0 
    where
        u1_0.correo=?
2026-05-23 21:23:36 [STOQ] [http-nio-8080-exec-4] DEBUG org.hibernate.SQL - 
    select
        u1_0.id,
        u1_0.contrasena_hash,
        u1_0.correo,
        u1_0.empresa,
        u1_0.estado,
        u1_0.nombre,
        u1_0.rol_id 
    from
        usuarios u1_0 
    where
        u1_0.correo=?
2026-05-23 21:23:36 [STOQ] [http-nio-8080-exec-6] DEBUG org.hibernate.SQL - 
    select
        u1_0.id,
        u1_0.contrasena_hash,
        u1_0.correo,
        u1_0.empresa,
        u1_0.estado,
        u1_0.nombre,
        u1_0.rol_id 
    from
        usuarios u1_0 
    where
        u1_0.correo=?
2026-05-23 21:23:36 [STOQ] [http-nio-8080-exec-7] DEBUG o.s.security.web.FilterChainProxy - Securing GET /api/unidades
2026-05-23 21:23:37 [STOQ] [http-nio-8080-exec-7] DEBUG org.hibernate.SQL - 
    select
        u1_0.id,
        u1_0.contrasena_hash,
        u1_0.correo,
        u1_0.empresa,
        u1_0.estado,
        u1_0.nombre,
        u1_0.rol_id 
    from
        usuarios u1_0 
    where
        u1_0.correo=?
2026-05-23 21:23:37 [STOQ] [http-nio-8080-exec-6] DEBUG org.hibernate.SQL - 
    select
        r1_0.id,
        r1_0.descripcion,
        r1_0.nombre 
    from
        roles r1_0 
    where
        r1_0.id=?
2026-05-23 21:23:37 [STOQ] [http-nio-8080-exec-6] INFO  c.Proyecto.stoq.security.JwtFilter - Authenticated request for email=testgerente@example.com role=GERENTE path=/api/categorias
2026-05-23 21:23:37 [STOQ] [http-nio-8080-exec-7] DEBUG org.hibernate.SQL - 
    select
        r1_0.id,
        r1_0.descripcion,
        r1_0.nombre 
    from
        roles r1_0 
    where
        r1_0.id=?
2026-05-23 21:23:37 [STOQ] [http-nio-8080-exec-9] DEBUG org.hibernate.SQL - 
    select
        r1_0.id,
        r1_0.descripcion,
        r1_0.nombre 
    from
        roles r1_0 
    where
        r1_0.id=?
2026-05-23 21:23:37 [STOQ] [http-nio-8080-exec-4] DEBUG org.hibernate.SQL - 
    select
        r1_0.id,
        r1_0.descripcion,
        r1_0.nombre 
    from
        roles r1_0 
    where
        r1_0.id=?
2026-05-23 21:23:37 [STOQ] [http-nio-8080-exec-6] DEBUG o.s.security.web.FilterChainProxy - Secured GET /api/categorias
2026-05-23 21:23:37 [STOQ] [http-nio-8080-exec-6] INFO  c.P.s.a.aspects.ApiLoggingAspect - [STOQ-MONITOR] ============================================================
2026-05-23 21:23:37 [STOQ] [http-nio-8080-exec-6] INFO  c.P.s.a.aspects.ApiLoggingAspect - [STOQ-MONITOR] IN  2026-05-23 21:23:37 | GET /api/categorias | user=testgerente@example.com | ip=0:0:0:0:0:0:0:1 | ua=Mozilla/5.0 (X11; Linux x86_64) AppleWebKit/537.36 (KHTML, like Gecko) Code/1.121.0 Chrome/142.0.7444.265 Electron/39.8.8 Safari/537.36
2026-05-23 21:23:37 [STOQ] [http-nio-8080-exec-6] DEBUG org.hibernate.SQL - 
    select
        c1_0.id,
        c1_0.descripcion,
        c1_0.estado,
        c1_0.fecha_creacion,
        c1_0.nombre 
    from
        categorias c1_0
2026-05-23 21:23:37 [STOQ] [http-nio-8080-exec-4] INFO  c.Proyecto.stoq.security.JwtFilter - Authenticated request for email=testgerente@example.com role=GERENTE path=/api/productos
2026-05-23 21:23:37 [STOQ] [http-nio-8080-exec-7] INFO  c.Proyecto.stoq.security.JwtFilter - Authenticated request for email=testgerente@example.com role=GERENTE path=/api/unidades
2026-05-23 21:23:37 [STOQ] [http-nio-8080-exec-4] DEBUG o.s.security.web.FilterChainProxy - Secured GET /api/productos
2026-05-23 21:23:37 [STOQ] [http-nio-8080-exec-4] INFO  c.P.s.a.aspects.ApiLoggingAspect - [STOQ-MONITOR] ============================================================
2026-05-23 21:23:37 [STOQ] [http-nio-8080-exec-4] INFO  c.P.s.a.aspects.ApiLoggingAspect - [STOQ-MONITOR] IN  2026-05-23 21:23:37 | GET /api/productos | user=testgerente@example.com | ip=0:0:0:0:0:0:0:1 | ua=Mozilla/5.0 (X11; Linux x86_64) AppleWebKit/537.36 (KHTML, like Gecko) Code/1.121.0 Chrome/142.0.7444.265 Electron/39.8.8 Safari/537.36
2026-05-23 21:23:37 [STOQ] [http-nio-8080-exec-4] DEBUG org.hibernate.SQL - 
    select
        u1_0.id,
        u1_0.contrasena_hash,
        u1_0.correo,
        u1_0.empresa,
        u1_0.estado,
        u1_0.nombre,
        u1_0.rol_id 
    from
        usuarios u1_0 
    where
        u1_0.correo=?
2026-05-23 21:23:37 [STOQ] [http-nio-8080-exec-7] DEBUG o.s.security.web.FilterChainProxy - Secured GET /api/unidades
2026-05-23 21:23:37 [STOQ] [http-nio-8080-exec-9] INFO  c.Proyecto.stoq.security.JwtFilter - Authenticated request for email=testgerente@example.com role=GERENTE path=/api/productos/criticos
2026-05-23 21:23:37 [STOQ] [http-nio-8080-exec-9] DEBUG o.s.security.web.FilterChainProxy - Secured GET /api/productos/criticos
2026-05-23 21:23:37 [STOQ] [http-nio-8080-exec-7] INFO  c.P.s.a.aspects.ApiLoggingAspect - [STOQ-MONITOR] ============================================================
2026-05-23 21:23:37 [STOQ] [http-nio-8080-exec-7] INFO  c.P.s.a.aspects.ApiLoggingAspect - [STOQ-MONITOR] IN  2026-05-23 21:23:37 | GET /api/unidades | user=testgerente@example.com | ip=0:0:0:0:0:0:0:1 | ua=Mozilla/5.0 (X11; Linux x86_64) AppleWebKit/537.36 (KHTML, like Gecko) Code/1.121.0 Chrome/142.0.7444.265 Electron/39.8.8 Safari/537.36
2026-05-23 21:23:37 [STOQ] [http-nio-8080-exec-9] DEBUG o.s.s.a.m.AuthorizationManagerBeforeMethodInterceptor - Authorizing method invocation ReflectiveMethodInvocation: public java.util.List com.Proyecto.stoq.adapters.controllers.ProductosController.obtenerProductosCriticos(); target is of class [com.Proyecto.stoq.adapters.controllers.ProductosController]
2026-05-23 21:23:37 [STOQ] [http-nio-8080-exec-7] DEBUG org.hibernate.SQL - 
    select
        u1_0.id,
        u1_0.abreviatura,
        u1_0.estado,
        u1_0.nombre 
    from
        unidades u1_0
2026-05-23 21:23:37 [STOQ] [http-nio-8080-exec-9] DEBUG o.s.s.a.m.AuthorizationManagerBeforeMethodInterceptor - Authorized method invocation ReflectiveMethodInvocation: public java.util.List com.Proyecto.stoq.adapters.controllers.ProductosController.obtenerProductosCriticos(); target is of class [com.Proyecto.stoq.adapters.controllers.ProductosController]
2026-05-23 21:23:37 [STOQ] [http-nio-8080-exec-9] INFO  c.P.s.a.aspects.ApiLoggingAspect - [STOQ-MONITOR] ============================================================
2026-05-23 21:23:37 [STOQ] [http-nio-8080-exec-9] INFO  c.P.s.a.aspects.ApiLoggingAspect - [STOQ-MONITOR] IN  2026-05-23 21:23:37 | GET /api/productos/criticos | user=testgerente@example.com | ip=0:0:0:0:0:0:0:1 | ua=Mozilla/5.0 (X11; Linux x86_64) AppleWebKit/537.36 (KHTML, like Gecko) Code/1.121.0 Chrome/142.0.7444.265 Electron/39.8.8 Safari/537.36
2026-05-23 21:23:37 [STOQ] [http-nio-8080-exec-9] DEBUG org.hibernate.SQL - 
    select
        u1_0.id,
        u1_0.contrasena_hash,
        u1_0.correo,
        u1_0.empresa,
        u1_0.estado,
        u1_0.nombre,
        u1_0.rol_id 
    from
        usuarios u1_0 
    where
        u1_0.correo=?
2026-05-23 21:23:38 [STOQ] [http-nio-8080-exec-4] DEBUG org.hibernate.SQL - 
    select
        r1_0.id,
        r1_0.descripcion,
        r1_0.nombre 
    from
        roles r1_0 
    where
        r1_0.id=?
2026-05-23 21:23:38 [STOQ] [http-nio-8080-exec-6] INFO  c.P.s.a.aspects.ApiLoggingAspect - [STOQ-MONITOR] OUT GET /api/categorias | status=OK | time=525 ms | endpoint=CategoriasController.obtenerCategorias()
2026-05-23 21:23:38 [STOQ] [http-nio-8080-exec-6] INFO  c.P.s.a.aspects.ApiLoggingAspect - [STOQ-MONITOR] ============================================================
2026-05-23 21:23:38 [STOQ] [http-nio-8080-exec-9] DEBUG org.hibernate.SQL - 
    select
        r1_0.id,
        r1_0.descripcion,
        r1_0.nombre 
    from
        roles r1_0 
    where
        r1_0.id=?
2026-05-23 21:23:38 [STOQ] [http-nio-8080-exec-4] DEBUG org.hibernate.SQL - 
    select
        p1_0.id,
        p1_0.categoria_id,
        p1_0.codigo,
        p1_0.empresa,
        p1_0.estado,
        p1_0.fecha_actualizacion,
        p1_0.fecha_creacion,
        p1_0.nombre,
        p1_0.stock_actual,
        p1_0.stock_minimo,
        p1_0.ubicacion,
        p1_0.unidad_id 
    from
        productos p1_0
2026-05-23 21:23:38 [STOQ] [http-nio-8080-exec-9] DEBUG org.hibernate.SQL - 
    select
        p1_0.id,
        p1_0.categoria_id,
        p1_0.codigo,
        p1_0.empresa,
        p1_0.estado,
        p1_0.fecha_actualizacion,
        p1_0.fecha_creacion,
        p1_0.nombre,
        p1_0.stock_actual,
        p1_0.stock_minimo,
        p1_0.ubicacion,
        p1_0.unidad_id 
    from
        productos p1_0
2026-05-23 21:23:38 [STOQ] [http-nio-8080-exec-7] INFO  c.P.s.a.aspects.ApiLoggingAspect - [STOQ-MONITOR] OUT GET /api/unidades | status=OK | time=530 ms | endpoint=UnidadController.listado_unidades()
2026-05-23 21:23:38 [STOQ] [http-nio-8080-exec-7] INFO  c.P.s.a.aspects.ApiLoggingAspect - [STOQ-MONITOR] ============================================================
2026-05-23 21:23:38 [STOQ] [http-nio-8080-exec-4] DEBUG org.hibernate.SQL - 
    select
        c1_0.id,
        c1_0.descripcion,
        c1_0.estado,
        c1_0.fecha_creacion,
        c1_0.nombre 
    from
        categorias c1_0 
    where
        c1_0.id=?
2026-05-23 21:23:38 [STOQ] [http-nio-8080-exec-9] DEBUG org.hibernate.SQL - 
    select
        c1_0.id,
        c1_0.descripcion,
        c1_0.estado,
        c1_0.fecha_creacion,
        c1_0.nombre 
    from
        categorias c1_0 
    where
        c1_0.id=?
2026-05-23 21:23:38 [STOQ] [http-nio-8080-exec-9] DEBUG org.hibernate.SQL - 
    select
        u1_0.id,
        u1_0.abreviatura,
        u1_0.estado,
        u1_0.nombre 
    from
        unidades u1_0 
    where
        u1_0.id=?
2026-05-23 21:23:38 [STOQ] [http-nio-8080-exec-4] DEBUG org.hibernate.SQL - 
    select
        u1_0.id,
        u1_0.abreviatura,
        u1_0.estado,
        u1_0.nombre 
    from
        unidades u1_0 
    where
        u1_0.id=?
2026-05-23 21:23:39 [STOQ] [http-nio-8080-exec-4] DEBUG org.hibernate.SQL - 
    select
        u1_0.id,
        u1_0.abreviatura,
        u1_0.estado,
        u1_0.nombre 
    from
        unidades u1_0 
    where
        u1_0.id=?
2026-05-23 21:23:39 [STOQ] [http-nio-8080-exec-9] DEBUG org.hibernate.SQL - 
    select
        u1_0.id,
        u1_0.abreviatura,
        u1_0.estado,
        u1_0.nombre 
    from
        unidades u1_0 
    where
        u1_0.id=?
2026-05-23 21:23:39 [STOQ] [http-nio-8080-exec-4] DEBUG org.hibernate.SQL - 
    select
        u1_0.id,
        u1_0.abreviatura,
        u1_0.estado,
        u1_0.nombre 
    from
        unidades u1_0 
    where
        u1_0.id=?
2026-05-23 21:23:39 [STOQ] [http-nio-8080-exec-9] DEBUG org.hibernate.SQL - 
    select
        u1_0.id,
        u1_0.abreviatura,
        u1_0.estado,
        u1_0.nombre 
    from
        unidades u1_0 
    where
        u1_0.id=?
2026-05-23 21:23:40 [STOQ] [http-nio-8080-exec-9] DEBUG org.hibernate.SQL - 
    select
        c1_0.id,
        c1_0.descripcion,
        c1_0.estado,
        c1_0.fecha_creacion,
        c1_0.nombre 
    from
        categorias c1_0 
    where
        c1_0.id=?
2026-05-23 21:23:40 [STOQ] [http-nio-8080-exec-4] DEBUG org.hibernate.SQL - 
    select
        c1_0.id,
        c1_0.descripcion,
        c1_0.estado,
        c1_0.fecha_creacion,
        c1_0.nombre 
    from
        categorias c1_0 
    where
        c1_0.id=?
2026-05-23 21:23:40 [STOQ] [http-nio-8080-exec-9] DEBUG org.hibernate.SQL - 
    select
        u1_0.id,
        u1_0.abreviatura,
        u1_0.estado,
        u1_0.nombre 
    from
        unidades u1_0 
    where
        u1_0.id=?
2026-05-23 21:23:40 [STOQ] [http-nio-8080-exec-4] DEBUG org.hibernate.SQL - 
    select
        u1_0.id,
        u1_0.abreviatura,
        u1_0.estado,
        u1_0.nombre 
    from
        unidades u1_0 
    where
        u1_0.id=?
2026-05-23 21:23:40 [STOQ] [http-nio-8080-exec-4] DEBUG org.hibernate.SQL - 
    select
        c1_0.id,
        c1_0.descripcion,
        c1_0.estado,
        c1_0.fecha_creacion,
        c1_0.nombre 
    from
        categorias c1_0 
    where
        c1_0.id=?
2026-05-23 21:23:40 [STOQ] [http-nio-8080-exec-9] DEBUG org.hibernate.SQL - 
    select
        c1_0.id,
        c1_0.descripcion,
        c1_0.estado,
        c1_0.fecha_creacion,
        c1_0.nombre 
    from
        categorias c1_0 
    where
        c1_0.id=?
2026-05-23 21:23:41 [STOQ] [http-nio-8080-exec-9] DEBUG org.hibernate.SQL - 
    select
        c1_0.id,
        c1_0.descripcion,
        c1_0.estado,
        c1_0.fecha_creacion,
        c1_0.nombre 
    from
        categorias c1_0 
    where
        c1_0.id=?
2026-05-23 21:23:41 [STOQ] [http-nio-8080-exec-4] DEBUG org.hibernate.SQL - 
    select
        c1_0.id,
        c1_0.descripcion,
        c1_0.estado,
        c1_0.fecha_creacion,
        c1_0.nombre 
    from
        categorias c1_0 
    where
        c1_0.id=?
2026-05-23 21:23:41 [STOQ] [http-nio-8080-exec-9] DEBUG org.hibernate.SQL - 
    select
        c1_0.id,
        c1_0.descripcion,
        c1_0.estado,
        c1_0.fecha_creacion,
        c1_0.nombre 
    from
        categorias c1_0 
    where
        c1_0.id=?
2026-05-23 21:23:41 [STOQ] [http-nio-8080-exec-4] DEBUG org.hibernate.SQL - 
    select
        c1_0.id,
        c1_0.descripcion,
        c1_0.estado,
        c1_0.fecha_creacion,
        c1_0.nombre 
    from
        categorias c1_0 
    where
        c1_0.id=?
2026-05-23 21:23:41 [STOQ] [http-nio-8080-exec-4] INFO  c.P.s.a.aspects.ApiLoggingAspect - [STOQ-MONITOR] OUT GET /api/productos | status=OK | time=4142 ms | endpoint=ProductosController.obtenerProductos()
2026-05-23 21:23:41 [STOQ] [http-nio-8080-exec-4] INFO  c.P.s.a.aspects.ApiLoggingAspect - [STOQ-MONITOR] ============================================================
2026-05-23 21:23:41 [STOQ] [http-nio-8080-exec-9] INFO  c.P.s.a.aspects.ApiLoggingAspect - [STOQ-MONITOR] OUT GET /api/productos/criticos | status=OK | time=4119 ms | endpoint=ProductosController.obtenerProductosCriticos()
2026-05-23 21:23:41 [STOQ] [http-nio-8080-exec-9] INFO  c.P.s.a.aspects.ApiLoggingAspect - [STOQ-MONITOR] ============================================================
2026-05-23 21:23:59 [STOQ] [http-nio-8080-exec-8] DEBUG o.s.security.web.FilterChainProxy - Securing OPTIONS /api/reportes/categorias?inicio=2026-04-24&fin=2026-05-23
2026-05-23 21:23:59 [STOQ] [http-nio-8080-exec-5] DEBUG o.s.security.web.FilterChainProxy - Securing GET /api/reportes/categorias?inicio=2026-04-24&fin=2026-05-23
2026-05-23 21:23:59 [STOQ] [http-nio-8080-exec-5] DEBUG org.hibernate.SQL - 
    select
        u1_0.id,
        u1_0.contrasena_hash,
        u1_0.correo,
        u1_0.empresa,
        u1_0.estado,
        u1_0.nombre,
        u1_0.rol_id 
    from
        usuarios u1_0 
    where
        u1_0.correo=?
2026-05-23 21:24:00 [STOQ] [http-nio-8080-exec-5] DEBUG org.hibernate.SQL - 
    select
        r1_0.id,
        r1_0.descripcion,
        r1_0.nombre 
    from
        roles r1_0 
    where
        r1_0.id=?
2026-05-23 21:24:00 [STOQ] [http-nio-8080-exec-5] INFO  c.Proyecto.stoq.security.JwtFilter - Authenticated request for email=testgerente@example.com role=GERENTE path=/api/reportes/categorias
2026-05-23 21:24:00 [STOQ] [http-nio-8080-exec-5] DEBUG o.s.security.web.FilterChainProxy - Secured GET /api/reportes/categorias?inicio=2026-04-24&fin=2026-05-23
2026-05-23 21:24:00 [STOQ] [http-nio-8080-exec-5] INFO  c.P.s.a.aspects.ApiLoggingAspect - [STOQ-MONITOR] ============================================================
2026-05-23 21:24:00 [STOQ] [http-nio-8080-exec-5] INFO  c.P.s.a.aspects.ApiLoggingAspect - [STOQ-MONITOR] IN  2026-05-23 21:24:00 | GET /api/reportes/categorias | user=testgerente@example.com | ip=0:0:0:0:0:0:0:1 | ua=Mozilla/5.0 (X11; Linux x86_64) AppleWebKit/537.36 (KHTML, like Gecko) Code/1.121.0 Chrome/142.0.7444.265 Electron/39.8.8 Safari/537.36
2026-05-23 21:24:00 [STOQ] [http-nio-8080-exec-5] DEBUG org.hibernate.SQL - 
    select
        u1_0.id,
        u1_0.contrasena_hash,
        u1_0.correo,
        u1_0.empresa,
        u1_0.estado,
        u1_0.nombre,
        u1_0.rol_id 
    from
        usuarios u1_0 
    where
        u1_0.correo=?
2026-05-23 21:24:01 [STOQ] [http-nio-8080-exec-5] DEBUG org.hibernate.SQL - 
    select
        r1_0.id,
        r1_0.descripcion,
        r1_0.nombre 
    from
        roles r1_0 
    where
        r1_0.id=?
2026-05-23 21:24:01 [STOQ] [http-nio-8080-exec-5] DEBUG org.hibernate.SQL - 
    select
        c1_0.id,
        c1_0.nombre,
        count(p1_0.id),
        coalesce(sum(coalesce(p1_0.stock_actual, 0)), cast(0 as bigint)),
        coalesce(sum(coalesce(p1_0.stock_minimo, 0)), cast(0 as bigint)),
        cast(0 as bigint),
        cast(0 as bigint),
        cast(0 as bigint),
        cast(0 as bigint),
        cast(0 as bigint),
        cast(0 as bigint) 
    from
        productos p1_0 
    join
        categorias c1_0 
            on c1_0.id=p1_0.categoria_id 
    where
        p1_0.empresa=? 
        and p1_0.estado=true 
    group by
        c1_0.id,
        c1_0.nombre 
    order by
        c1_0.nombre
2026-05-23 21:24:01 [STOQ] [http-nio-8080-exec-5] DEBUG org.hibernate.SQL - 
    select
        c1_0.id,
        c1_0.nombre,
        cast(0 as bigint),
        cast(0 as bigint),
        cast(0 as bigint),
        count(mi1_0.id),
        coalesce(sum(mi1_0.cantidad), cast(0 as bigint)),
        coalesce(sum(case 
            when upper(mi1_0.tipo_movimiento)='ENTRADA' 
                then 1 
            else 0 
    end), cast(0 as bigint)),
    coalesce(sum(case 
        when upper(mi1_0.tipo_movimiento)='SALIDA' 
            then 1 
        else 0 
end), cast(0 as bigint)),
coalesce(sum(case 
    when upper(mi1_0.tipo_movimiento)='ENTRADA' 
        then mi1_0.cantidad 
    else 0 
end), cast(0 as bigint)),
coalesce(sum(case 
    when upper(mi1_0.tipo_movimiento)='SALIDA' 
        then mi1_0.cantidad 
    else 0 
end), cast(0 as bigint)) 
from
    movimientos_inventario mi1_0 
join
    productos p1_0 
        on p1_0.id=mi1_0.producto_id 
join
    categorias c1_0 
        on c1_0.id=p1_0.categoria_id 
where
    p1_0.empresa=? 
    and mi1_0.fecha_movimiento between ? and ? 
group by
    c1_0.id,
    c1_0.nombre 
order by
    c1_0.nombre
2026-05-23 21:24:02 [STOQ] [http-nio-8080-exec-5] INFO  c.P.s.a.aspects.ApiLoggingAspect - [STOQ-MONITOR] OUT GET /api/reportes/categorias | status=OK | time=1420 ms | endpoint=ReportesController.obtenerReporteCategorias(..)
2026-05-23 21:24:02 [STOQ] [http-nio-8080-exec-5] INFO  c.P.s.a.aspects.ApiLoggingAspect - [STOQ-MONITOR] ============================================================
2026-05-23 21:24:30 [STOQ] [http-nio-8080-exec-3] DEBUG o.s.security.web.FilterChainProxy - Securing OPTIONS /api/productos
2026-05-23 21:24:30 [STOQ] [http-nio-8080-exec-1] DEBUG o.s.security.web.FilterChainProxy - Securing OPTIONS /api/categorias
2026-05-23 21:24:30 [STOQ] [http-nio-8080-exec-2] DEBUG o.s.security.web.FilterChainProxy - Securing OPTIONS /api/alertas/resumen
2026-05-23 21:24:30 [STOQ] [http-nio-8080-exec-10] DEBUG o.s.security.web.FilterChainProxy - Securing OPTIONS /api/unidades
2026-05-23 21:24:30 [STOQ] [http-nio-8080-exec-6] DEBUG o.s.security.web.FilterChainProxy - Securing OPTIONS /api/productos/criticos
2026-05-23 21:24:30 [STOQ] [http-nio-8080-exec-7] DEBUG o.s.security.web.FilterChainProxy - Securing GET /api/alertas/resumen
2026-05-23 21:24:30 [STOQ] [http-nio-8080-exec-7] DEBUG org.hibernate.SQL - 
    select
        u1_0.id,
        u1_0.contrasena_hash,
        u1_0.correo,
        u1_0.empresa,
        u1_0.estado,
        u1_0.nombre,
        u1_0.rol_id 
    from
        usuarios u1_0 
    where
        u1_0.correo=?
2026-05-23 21:24:30 [STOQ] [http-nio-8080-exec-4] DEBUG o.s.security.web.FilterChainProxy - Securing GET /api/productos
2026-05-23 21:24:30 [STOQ] [http-nio-8080-exec-8] DEBUG o.s.security.web.FilterChainProxy - Securing GET /api/unidades
2026-05-23 21:24:30 [STOQ] [http-nio-8080-exec-9] DEBUG o.s.security.web.FilterChainProxy - Securing GET /api/categorias
2026-05-23 21:24:30 [STOQ] [http-nio-8080-exec-5] DEBUG o.s.security.web.FilterChainProxy - Securing GET /api/productos/criticos
2026-05-23 21:24:30 [STOQ] [http-nio-8080-exec-9] DEBUG org.hibernate.SQL - 
    select
        u1_0.id,
        u1_0.contrasena_hash,
        u1_0.correo,
        u1_0.empresa,
        u1_0.estado,
        u1_0.nombre,
        u1_0.rol_id 
    from
        usuarios u1_0 
    where
        u1_0.correo=?
2026-05-23 21:24:30 [STOQ] [http-nio-8080-exec-4] DEBUG org.hibernate.SQL - 
    select
        u1_0.id,
        u1_0.contrasena_hash,
        u1_0.correo,
        u1_0.empresa,
        u1_0.estado,
        u1_0.nombre,
        u1_0.rol_id 
    from
        usuarios u1_0 
    where
        u1_0.correo=?
2026-05-23 21:24:30 [STOQ] [http-nio-8080-exec-8] DEBUG org.hibernate.SQL - 
    select
        u1_0.id,
        u1_0.contrasena_hash,
        u1_0.correo,
        u1_0.empresa,
        u1_0.estado,
        u1_0.nombre,
        u1_0.rol_id 
    from
        usuarios u1_0 
    where
        u1_0.correo=?
2026-05-23 21:24:30 [STOQ] [http-nio-8080-exec-5] DEBUG org.hibernate.SQL - 
    select
        u1_0.id,
        u1_0.contrasena_hash,
        u1_0.correo,
        u1_0.empresa,
        u1_0.estado,
        u1_0.nombre,
        u1_0.rol_id 
    from
        usuarios u1_0 
    where
        u1_0.correo=?
2026-05-23 21:24:31 [STOQ] [http-nio-8080-exec-7] DEBUG org.hibernate.SQL - 
    select
        r1_0.id,
        r1_0.descripcion,
        r1_0.nombre 
    from
        roles r1_0 
    where
        r1_0.id=?
2026-05-23 21:24:31 [STOQ] [http-nio-8080-exec-9] DEBUG org.hibernate.SQL - 
    select
        r1_0.id,
        r1_0.descripcion,
        r1_0.nombre 
    from
        roles r1_0 
    where
        r1_0.id=?
2026-05-23 21:24:31 [STOQ] [http-nio-8080-exec-4] DEBUG org.hibernate.SQL - 
    select
        r1_0.id,
        r1_0.descripcion,
        r1_0.nombre 
    from
        roles r1_0 
    where
        r1_0.id=?
2026-05-23 21:24:31 [STOQ] [http-nio-8080-exec-8] DEBUG org.hibernate.SQL - 
    select
        r1_0.id,
        r1_0.descripcion,
        r1_0.nombre 
    from
        roles r1_0 
    where
        r1_0.id=?
2026-05-23 21:24:31 [STOQ] [http-nio-8080-exec-5] DEBUG org.hibernate.SQL - 
    select
        r1_0.id,
        r1_0.descripcion,
        r1_0.nombre 
    from
        roles r1_0 
    where
        r1_0.id=?
2026-05-23 21:24:31 [STOQ] [http-nio-8080-exec-9] INFO  c.Proyecto.stoq.security.JwtFilter - Authenticated request for email=testgerente@example.com role=GERENTE path=/api/categorias
2026-05-23 21:24:31 [STOQ] [http-nio-8080-exec-7] INFO  c.Proyecto.stoq.security.JwtFilter - Authenticated request for email=testgerente@example.com role=GERENTE path=/api/alertas/resumen
2026-05-23 21:24:31 [STOQ] [http-nio-8080-exec-7] DEBUG o.s.security.web.FilterChainProxy - Secured GET /api/alertas/resumen
2026-05-23 21:24:31 [STOQ] [http-nio-8080-exec-9] DEBUG o.s.security.web.FilterChainProxy - Secured GET /api/categorias
2026-05-23 21:24:31 [STOQ] [http-nio-8080-exec-7] INFO  c.P.s.a.aspects.ApiLoggingAspect - [STOQ-MONITOR] ============================================================
2026-05-23 21:24:31 [STOQ] [http-nio-8080-exec-7] INFO  c.P.s.a.aspects.ApiLoggingAspect - [STOQ-MONITOR] IN  2026-05-23 21:24:31 | GET /api/alertas/resumen | user=testgerente@example.com | ip=0:0:0:0:0:0:0:1 | ua=Mozilla/5.0 (X11; Linux x86_64) AppleWebKit/537.36 (KHTML, like Gecko) Code/1.121.0 Chrome/142.0.7444.265 Electron/39.8.8 Safari/537.36
2026-05-23 21:24:31 [STOQ] [http-nio-8080-exec-7] DEBUG org.hibernate.SQL - 
    select
        u1_0.id,
        u1_0.contrasena_hash,
        u1_0.correo,
        u1_0.empresa,
        u1_0.estado,
        u1_0.nombre,
        u1_0.rol_id 
    from
        usuarios u1_0 
    where
        u1_0.correo=?
2026-05-23 21:24:31 [STOQ] [http-nio-8080-exec-9] INFO  c.P.s.a.aspects.ApiLoggingAspect - [STOQ-MONITOR] ============================================================
2026-05-23 21:24:31 [STOQ] [http-nio-8080-exec-9] INFO  c.P.s.a.aspects.ApiLoggingAspect - [STOQ-MONITOR] IN  2026-05-23 21:24:31 | GET /api/categorias | user=testgerente@example.com | ip=0:0:0:0:0:0:0:1 | ua=Mozilla/5.0 (X11; Linux x86_64) AppleWebKit/537.36 (KHTML, like Gecko) Code/1.121.0 Chrome/142.0.7444.265 Electron/39.8.8 Safari/537.36
2026-05-23 21:24:31 [STOQ] [http-nio-8080-exec-4] INFO  c.Proyecto.stoq.security.JwtFilter - Authenticated request for email=testgerente@example.com role=GERENTE path=/api/productos
2026-05-23 21:24:31 [STOQ] [http-nio-8080-exec-4] DEBUG o.s.security.web.FilterChainProxy - Secured GET /api/productos
2026-05-23 21:24:31 [STOQ] [http-nio-8080-exec-4] INFO  c.P.s.a.aspects.ApiLoggingAspect - [STOQ-MONITOR] ============================================================
2026-05-23 21:24:31 [STOQ] [http-nio-8080-exec-4] INFO  c.P.s.a.aspects.ApiLoggingAspect - [STOQ-MONITOR] IN  2026-05-23 21:24:31 | GET /api/productos | user=testgerente@example.com | ip=0:0:0:0:0:0:0:1 | ua=Mozilla/5.0 (X11; Linux x86_64) AppleWebKit/537.36 (KHTML, like Gecko) Code/1.121.0 Chrome/142.0.7444.265 Electron/39.8.8 Safari/537.36
2026-05-23 21:24:31 [STOQ] [http-nio-8080-exec-9] DEBUG org.hibernate.SQL - 
    select
        c1_0.id,
        c1_0.descripcion,
        c1_0.estado,
        c1_0.fecha_creacion,
        c1_0.nombre 
    from
        categorias c1_0
2026-05-23 21:24:31 [STOQ] [http-nio-8080-exec-4] DEBUG org.hibernate.SQL - 
    select
        u1_0.id,
        u1_0.contrasena_hash,
        u1_0.correo,
        u1_0.empresa,
        u1_0.estado,
        u1_0.nombre,
        u1_0.rol_id 
    from
        usuarios u1_0 
    where
        u1_0.correo=?
2026-05-23 21:24:31 [STOQ] [http-nio-8080-exec-8] INFO  c.Proyecto.stoq.security.JwtFilter - Authenticated request for email=testgerente@example.com role=GERENTE path=/api/unidades
2026-05-23 21:24:31 [STOQ] [http-nio-8080-exec-8] DEBUG o.s.security.web.FilterChainProxy - Secured GET /api/unidades
2026-05-23 21:24:31 [STOQ] [http-nio-8080-exec-8] INFO  c.P.s.a.aspects.ApiLoggingAspect - [STOQ-MONITOR] ============================================================
2026-05-23 21:24:31 [STOQ] [http-nio-8080-exec-8] INFO  c.P.s.a.aspects.ApiLoggingAspect - [STOQ-MONITOR] IN  2026-05-23 21:24:31 | GET /api/unidades | user=testgerente@example.com | ip=0:0:0:0:0:0:0:1 | ua=Mozilla/5.0 (X11; Linux x86_64) AppleWebKit/537.36 (KHTML, like Gecko) Code/1.121.0 Chrome/142.0.7444.265 Electron/39.8.8 Safari/537.36
2026-05-23 21:24:31 [STOQ] [http-nio-8080-exec-5] INFO  c.Proyecto.stoq.security.JwtFilter - Authenticated request for email=testgerente@example.com role=GERENTE path=/api/productos/criticos
2026-05-23 21:24:31 [STOQ] [http-nio-8080-exec-5] DEBUG o.s.security.web.FilterChainProxy - Secured GET /api/productos/criticos
2026-05-23 21:24:31 [STOQ] [http-nio-8080-exec-8] DEBUG org.hibernate.SQL - 
    select
        u1_0.id,
        u1_0.abreviatura,
        u1_0.estado,
        u1_0.nombre 
    from
        unidades u1_0
2026-05-23 21:24:31 [STOQ] [http-nio-8080-exec-5] DEBUG o.s.s.a.m.AuthorizationManagerBeforeMethodInterceptor - Authorizing method invocation ReflectiveMethodInvocation: public java.util.List com.Proyecto.stoq.adapters.controllers.ProductosController.obtenerProductosCriticos(); target is of class [com.Proyecto.stoq.adapters.controllers.ProductosController]
2026-05-23 21:24:31 [STOQ] [http-nio-8080-exec-5] DEBUG o.s.s.a.m.AuthorizationManagerBeforeMethodInterceptor - Authorized method invocation ReflectiveMethodInvocation: public java.util.List com.Proyecto.stoq.adapters.controllers.ProductosController.obtenerProductosCriticos(); target is of class [com.Proyecto.stoq.adapters.controllers.ProductosController]
2026-05-23 21:24:31 [STOQ] [http-nio-8080-exec-5] INFO  c.P.s.a.aspects.ApiLoggingAspect - [STOQ-MONITOR] ============================================================
2026-05-23 21:24:31 [STOQ] [http-nio-8080-exec-5] INFO  c.P.s.a.aspects.ApiLoggingAspect - [STOQ-MONITOR] IN  2026-05-23 21:24:31 | GET /api/productos/criticos | user=testgerente@example.com | ip=0:0:0:0:0:0:0:1 | ua=Mozilla/5.0 (X11; Linux x86_64) AppleWebKit/537.36 (KHTML, like Gecko) Code/1.121.0 Chrome/142.0.7444.265 Electron/39.8.8 Safari/537.36
2026-05-23 21:24:31 [STOQ] [http-nio-8080-exec-5] DEBUG org.hibernate.SQL - 
    select
        u1_0.id,
        u1_0.contrasena_hash,
        u1_0.correo,
        u1_0.empresa,
        u1_0.estado,
        u1_0.nombre,
        u1_0.rol_id 
    from
        usuarios u1_0 
    where
        u1_0.correo=?
2026-05-23 21:24:31 [STOQ] [http-nio-8080-exec-7] DEBUG org.hibernate.SQL - 
    select
        r1_0.id,
        r1_0.descripcion,
        r1_0.nombre 
    from
        roles r1_0 
    where
        r1_0.id=?
2026-05-23 21:24:31 [STOQ] [http-nio-8080-exec-4] DEBUG org.hibernate.SQL - 
    select
        r1_0.id,
        r1_0.descripcion,
        r1_0.nombre 
    from
        roles r1_0 
    where
        r1_0.id=?
2026-05-23 21:24:31 [STOQ] [http-nio-8080-exec-5] DEBUG org.hibernate.SQL - 
    select
        r1_0.id,
        r1_0.descripcion,
        r1_0.nombre 
    from
        roles r1_0 
    where
        r1_0.id=?
2026-05-23 21:24:31 [STOQ] [http-nio-8080-exec-9] INFO  c.P.s.a.aspects.ApiLoggingAspect - [STOQ-MONITOR] OUT GET /api/categorias | status=OK | time=554 ms | endpoint=CategoriasController.obtenerCategorias()
2026-05-23 21:24:31 [STOQ] [http-nio-8080-exec-9] INFO  c.P.s.a.aspects.ApiLoggingAspect - [STOQ-MONITOR] ============================================================
2026-05-23 21:24:31 [STOQ] [http-nio-8080-exec-7] DEBUG org.hibernate.SQL - 
    select
        p1_0.id,
        p1_0.categoria_id,
        p1_0.codigo,
        p1_0.empresa,
        p1_0.estado,
        p1_0.fecha_actualizacion,
        p1_0.fecha_creacion,
        p1_0.nombre,
        p1_0.stock_actual,
        p1_0.stock_minimo,
        p1_0.ubicacion,
        p1_0.unidad_id 
    from
        productos p1_0
2026-05-23 21:24:31 [STOQ] [http-nio-8080-exec-4] DEBUG org.hibernate.SQL - 
    select
        p1_0.id,
        p1_0.categoria_id,
        p1_0.codigo,
        p1_0.empresa,
        p1_0.estado,
        p1_0.fecha_actualizacion,
        p1_0.fecha_creacion,
        p1_0.nombre,
        p1_0.stock_actual,
        p1_0.stock_minimo,
        p1_0.ubicacion,
        p1_0.unidad_id 
    from
        productos p1_0
2026-05-23 21:24:31 [STOQ] [http-nio-8080-exec-8] INFO  c.P.s.a.aspects.ApiLoggingAspect - [STOQ-MONITOR] OUT GET /api/unidades | status=OK | time=531 ms | endpoint=UnidadController.listado_unidades()
2026-05-23 21:24:31 [STOQ] [http-nio-8080-exec-8] INFO  c.P.s.a.aspects.ApiLoggingAspect - [STOQ-MONITOR] ============================================================
2026-05-23 21:24:31 [STOQ] [http-nio-8080-exec-5] DEBUG org.hibernate.SQL - 
    select
        p1_0.id,
        p1_0.categoria_id,
        p1_0.codigo,
        p1_0.empresa,
        p1_0.estado,
        p1_0.fecha_actualizacion,
        p1_0.fecha_creacion,
        p1_0.nombre,
        p1_0.stock_actual,
        p1_0.stock_minimo,
        p1_0.ubicacion,
        p1_0.unidad_id 
    from
        productos p1_0
2026-05-23 21:24:32 [STOQ] [http-nio-8080-exec-7] DEBUG org.hibernate.SQL - 
    select
        c1_0.id,
        c1_0.descripcion,
        c1_0.estado,
        c1_0.fecha_creacion,
        c1_0.nombre 
    from
        categorias c1_0 
    where
        c1_0.id=?
2026-05-23 21:24:32 [STOQ] [http-nio-8080-exec-5] DEBUG org.hibernate.SQL - 
    select
        c1_0.id,
        c1_0.descripcion,
        c1_0.estado,
        c1_0.fecha_creacion,
        c1_0.nombre 
    from
        categorias c1_0 
    where
        c1_0.id=?
2026-05-23 21:24:32 [STOQ] [http-nio-8080-exec-4] DEBUG org.hibernate.SQL - 
    select
        c1_0.id,
        c1_0.descripcion,
        c1_0.estado,
        c1_0.fecha_creacion,
        c1_0.nombre 
    from
        categorias c1_0 
    where
        c1_0.id=?
2026-05-23 21:24:32 [STOQ] [http-nio-8080-exec-7] DEBUG org.hibernate.SQL - 
    select
        u1_0.id,
        u1_0.abreviatura,
        u1_0.estado,
        u1_0.nombre 
    from
        unidades u1_0 
    where
        u1_0.id=?
2026-05-23 21:24:32 [STOQ] [http-nio-8080-exec-5] DEBUG org.hibernate.SQL - 
    select
        u1_0.id,
        u1_0.abreviatura,
        u1_0.estado,
        u1_0.nombre 
    from
        unidades u1_0 
    where
        u1_0.id=?
2026-05-23 21:24:32 [STOQ] [http-nio-8080-exec-7] DEBUG org.hibernate.SQL - 
    select
        u1_0.id,
        u1_0.abreviatura,
        u1_0.estado,
        u1_0.nombre 
    from
        unidades u1_0 
    where
        u1_0.id=?
2026-05-23 21:24:32 [STOQ] [http-nio-8080-exec-5] DEBUG org.hibernate.SQL - 
    select
        u1_0.id,
        u1_0.abreviatura,
        u1_0.estado,
        u1_0.nombre 
    from
        unidades u1_0 
    where
        u1_0.id=?
2026-05-23 21:24:32 [STOQ] [http-nio-8080-exec-4] DEBUG org.hibernate.SQL - 
    select
        u1_0.id,
        u1_0.abreviatura,
        u1_0.estado,
        u1_0.nombre 
    from
        unidades u1_0 
    where
        u1_0.id=?
2026-05-23 21:24:33 [STOQ] [http-nio-8080-exec-7] DEBUG org.hibernate.SQL - 
    select
        u1_0.id,
        u1_0.abreviatura,
        u1_0.estado,
        u1_0.nombre 
    from
        unidades u1_0 
    where
        u1_0.id=?
2026-05-23 21:24:33 [STOQ] [http-nio-8080-exec-5] DEBUG org.hibernate.SQL - 
    select
        u1_0.id,
        u1_0.abreviatura,
        u1_0.estado,
        u1_0.nombre 
    from
        unidades u1_0 
    where
        u1_0.id=?
2026-05-23 21:24:33 [STOQ] [http-nio-8080-exec-4] DEBUG org.hibernate.SQL - 
    select
        u1_0.id,
        u1_0.abreviatura,
        u1_0.estado,
        u1_0.nombre 
    from
        unidades u1_0 
    where
        u1_0.id=?
2026-05-23 21:24:33 [STOQ] [http-nio-8080-exec-7] DEBUG org.hibernate.SQL - 
    select
        c1_0.id,
        c1_0.descripcion,
        c1_0.estado,
        c1_0.fecha_creacion,
        c1_0.nombre 
    from
        categorias c1_0 
    where
        c1_0.id=?
2026-05-23 21:24:33 [STOQ] [http-nio-8080-exec-5] DEBUG org.hibernate.SQL - 
    select
        c1_0.id,
        c1_0.descripcion,
        c1_0.estado,
        c1_0.fecha_creacion,
        c1_0.nombre 
    from
        categorias c1_0 
    where
        c1_0.id=?
2026-05-23 21:24:33 [STOQ] [http-nio-8080-exec-4] DEBUG org.hibernate.SQL - 
    select
        u1_0.id,
        u1_0.abreviatura,
        u1_0.estado,
        u1_0.nombre 
    from
        unidades u1_0 
    where
        u1_0.id=?
2026-05-23 21:24:33 [STOQ] [http-nio-8080-exec-5] DEBUG org.hibernate.SQL - 
    select
        u1_0.id,
        u1_0.abreviatura,
        u1_0.estado,
        u1_0.nombre 
    from
        unidades u1_0 
    where
        u1_0.id=?
2026-05-23 21:24:33 [STOQ] [http-nio-8080-exec-4] DEBUG org.hibernate.SQL - 
    select
        c1_0.id,
        c1_0.descripcion,
        c1_0.estado,
        c1_0.fecha_creacion,
        c1_0.nombre 
    from
        categorias c1_0 
    where
        c1_0.id=?
2026-05-23 21:24:33 [STOQ] [http-nio-8080-exec-7] DEBUG org.hibernate.SQL - 
    select
        u1_0.id,
        u1_0.abreviatura,
        u1_0.estado,
        u1_0.nombre 
    from
        unidades u1_0 
    where
        u1_0.id=?
2026-05-23 21:24:33 [STOQ] [http-nio-8080-exec-4] DEBUG org.hibernate.SQL - 
    select
        u1_0.id,
        u1_0.abreviatura,
        u1_0.estado,
        u1_0.nombre 
    from
        unidades u1_0 
    where
        u1_0.id=?
2026-05-23 21:24:33 [STOQ] [http-nio-8080-exec-5] DEBUG org.hibernate.SQL - 
    select
        c1_0.id,
        c1_0.descripcion,
        c1_0.estado,
        c1_0.fecha_creacion,
        c1_0.nombre 
    from
        categorias c1_0 
    where
        c1_0.id=?
2026-05-23 21:24:33 [STOQ] [http-nio-8080-exec-7] DEBUG org.hibernate.SQL - 
    select
        c1_0.id,
        c1_0.descripcion,
        c1_0.estado,
        c1_0.fecha_creacion,
        c1_0.nombre 
    from
        categorias c1_0 
    where
        c1_0.id=?
2026-05-23 21:24:34 [STOQ] [http-nio-8080-exec-5] DEBUG org.hibernate.SQL - 
    select
        c1_0.id,
        c1_0.descripcion,
        c1_0.estado,
        c1_0.fecha_creacion,
        c1_0.nombre 
    from
        categorias c1_0 
    where
        c1_0.id=?
2026-05-23 21:24:34 [STOQ] [http-nio-8080-exec-4] DEBUG org.hibernate.SQL - 
    select
        c1_0.id,
        c1_0.descripcion,
        c1_0.estado,
        c1_0.fecha_creacion,
        c1_0.nombre 
    from
        categorias c1_0 
    where
        c1_0.id=?
2026-05-23 21:24:34 [STOQ] [http-nio-8080-exec-7] DEBUG org.hibernate.SQL - 
    select
        c1_0.id,
        c1_0.descripcion,
        c1_0.estado,
        c1_0.fecha_creacion,
        c1_0.nombre 
    from
        categorias c1_0 
    where
        c1_0.id=?
2026-05-23 21:24:34 [STOQ] [http-nio-8080-exec-4] DEBUG org.hibernate.SQL - 
    select
        c1_0.id,
        c1_0.descripcion,
        c1_0.estado,
        c1_0.fecha_creacion,
        c1_0.nombre 
    from
        categorias c1_0 
    where
        c1_0.id=?
2026-05-23 21:24:34 [STOQ] [http-nio-8080-exec-5] DEBUG org.hibernate.SQL - 
    select
        c1_0.id,
        c1_0.descripcion,
        c1_0.estado,
        c1_0.fecha_creacion,
        c1_0.nombre 
    from
        categorias c1_0 
    where
        c1_0.id=?
2026-05-23 21:24:34 [STOQ] [http-nio-8080-exec-7] DEBUG org.hibernate.SQL - 
    select
        c1_0.id,
        c1_0.descripcion,
        c1_0.estado,
        c1_0.fecha_creacion,
        c1_0.nombre 
    from
        categorias c1_0 
    where
        c1_0.id=?
2026-05-23 21:24:34 [STOQ] [http-nio-8080-exec-4] DEBUG org.hibernate.SQL - 
    select
        c1_0.id,
        c1_0.descripcion,
        c1_0.estado,
        c1_0.fecha_creacion,
        c1_0.nombre 
    from
        categorias c1_0 
    where
        c1_0.id=?
2026-05-23 21:24:35 [STOQ] [http-nio-8080-exec-5] INFO  c.P.s.a.aspects.ApiLoggingAspect - [STOQ-MONITOR] OUT GET /api/productos/criticos | status=OK | time=3645 ms | endpoint=ProductosController.obtenerProductosCriticos()
2026-05-23 21:24:35 [STOQ] [http-nio-8080-exec-5] INFO  c.P.s.a.aspects.ApiLoggingAspect - [STOQ-MONITOR] ============================================================
2026-05-23 21:24:35 [STOQ] [http-nio-8080-exec-7] DEBUG org.hibernate.SQL - 
    select
        a1_0.id,
        a1_0.fecha,
        a1_0.leida,
        a1_0.mensaje,
        a1_0.producto_id,
        p1_0.id,
        p1_0.categoria_id,
        c1_0.id,
        c1_0.descripcion,
        c1_0.estado,
        c1_0.fecha_creacion,
        c1_0.nombre,
        p1_0.codigo,
        p1_0.empresa,
        p1_0.estado,
        p1_0.fecha_actualizacion,
        p1_0.fecha_creacion,
        p1_0.nombre,
        p1_0.stock_actual,
        p1_0.stock_minimo,
        p1_0.ubicacion,
        p1_0.unidad_id,
        a1_0.tipo 
    from
        alertas a1_0 
    join
        productos p1_0 
            on p1_0.id=a1_0.producto_id 
    join
        categorias c1_0 
            on c1_0.id=p1_0.categoria_id
2026-05-23 21:24:35 [STOQ] [http-nio-8080-exec-4] INFO  c.P.s.a.aspects.ApiLoggingAspect - [STOQ-MONITOR] OUT GET /api/productos | status=OK | time=3940 ms | endpoint=ProductosController.obtenerProductos()
2026-05-23 21:24:35 [STOQ] [http-nio-8080-exec-4] INFO  c.P.s.a.aspects.ApiLoggingAspect - [STOQ-MONITOR] ============================================================
2026-05-23 21:24:35 [STOQ] [http-nio-8080-exec-7] DEBUG org.hibernate.SQL - 
    select
        a1_0.id,
        a1_0.fecha,
        a1_0.leida,
        a1_0.mensaje,
        a1_0.producto_id,
        p1_0.id,
        p1_0.categoria_id,
        c1_0.id,
        c1_0.descripcion,
        c1_0.estado,
        c1_0.fecha_creacion,
        c1_0.nombre,
        p1_0.codigo,
        p1_0.empresa,
        p1_0.estado,
        p1_0.fecha_actualizacion,
        p1_0.fecha_creacion,
        p1_0.nombre,
        p1_0.stock_actual,
        p1_0.stock_minimo,
        p1_0.ubicacion,
        p1_0.unidad_id,
        a1_0.tipo 
    from
        alertas a1_0 
    join
        productos p1_0 
            on p1_0.id=a1_0.producto_id 
    join
        categorias c1_0 
            on c1_0.id=p1_0.categoria_id
2026-05-23 21:24:36 [STOQ] [http-nio-8080-exec-7] INFO  c.P.s.a.aspects.ApiLoggingAspect - [STOQ-MONITOR] OUT GET /api/alertas/resumen | status=OK | time=4830 ms | endpoint=AlertaController.obtenerResumen()
2026-05-23 21:24:36 [STOQ] [http-nio-8080-exec-7] INFO  c.P.s.a.aspects.ApiLoggingAspect - [STOQ-MONITOR] ============================================================
2026-05-23 21:26:54 [STOQ] [http-nio-8080-exec-9] DEBUG o.s.security.web.FilterChainProxy - Securing OPTIONS /api/reportes/categorias?inicio=2026-04-24&fin=2026-05-23
2026-05-23 21:26:54 [STOQ] [http-nio-8080-exec-8] DEBUG o.s.security.web.FilterChainProxy - Securing GET /api/reportes/categorias?inicio=2026-04-24&fin=2026-05-23
2026-05-23 21:26:54 [STOQ] [http-nio-8080-exec-8] DEBUG org.hibernate.SQL - 
    select
        u1_0.id,
        u1_0.contrasena_hash,
        u1_0.correo,
        u1_0.empresa,
        u1_0.estado,
        u1_0.nombre,
        u1_0.rol_id 
    from
        usuarios u1_0 
    where
        u1_0.correo=?
2026-05-23 21:26:55 [STOQ] [http-nio-8080-exec-8] DEBUG org.hibernate.SQL - 
    select
        r1_0.id,
        r1_0.descripcion,
        r1_0.nombre 
    from
        roles r1_0 
    where
        r1_0.id=?
2026-05-23 21:26:55 [STOQ] [http-nio-8080-exec-8] INFO  c.Proyecto.stoq.security.JwtFilter - Authenticated request for email=testgerente@example.com role=GERENTE path=/api/reportes/categorias
2026-05-23 21:26:55 [STOQ] [http-nio-8080-exec-8] DEBUG o.s.security.web.FilterChainProxy - Secured GET /api/reportes/categorias?inicio=2026-04-24&fin=2026-05-23
2026-05-23 21:26:55 [STOQ] [http-nio-8080-exec-8] INFO  c.P.s.a.aspects.ApiLoggingAspect - [STOQ-MONITOR] ============================================================
2026-05-23 21:26:55 [STOQ] [http-nio-8080-exec-8] INFO  c.P.s.a.aspects.ApiLoggingAspect - [STOQ-MONITOR] IN  2026-05-23 21:26:55 | GET /api/reportes/categorias | user=testgerente@example.com | ip=0:0:0:0:0:0:0:1 | ua=Mozilla/5.0 (X11; Linux x86_64) AppleWebKit/537.36 (KHTML, like Gecko) Code/1.121.0 Chrome/142.0.7444.265 Electron/39.8.8 Safari/537.36
2026-05-23 21:26:55 [STOQ] [http-nio-8080-exec-8] DEBUG org.hibernate.SQL - 
    select
        u1_0.id,
        u1_0.contrasena_hash,
        u1_0.correo,
        u1_0.empresa,
        u1_0.estado,
        u1_0.nombre,
        u1_0.rol_id 
    from
        usuarios u1_0 
    where
        u1_0.correo=?
2026-05-23 21:26:55 [STOQ] [http-nio-8080-exec-8] DEBUG org.hibernate.SQL - 
    select
        r1_0.id,
        r1_0.descripcion,
        r1_0.nombre 
    from
        roles r1_0 
    where
        r1_0.id=?
2026-05-23 21:26:56 [STOQ] [http-nio-8080-exec-8] DEBUG org.hibernate.SQL - 
    select
        c1_0.id,
        c1_0.nombre,
        count(p1_0.id),
        coalesce(sum(coalesce(p1_0.stock_actual, 0)), cast(0 as bigint)),
        coalesce(sum(coalesce(p1_0.stock_minimo, 0)), cast(0 as bigint)),
        cast(0 as bigint),
        cast(0 as bigint),
        cast(0 as bigint),
        cast(0 as bigint),
        cast(0 as bigint),
        cast(0 as bigint) 
    from
        productos p1_0 
    join
        categorias c1_0 
            on c1_0.id=p1_0.categoria_id 
    where
        p1_0.empresa=? 
        and p1_0.estado=true 
    group by
        c1_0.id,
        c1_0.nombre 
    order by
        c1_0.nombre
2026-05-23 21:26:56 [STOQ] [http-nio-8080-exec-8] DEBUG org.hibernate.SQL - 
    select
        c1_0.id,
        c1_0.nombre,
        cast(0 as bigint),
        cast(0 as bigint),
        cast(0 as bigint),
        count(mi1_0.id),
        coalesce(sum(mi1_0.cantidad), cast(0 as bigint)),
        coalesce(sum(case 
            when upper(mi1_0.tipo_movimiento)='ENTRADA' 
                then 1 
            else 0 
    end), cast(0 as bigint)),
    coalesce(sum(case 
        when upper(mi1_0.tipo_movimiento)='SALIDA' 
            then 1 
        else 0 
end), cast(0 as bigint)),
coalesce(sum(case 
    when upper(mi1_0.tipo_movimiento)='ENTRADA' 
        then mi1_0.cantidad 
    else 0 
end), cast(0 as bigint)),
coalesce(sum(case 
    when upper(mi1_0.tipo_movimiento)='SALIDA' 
        then mi1_0.cantidad 
    else 0 
end), cast(0 as bigint)) 
from
    movimientos_inventario mi1_0 
join
    productos p1_0 
        on p1_0.id=mi1_0.producto_id 
join
    categorias c1_0 
        on c1_0.id=p1_0.categoria_id 
where
    p1_0.empresa=? 
    and mi1_0.fecha_movimiento between ? and ? 
group by
    c1_0.id,
    c1_0.nombre 
order by
    c1_0.nombre
2026-05-23 21:26:57 [STOQ] [http-nio-8080-exec-8] INFO  c.P.s.a.aspects.ApiLoggingAspect - [STOQ-MONITOR] OUT GET /api/reportes/categorias | status=OK | time=1578 ms | endpoint=ReportesController.obtenerReporteCategorias(..)
2026-05-23 21:26:57 [STOQ] [http-nio-8080-exec-8] INFO  c.P.s.a.aspects.ApiLoggingAspect - [STOQ-MONITOR] ============================================================
